timestamp,session_id,log_level,component,event_type,status,cpu_usage,memory_usage,disk_io,response_time,network_latency,error_count,risk_score,risk_level,primary_cause,prediction,actual_label
2026-03-14 19:50:33,unknown,,unknown,,,0.0,0.0,0.0,0.0,0.0,0.0,0.0000,LOW,Anomalous Pattern,NORMAL,NORMAL
2026-03-14 19:50:33,unknown,,unknown,,,0.0,0.0,0.0,0.0,0.0,0.0,0.0000,LOW,Anomalous Pattern,NORMAL,NORMAL
2026-03-14 19:50:34,unknown,,unknown,,,0.0,0.0,0.0,0.0,0.0,0.0,0.0000,LOW,Anomalous Pattern,NORMAL,NORMAL
2026-03-14 19:50:34,unknown,,unknown,,,0.0,0.0,0.0,0.0,0.0,0.0,0.0000,LOW,Anomalous Pattern,NORMAL,NORMAL
2026-03-14 19:50:34,unknown,,unknown,,,0.0,0.0,0.0,0.0,0.0,0.0,0.0000,LOW,Anomalous Pattern,NORMAL,NORMAL
2026-03-14 19:50:34,unknown,,unknown,,,0.0,0.0,0.0,0.0,0.0,0.0,0.0000,LOW,Anomalous Pattern,NORMAL,NORMAL
2026-03-14 19:50:35,unknown,,unknown,,,0.0,0.0,0.0,0.0,0.0,0.0,0.0000,LOW,Anomalous Pattern,NORMAL,NORMAL
2026-03-14 19:50:35,unknown,,unknown,,,0.0,0.0,0.0,0.0,0.0,0.0,0.0000,LOW,Anomalous Pattern,NORMAL,NORMAL
2026-03-14 19:50:35,unknown,,unknown,,,0.0,0.0,0.0,0.0,0.0,0.0,0.0000,LOW,Anomalous Pattern,NORMAL,NORMAL
2026-03-14 19:50:36,unknown,,unknown,,,0.0,0.0,0.0,0.0,0.0,0.0,0.0000,LOW,Anomalous Pattern,NORMAL,NORMAL
2026-03-14 19:50:36,unknown,,unknown,,,0.0,0.0,0.0,0.0,0.0,0.0,0.0000,LOW,Anomalous Pattern,NORMAL,NORMAL
2026-03-14 19:50:36,unknown,,unknown,,,0.0,0.0,0.0,0.0,0.0,0.0,0.0000,LOW,Anomalous Pattern,NORMAL,NORMAL
2026-03-14 19:50:36,unknown,,unknown,,,0.0,0.0,0.0,0.0,0.0,0.0,0.0000,LOW,Anomalous Pattern,NORMAL,NORMAL
2026-03-14 19:50:36,unknown,,unknown,,,0.0,0.0,0.0,0.0,0.0,0.0,0.0000,LOW,Anomalous Pattern,NORMAL,NORMAL
2026-03-14 19:50:37,unknown,,unknown,,,0.0,0.0,0.0,0.0,0.0,0.0,0.0000,LOW,Anomalous Pattern,NORMAL,NORMAL
2026-03-14 19:50:37,unknown,,unknown,,,0.0,0.0,0.0,0.0,0.0,0.0,0.0000,LOW,Anomalous Pattern,NORMAL,NORMAL
2026-03-14 19:50:37,unknown,,unknown,,,0.0,0.0,0.0,0.0,0.0,0.0,0.0000,LOW,Anomalous Pattern,NORMAL,NORMAL
2026-03-14 19:50:37,unknown,,unknown,,,0.0,0.0,0.0,0.0,0.0,0.0,0.0000,LOW,Anomalous Pattern,NORMAL,NORMAL
2026-03-14 19:50:37,unknown,,unknown,,,0.0,0.0,0.0,0.0,0.0,0.0,0.0000,LOW,Anomalous Pattern,NORMAL,NORMAL
2026-03-14 19:50:38,unknown,,unknown,,,0.0,0.0,0.0,0.0,0.0,0.0,0.0000,LOW,Anomalous Pattern,NORMAL,NORMAL
2026-03-14 19:50:38,unknown,,unknown,,,0.0,0.0,0.0,0.0,0.0,0.0,0.0000,LOW,Anomalous Pattern,NORMAL,NORMAL
2026-03-14 19:50:38,unknown,,unknown,,,0.0,0.0,0.0,0.0,0.0,0.0,0.0000,LOW,Anomalous Pattern,NORMAL,NORMAL
2026-03-14 19:50:38,unknown,,unknown,,,0.0,0.0,0.0,0.0,0.0,0.0,0.0000,LOW,Anomalous Pattern,NORMAL,NORMAL
2026-03-14 19:50:38,unknown,,unknown,,,0.0,0.0,0.0,0.0,0.0,0.0,0.0000,LOW,Anomalous Pattern,NORMAL,NORMAL
2026-03-14 19:50:38,unknown,,unknown,,,0.0,0.0,0.0,0.0,0.0,0.0,0.0000,LOW,Anomalous Pattern,NORMAL,NORMAL
2026-03-14 19:50:39,unknown,,unknown,,,0.0,0.0,0.0,0.0,0.0,0.0,0.0000,LOW,Anomalous Pattern,NORMAL,NORMAL
2026-03-14 19:50:39,unknown,,unknown,,,0.0,0.0,0.0,0.0,0.0,0.0,0.0000,LOW,Anomalous Pattern,NORMAL,NORMAL
2026-03-14 19:50:39,unknown,,unknown,,,0.0,0.0,0.0,0.0,0.0,0.0,0.0000,LOW,Anomalous Pattern,NORMAL,NORMAL
2026-03-14 19:50:39,unknown,,unknown,,,0.0,0.0,0.0,0.0,0.0,0.0,0.0000,LOW,Anomalous Pattern,NORMAL,NORMAL
2026-03-14 19:50:40,unknown,,unknown,,,0.0,0.0,0.0,0.0,0.0,0.0,0.0000,LOW,Anomalous Pattern,NORMAL,NORMAL
2026-03-14 19:50:40,unknown,,unknown,,,0.0,0.0,0.0,0.0,0.0,0.0,0.0000,LOW,Anomalous Pattern,NORMAL,NORMAL
2026-03-14 19:50:40,unknown,,unknown,,,0.0,0.0,0.0,0.0,0.0,0.0,0.0000,LOW,Anomalous Pattern,NORMAL,NORMAL
2026-03-14 19:50:40,unknown,,unknown,,,0.0,0.0,0.0,0.0,0.0,0.0,0.0000,LOW,Anomalous Pattern,NORMAL,NORMAL
2026-03-14 19:50:40,unknown,,unknown,,,0.0,0.0,0.0,0.0,0.0,0.0,0.0000,LOW,Anomalous Pattern,NORMAL,NORMAL
2026-03-14 19:50:41,unknown,,unknown,,,0.0,0.0,0.0,0.0,0.0,0.0,0.0000,LOW,Anomalous Pattern,NORMAL,NORMAL
2026-03-14 19:50:41,unknown,,unknown,,,0.0,0.0,0.0,0.0,0.0,0.0,0.0000,LOW,Anomalous Pattern,NORMAL,NORMAL
2026-03-14 19:50:41,unknown,,unknown,,,0.0,0.0,0.0,0.0,0.0,0.0,0.0000,LOW,Anomalous Pattern,NORMAL,NORMAL
2026-03-14 19:50:41,unknown,,unknown,,,0.0,0.0,0.0,0.0,0.0,0.0,0.0000,LOW,Anomalous Pattern,NORMAL,NORMAL
2026-03-14 19:50:41,unknown,,unknown,,,0.0,0.0,0.0,0.0,0.0,0.0,0.0000,LOW,Anomalous Pattern,NORMAL,NORMAL
2026-03-14 19:50:42,unknown,,unknown,,,0.0,0.0,0.0,0.0,0.0,0.0,0.0000,LOW,Anomalous Pattern,NORMAL,NORMAL
2026-03-14 19:50:42,unknown,,unknown,,,0.0,0.0,0.0,0.0,0.0,0.0,0.0000,LOW,Anomalous Pattern,NORMAL,NORMAL
2026-03-14 19:50:42,unknown,,unknown,,,0.0,0.0,0.0,0.0,0.0,0.0,0.0000,LOW,Anomalous Pattern,NORMAL,NORMAL
2026-03-14 19:50:42,unknown,,unknown,,,0.0,0.0,0.0,0.0,0.0,0.0,0.0000,LOW,Anomalous Pattern,NORMAL,NORMAL
2026-03-14 19:50:43,unknown,,unknown,,,0.0,0.0,0.0,0.0,0.0,0.0,0.0000,LOW,Anomalous Pattern,NORMAL,NORMAL
2026-03-14 19:50:43,unknown,,unknown,,,0.0,0.0,0.0,0.0,0.0,0.0,0.0000,LOW,Anomalous Pattern,NORMAL,NORMAL
2026-03-14 19:50:43,unknown,,unknown,,,0.0,0.0,0.0,0.0,0.0,0.0,0.0000,LOW,Anomalous Pattern,NORMAL,NORMAL
2026-03-14 19:50:43,unknown,,unknown,,,0.0,0.0,0.0,0.0,0.0,0.0,0.0000,LOW,Anomalous Pattern,NORMAL,NORMAL
2026-03-14 19:50:44,unknown,,unknown,,,0.0,0.0,0.0,0.0,0.0,0.0,0.0000,LOW,Anomalous Pattern,NORMAL,NORMAL
2026-03-14 19:50:44,unknown,,unknown,,,0.0,0.0,0.0,0.0,0.0,0.0,0.0000,LOW,Anomalous Pattern,NORMAL,NORMAL
2026-03-14 19:50:44,unknown,,unknown,,,0.0,0.0,0.0,0.0,0.0,0.0,0.0000,LOW,Anomalous Pattern,NORMAL,NORMAL
2026-03-14 19:50:44,unknown,,unknown,,,0.0,0.0,0.0,0.0,0.0,0.0,0.0000,LOW,Anomalous Pattern,NORMAL,NORMAL
2026-03-14 19:50:44,unknown,,unknown,,,0.0,0.0,0.0,0.0,0.0,0.0,0.0000,LOW,Anomalous Pattern,NORMAL,NORMAL
2026-03-14 19:50:45,unknown,,unknown,,,0.0,0.0,0.0,0.0,0.0,0.0,0.0000,LOW,Anomalous Pattern,NORMAL,NORMAL
2026-03-14 19:50:45,unknown,,unknown,,,0.0,0.0,0.0,0.0,0.0,0.0,0.0000,LOW,Anomalous Pattern,NORMAL,NORMAL
2026-03-14 19:50:45,unknown,,unknown,,,0.0,0.0,0.0,0.0,0.0,0.0,0.0000,LOW,Anomalous Pattern,NORMAL,NORMAL
2026-03-14 19:50:45,unknown,,unknown,,,0.0,0.0,0.0,0.0,0.0,0.0,0.0000,LOW,Anomalous Pattern,NORMAL,NORMAL
2026-03-14 19:50:45,unknown,,unknown,,,0.0,0.0,0.0,0.0,0.0,0.0,0.0000,LOW,Anomalous Pattern,NORMAL,NORMAL
2026-03-14 19:50:46,unknown,,unknown,,,0.0,0.0,0.0,0.0,0.0,0.0,0.0000,LOW,Anomalous Pattern,NORMAL,NORMAL
2026-03-14 19:50:46,unknown,,unknown,,,0.0,0.0,0.0,0.0,0.0,0.0,0.0000,LOW,Anomalous Pattern,NORMAL,NORMAL
2026-03-14 19:50:46,unknown,,unknown,,,0.0,0.0,0.0,0.0,0.0,0.0,0.0000,LOW,Anomalous Pattern,NORMAL,NORMAL
2026-03-14 19:50:46,unknown,,unknown,,,0.0,0.0,0.0,0.0,0.0,0.0,0.0000,LOW,Anomalous Pattern,NORMAL,NORMAL
2026-03-14 19:50:46,unknown,,unknown,,,0.0,0.0,0.0,0.0,0.0,0.0,0.0000,LOW,Anomalous Pattern,NORMAL,NORMAL
2026-03-14 19:50:47,unknown,,unknown,,,0.0,0.0,0.0,0.0,0.0,0.0,0.0000,LOW,Anomalous Pattern,NORMAL,NORMAL
2026-03-14 19:50:47,unknown,,unknown,,,0.0,0.0,0.0,0.0,0.0,0.0,0.0000,LOW,Anomalous Pattern,NORMAL,NORMAL
2026-03-14 19:50:47,unknown,,unknown,,,0.0,0.0,0.0,0.0,0.0,0.0,0.0000,LOW,Anomalous Pattern,NORMAL,NORMAL
2026-03-14 19:50:48,unknown,,unknown,,,0.0,0.0,0.0,0.0,0.0,0.0,0.0000,LOW,Anomalous Pattern,NORMAL,NORMAL
2026-03-14 19:50:48,unknown,,unknown,,,0.0,0.0,0.0,0.0,0.0,0.0,0.0000,LOW,Anomalous Pattern,NORMAL,NORMAL
2026-03-14 19:50:48,unknown,,unknown,,,0.0,0.0,0.0,0.0,0.0,0.0,0.0000,LOW,Anomalous Pattern,NORMAL,NORMAL
2026-03-14 19:50:48,unknown,,unknown,,,0.0,0.0,0.0,0.0,0.0,0.0,0.0000,LOW,Anomalous Pattern,NORMAL,NORMAL
2026-03-14 19:50:48,unknown,,unknown,,,0.0,0.0,0.0,0.0,0.0,0.0,0.0000,LOW,Anomalous Pattern,NORMAL,NORMAL
2026-03-14 19:50:48,unknown,,unknown,,,0.0,0.0,0.0,0.0,0.0,0.0,0.0000,LOW,Anomalous Pattern,NORMAL,NORMAL
2026-03-14 19:50:49,unknown,,unknown,,,0.0,0.0,0.0,0.0,0.0,0.0,0.0000,LOW,Anomalous Pattern,NORMAL,NORMAL
2026-03-14 19:50:49,unknown,,unknown,,,0.0,0.0,0.0,0.0,0.0,0.0,0.0000,LOW,Anomalous Pattern,NORMAL,NORMAL
2026-03-14 19:50:49,unknown,,unknown,,,0.0,0.0,0.0,0.0,0.0,0.0,0.0000,LOW,Anomalous Pattern,NORMAL,NORMAL
2026-03-14 19:50:49,unknown,,unknown,,,0.0,0.0,0.0,0.0,0.0,0.0,0.0000,LOW,Anomalous Pattern,NORMAL,NORMAL
2026-03-14 19:50:49,unknown,,unknown,,,0.0,0.0,0.0,0.0,0.0,0.0,0.0000,LOW,Anomalous Pattern,NORMAL,NORMAL
2026-03-14 19:50:50,unknown,,unknown,,,0.0,0.0,0.0,0.0,0.0,0.0,0.0000,LOW,Anomalous Pattern,NORMAL,NORMAL
2026-03-14 19:50:50,unknown,,unknown,,,0.0,0.0,0.0,0.0,0.0,0.0,0.0000,LOW,Anomalous Pattern,NORMAL,NORMAL
2026-03-14 19:50:50,unknown,,unknown,,,0.0,0.0,0.0,0.0,0.0,0.0,0.0000,LOW,Anomalous Pattern,NORMAL,NORMAL
2026-03-14 19:50:50,unknown,,unknown,,,0.0,0.0,0.0,0.0,0.0,0.0,0.0000,LOW,Anomalous Pattern,NORMAL,NORMAL
2026-03-14 19:50:50,unknown,,unknown,,,0.0,0.0,0.0,0.0,0.0,0.0,0.0000,LOW,Anomalous Pattern,NORMAL,NORMAL
2026-03-14 19:50:50,unknown,,unknown,,,0.0,0.0,0.0,0.0,0.0,0.0,0.0000,LOW,Anomalous Pattern,NORMAL,NORMAL
2026-03-14 19:50:51,unknown,,unknown,,,0.0,0.0,0.0,0.0,0.0,0.0,0.0000,LOW,Anomalous Pattern,NORMAL,NORMAL
2026-03-14 19:50:51,unknown,,unknown,,,0.0,0.0,0.0,0.0,0.0,0.0,0.0000,LOW,Anomalous Pattern,NORMAL,NORMAL
2026-03-14 19:50:51,unknown,,unknown,,,0.0,0.0,0.0,0.0,0.0,0.0,0.0000,LOW,Anomalous Pattern,NORMAL,NORMAL
2026-03-14 19:50:51,unknown,,unknown,,,0.0,0.0,0.0,0.0,0.0,0.0,0.0000,LOW,Anomalous Pattern,NORMAL,NORMAL
2026-03-14 19:50:51,unknown,,unknown,,,0.0,0.0,0.0,0.0,0.0,0.0,0.0000,LOW,Anomalous Pattern,NORMAL,NORMAL
2026-03-14 19:50:51,unknown,,unknown,,,0.0,0.0,0.0,0.0,0.0,0.0,0.0000,LOW,Anomalous Pattern,NORMAL,NORMAL
2026-03-14 19:50:52,unknown,,unknown,,,0.0,0.0,0.0,0.0,0.0,0.0,0.0000,LOW,Anomalous Pattern,NORMAL,NORMAL
2026-03-14 19:50:52,unknown,,unknown,,,0.0,0.0,0.0,0.0,0.0,0.0,0.0000,LOW,Anomalous Pattern,NORMAL,NORMAL
2026-03-14 19:50:52,unknown,,unknown,,,0.0,0.0,0.0,0.0,0.0,0.0,0.0000,LOW,Anomalous Pattern,NORMAL,NORMAL
2026-03-14 19:50:52,unknown,,unknown,,,0.0,0.0,0.0,0.0,0.0,0.0,0.0000,LOW,Anomalous Pattern,NORMAL,NORMAL
2026-03-14 19:50:52,unknown,,unknown,,,0.0,0.0,0.0,0.0,0.0,0.0,0.0000,LOW,Anomalous Pattern,NORMAL,NORMAL
2026-03-14 19:50:52,unknown,,unknown,,,0.0,0.0,0.0,0.0,0.0,0.0,0.0000,LOW,Anomalous Pattern,NORMAL,NORMAL
2026-03-14 19:50:52,unknown,,unknown,,,0.0,0.0,0.0,0.0,0.0,0.0,0.0000,LOW,Anomalous Pattern,NORMAL,NORMAL
2026-03-14 19:50:53,unknown,,unknown,,,0.0,0.0,0.0,0.0,0.0,0.0,0.0000,LOW,Anomalous Pattern,NORMAL,NORMAL
2026-03-14 19:50:53,unknown,,unknown,,,0.0,0.0,0.0,0.0,0.0,0.0,0.0000,LOW,Anomalous Pattern,NORMAL,NORMAL
2026-03-14 19:50:53,unknown,,unknown,,,0.0,0.0,0.0,0.0,0.0,0.0,0.0000,LOW,Anomalous Pattern,NORMAL,NORMAL
2026-03-14 19:50:53,unknown,,unknown,,,0.0,0.0,0.0,0.0,0.0,0.0,0.0000,LOW,Anomalous Pattern,NORMAL,NORMAL
2026-03-14 19:50:53,unknown,,unknown,,,0.0,0.0,0.0,0.0,0.0,0.0,0.0000,LOW,Anomalous Pattern,NORMAL,NORMAL
2026-03-14 19:50:53,unknown,,unknown,,,0.0,0.0,0.0,0.0,0.0,0.0,0.0000,LOW,Anomalous Pattern,NORMAL,NORMAL
2026-03-14 19:50:54,unknown,,unknown,,,0.0,0.0,0.0,0.0,0.0,0.0,0.0000,LOW,Anomalous Pattern,NORMAL,NORMAL
2026-03-14 19:50:54,unknown,,unknown,,,0.0,0.0,0.0,0.0,0.0,0.0,0.0000,LOW,Anomalous Pattern,NORMAL,NORMAL
2026-03-14 19:50:54,unknown,,unknown,,,0.0,0.0,0.0,0.0,0.0,0.0,0.0000,LOW,Anomalous Pattern,NORMAL,NORMAL
2026-03-14 19:50:54,unknown,,unknown,,,0.0,0.0,0.0,0.0,0.0,0.0,0.0000,LOW,Anomalous Pattern,NORMAL,NORMAL
2026-03-14 19:50:54,unknown,,unknown,,,0.0,0.0,0.0,0.0,0.0,0.0,0.0000,LOW,Anomalous Pattern,NORMAL,NORMAL
2026-03-14 19:50:54,unknown,,unknown,,,0.0,0.0,0.0,0.0,0.0,0.0,0.0000,LOW,Anomalous Pattern,NORMAL,NORMAL
2026-03-14 19:50:54,unknown,,unknown,,,0.0,0.0,0.0,0.0,0.0,0.0,0.0000,LOW,Anomalous Pattern,NORMAL,NORMAL
2026-03-14 19:50:55,unknown,,unknown,,,0.0,0.0,0.0,0.0,0.0,0.0,0.0000,LOW,Anomalous Pattern,NORMAL,NORMAL
2026-03-14 19:50:55,unknown,,unknown,,,0.0,0.0,0.0,0.0,0.0,0.0,0.0000,LOW,Anomalous Pattern,NORMAL,NORMAL
2026-03-14 19:50:55,unknown,,unknown,,,0.0,0.0,0.0,0.0,0.0,0.0,0.0000,LOW,Anomalous Pattern,NORMAL,NORMAL
2026-03-14 19:50:55,unknown,,unknown,,,0.0,0.0,0.0,0.0,0.0,0.0,0.0000,LOW,Anomalous Pattern,NORMAL,NORMAL
2026-03-14 19:50:55,unknown,,unknown,,,0.0,0.0,0.0,0.0,0.0,0.0,0.0000,LOW,Anomalous Pattern,NORMAL,NORMAL
2026-03-14 19:50:55,unknown,,unknown,,,0.0,0.0,0.0,0.0,0.0,0.0,0.0000,LOW,Anomalous Pattern,NORMAL,NORMAL
2026-03-14 19:50:56,unknown,,unknown,,,0.0,0.0,0.0,0.0,0.0,0.0,0.0000,LOW,Anomalous Pattern,NORMAL,NORMAL
2026-03-14 19:50:56,unknown,,unknown,,,0.0,0.0,0.0,0.0,0.0,0.0,0.0000,LOW,Anomalous Pattern,NORMAL,NORMAL
2026-03-14 19:50:56,unknown,,unknown,,,0.0,0.0,0.0,0.0,0.0,0.0,0.0000,LOW,Anomalous Pattern,NORMAL,NORMAL
2026-03-14 19:50:56,unknown,,unknown,,,0.0,0.0,0.0,0.0,0.0,0.0,0.0000,LOW,Anomalous Pattern,NORMAL,NORMAL
2026-03-14 19:50:56,unknown,,unknown,,,0.0,0.0,0.0,0.0,0.0,0.0,0.0000,LOW,Anomalous Pattern,NORMAL,NORMAL
2026-03-14 19:50:56,unknown,,unknown,,,0.0,0.0,0.0,0.0,0.0,0.0,0.0000,LOW,Anomalous Pattern,NORMAL,NORMAL
2026-03-14 19:50:57,unknown,,unknown,,,0.0,0.0,0.0,0.0,0.0,0.0,0.0000,LOW,Anomalous Pattern,NORMAL,NORMAL
2026-03-14 19:50:57,unknown,,unknown,,,0.0,0.0,0.0,0.0,0.0,0.0,0.0000,LOW,Anomalous Pattern,NORMAL,NORMAL
2026-03-14 19:50:57,unknown,,unknown,,,0.0,0.0,0.0,0.0,0.0,0.0,0.0000,LOW,Anomalous Pattern,NORMAL,NORMAL
2026-03-14 19:50:57,unknown,,unknown,,,0.0,0.0,0.0,0.0,0.0,0.0,0.0000,LOW,Anomalous Pattern,NORMAL,NORMAL
2026-03-14 19:50:57,unknown,,unknown,,,0.0,0.0,0.0,0.0,0.0,0.0,0.0000,LOW,Anomalous Pattern,NORMAL,NORMAL
2026-03-14 19:50:57,unknown,,unknown,,,0.0,0.0,0.0,0.0,0.0,0.0,0.0000,LOW,Anomalous Pattern,NORMAL,NORMAL
2026-03-14 19:50:58,unknown,,unknown,,,0.0,0.0,0.0,0.0,0.0,0.0,0.0000,LOW,Anomalous Pattern,NORMAL,NORMAL
2026-03-14 19:50:58,unknown,,unknown,,,0.0,0.0,0.0,0.0,0.0,0.0,0.0000,LOW,Anomalous Pattern,NORMAL,NORMAL
2026-03-14 19:50:58,unknown,,unknown,,,0.0,0.0,0.0,0.0,0.0,0.0,0.0000,LOW,Anomalous Pattern,NORMAL,NORMAL
2026-03-14 19:50:58,unknown,,unknown,,,0.0,0.0,0.0,0.0,0.0,0.0,0.0000,LOW,Anomalous Pattern,NORMAL,NORMAL
2026-03-14 19:50:58,unknown,,unknown,,,0.0,0.0,0.0,0.0,0.0,0.0,0.0000,LOW,Anomalous Pattern,NORMAL,NORMAL
2026-03-14 19:50:58,unknown,,unknown,,,0.0,0.0,0.0,0.0,0.0,0.0,0.0000,LOW,Anomalous Pattern,NORMAL,NORMAL
2026-03-14 19:50:59,unknown,,unknown,,,0.0,0.0,0.0,0.0,0.0,0.0,0.0000,LOW,Anomalous Pattern,NORMAL,NORMAL
2026-03-14 19:50:59,unknown,,unknown,,,0.0,0.0,0.0,0.0,0.0,0.0,0.0000,LOW,Anomalous Pattern,NORMAL,NORMAL
2026-03-14 19:50:59,unknown,,unknown,,,0.0,0.0,0.0,0.0,0.0,0.0,0.0000,LOW,Anomalous Pattern,NORMAL,NORMAL
2026-03-14 19:50:59,unknown,,unknown,,,0.0,0.0,0.0,0.0,0.0,0.0,0.0000,LOW,Anomalous Pattern,NORMAL,NORMAL
2026-03-14 19:50:59,unknown,,unknown,,,0.0,0.0,0.0,0.0,0.0,0.0,0.0000,LOW,Anomalous Pattern,NORMAL,NORMAL
2026-03-14 19:50:59,unknown,,unknown,,,0.0,0.0,0.0,0.0,0.0,0.0,0.0000,LOW,Anomalous Pattern,NORMAL,NORMAL
2026-03-14 19:51:00,unknown,,unknown,,,0.0,0.0,0.0,0.0,0.0,0.0,0.0000,LOW,Anomalous Pattern,NORMAL,NORMAL
2026-03-14 19:51:00,unknown,,unknown,,,0.0,0.0,0.0,0.0,0.0,0.0,0.0000,LOW,Anomalous Pattern,NORMAL,NORMAL
2026-03-14 19:51:00,unknown,,unknown,,,0.0,0.0,0.0,0.0,0.0,0.0,0.0000,LOW,Anomalous Pattern,NORMAL,NORMAL
2026-03-14 19:51:00,unknown,,unknown,,,0.0,0.0,0.0,0.0,0.0,0.0,0.0000,LOW,Anomalous Pattern,NORMAL,NORMAL
2026-03-14 19:51:00,unknown,,unknown,,,0.0,0.0,0.0,0.0,0.0,0.0,0.0000,LOW,Anomalous Pattern,NORMAL,NORMAL
2026-03-14 19:51:00,unknown,,unknown,,,0.0,0.0,0.0,0.0,0.0,0.0,0.0000,LOW,Anomalous Pattern,NORMAL,NORMAL
2026-03-14 19:51:01,unknown,,unknown,,,0.0,0.0,0.0,0.0,0.0,0.0,0.0000,LOW,Anomalous Pattern,NORMAL,NORMAL
2026-03-14 19:51:01,unknown,,unknown,,,0.0,0.0,0.0,0.0,0.0,0.0,0.0000,LOW,Anomalous Pattern,NORMAL,NORMAL
2026-03-14 19:51:01,unknown,,unknown,,,0.0,0.0,0.0,0.0,0.0,0.0,0.0000,LOW,Anomalous Pattern,NORMAL,NORMAL
2026-03-14 19:51:01,unknown,,unknown,,,0.0,0.0,0.0,0.0,0.0,0.0,0.0000,LOW,Anomalous Pattern,NORMAL,NORMAL
2026-03-14 19:51:01,unknown,,unknown,,,0.0,0.0,0.0,0.0,0.0,0.0,0.0000,LOW,Anomalous Pattern,NORMAL,NORMAL
2026-03-14 19:51:02,unknown,,unknown,,,0.0,0.0,0.0,0.0,0.0,0.0,0.0000,LOW,Anomalous Pattern,NORMAL,NORMAL
2026-03-14 19:51:02,unknown,,unknown,,,0.0,0.0,0.0,0.0,0.0,0.0,0.0000,LOW,Anomalous Pattern,NORMAL,NORMAL
2026-03-14 19:51:02,unknown,,unknown,,,0.0,0.0,0.0,0.0,0.0,0.0,0.0000,LOW,Anomalous Pattern,NORMAL,NORMAL
2026-03-14 19:51:02,unknown,,unknown,,,0.0,0.0,0.0,0.0,0.0,0.0,0.0000,LOW,Anomalous Pattern,NORMAL,NORMAL
2026-03-14 19:51:02,unknown,,unknown,,,0.0,0.0,0.0,0.0,0.0,0.0,0.0000,LOW,Anomalous Pattern,NORMAL,NORMAL
2026-03-14 19:51:02,unknown,,unknown,,,0.0,0.0,0.0,0.0,0.0,0.0,0.0000,LOW,Anomalous Pattern,NORMAL,NORMAL
2026-03-14 19:51:03,unknown,,unknown,,,0.0,0.0,0.0,0.0,0.0,0.0,0.0000,LOW,Anomalous Pattern,NORMAL,NORMAL
2026-03-14 19:51:03,unknown,,unknown,,,0.0,0.0,0.0,0.0,0.0,0.0,0.0000,LOW,Anomalous Pattern,NORMAL,NORMAL
2026-03-14 19:51:03,unknown,,unknown,,,0.0,0.0,0.0,0.0,0.0,0.0,0.0000,LOW,Anomalous Pattern,NORMAL,NORMAL
2026-03-14 19:51:03,unknown,,unknown,,,0.0,0.0,0.0,0.0,0.0,0.0,0.0000,LOW,Anomalous Pattern,NORMAL,NORMAL
2026-03-14 19:51:03,unknown,,unknown,,,0.0,0.0,0.0,0.0,0.0,0.0,0.0000,LOW,Anomalous Pattern,NORMAL,NORMAL
2026-03-14 19:51:03,unknown,,unknown,,,0.0,0.0,0.0,0.0,0.0,0.0,0.0000,LOW,Anomalous Pattern,NORMAL,NORMAL
2026-03-14 19:51:04,unknown,,unknown,,,0.0,0.0,0.0,0.0,0.0,0.0,0.0000,LOW,Anomalous Pattern,NORMAL,NORMAL
2026-03-14 19:51:04,unknown,,unknown,,,0.0,0.0,0.0,0.0,0.0,0.0,0.0000,LOW,Anomalous Pattern,NORMAL,NORMAL
2026-03-14 19:51:04,unknown,,unknown,,,0.0,0.0,0.0,0.0,0.0,0.0,0.0000,LOW,Anomalous Pattern,NORMAL,NORMAL
2026-03-14 19:51:04,unknown,,unknown,,,0.0,0.0,0.0,0.0,0.0,0.0,0.0000,LOW,Anomalous Pattern,NORMAL,NORMAL
2026-03-14 19:51:04,unknown,,unknown,,,0.0,0.0,0.0,0.0,0.0,0.0,0.0000,LOW,Anomalous Pattern,NORMAL,NORMAL
2026-03-14 19:51:04,unknown,,unknown,,,0.0,0.0,0.0,0.0,0.0,0.0,0.0000,LOW,Anomalous Pattern,NORMAL,NORMAL
2026-03-14 19:51:05,unknown,,unknown,,,0.0,0.0,0.0,0.0,0.0,0.0,0.0000,LOW,Anomalous Pattern,NORMAL,NORMAL
2026-03-14 19:51:05,unknown,,unknown,,,0.0,0.0,0.0,0.0,0.0,0.0,0.0000,LOW,Anomalous Pattern,NORMAL,NORMAL
2026-03-14 19:51:05,unknown,,unknown,,,0.0,0.0,0.0,0.0,0.0,0.0,0.0000,LOW,Anomalous Pattern,NORMAL,NORMAL
2026-03-14 19:51:05,unknown,,unknown,,,0.0,0.0,0.0,0.0,0.0,0.0,0.0000,LOW,Anomalous Pattern,NORMAL,NORMAL
2026-03-14 19:51:05,unknown,,unknown,,,0.0,0.0,0.0,0.0,0.0,0.0,0.0000,LOW,Anomalous Pattern,NORMAL,NORMAL
2026-03-14 19:51:05,unknown,,unknown,,,0.0,0.0,0.0,0.0,0.0,0.0,0.0000,LOW,Anomalous Pattern,NORMAL,NORMAL
2026-03-14 19:51:06,unknown,,unknown,,,0.0,0.0,0.0,0.0,0.0,0.0,0.0000,LOW,Anomalous Pattern,NORMAL,NORMAL
2026-03-14 19:51:06,unknown,,unknown,,,0.0,0.0,0.0,0.0,0.0,0.0,0.0000,LOW,Anomalous Pattern,NORMAL,NORMAL
2026-03-14 19:51:06,unknown,,unknown,,,0.0,0.0,0.0,0.0,0.0,0.0,0.0000,LOW,Anomalous Pattern,NORMAL,NORMAL
2026-03-14 19:51:06,unknown,,unknown,,,0.0,0.0,0.0,0.0,0.0,0.0,0.0000,LOW,Anomalous Pattern,NORMAL,NORMAL
2026-03-14 19:51:06,unknown,,unknown,,,0.0,0.0,0.0,0.0,0.0,0.0,0.0000,LOW,Anomalous Pattern,NORMAL,NORMAL
2026-03-14 19:51:07,unknown,,unknown,,,0.0,0.0,0.0,0.0,0.0,0.0,0.0000,LOW,Anomalous Pattern,NORMAL,NORMAL
2026-03-14 19:51:07,unknown,,unknown,,,0.0,0.0,0.0,0.0,0.0,0.0,0.0000,LOW,Anomalous Pattern,NORMAL,NORMAL
2026-03-14 19:51:07,unknown,,unknown,,,0.0,0.0,0.0,0.0,0.0,0.0,0.0000,LOW,Anomalous Pattern,NORMAL,NORMAL
2026-03-14 19:51:07,unknown,,unknown,,,0.0,0.0,0.0,0.0,0.0,0.0,0.0000,LOW,Anomalous Pattern,NORMAL,NORMAL
2026-03-14 19:51:07,unknown,,unknown,,,0.0,0.0,0.0,0.0,0.0,0.0,0.0000,LOW,Anomalous Pattern,NORMAL,NORMAL
2026-03-14 19:51:07,unknown,,unknown,,,0.0,0.0,0.0,0.0,0.0,0.0,0.0000,LOW,Anomalous Pattern,NORMAL,NORMAL
2026-03-14 19:51:08,unknown,,unknown,,,0.0,0.0,0.0,0.0,0.0,0.0,0.0000,LOW,Anomalous Pattern,NORMAL,NORMAL
2026-03-14 19:51:08,unknown,,unknown,,,0.0,0.0,0.0,0.0,0.0,0.0,0.0000,LOW,Anomalous Pattern,NORMAL,NORMAL
2026-03-14 19:51:08,unknown,,unknown,,,0.0,0.0,0.0,0.0,0.0,0.0,0.0000,LOW,Anomalous Pattern,NORMAL,NORMAL
2026-03-14 19:51:08,unknown,,unknown,,,0.0,0.0,0.0,0.0,0.0,0.0,0.0000,LOW,Anomalous Pattern,NORMAL,NORMAL
2026-03-14 19:51:08,unknown,,unknown,,,0.0,0.0,0.0,0.0,0.0,0.0,0.0000,LOW,Anomalous Pattern,NORMAL,NORMAL
2026-03-14 19:51:08,unknown,,unknown,,,0.0,0.0,0.0,0.0,0.0,0.0,0.0000,LOW,Anomalous Pattern,NORMAL,NORMAL
2026-03-14 19:51:09,unknown,,unknown,,,0.0,0.0,0.0,0.0,0.0,0.0,0.0000,LOW,Anomalous Pattern,NORMAL,NORMAL
2026-03-14 19:51:09,unknown,,unknown,,,0.0,0.0,0.0,0.0,0.0,0.0,0.0000,LOW,Anomalous Pattern,NORMAL,NORMAL
2026-03-14 19:51:09,unknown,,unknown,,,0.0,0.0,0.0,0.0,0.0,0.0,0.0000,LOW,Anomalous Pattern,NORMAL,NORMAL
2026-03-14 19:51:09,unknown,,unknown,,,0.0,0.0,0.0,0.0,0.0,0.0,0.0000,LOW,Anomalous Pattern,NORMAL,NORMAL
2026-03-14 19:51:09,unknown,,unknown,,,0.0,0.0,0.0,0.0,0.0,0.0,0.0000,LOW,Anomalous Pattern,NORMAL,NORMAL
2026-03-14 19:51:09,unknown,,unknown,,,0.0,0.0,0.0,0.0,0.0,0.0,0.0000,LOW,Anomalous Pattern,NORMAL,NORMAL
2026-03-14 19:51:10,unknown,,unknown,,,0.0,0.0,0.0,0.0,0.0,0.0,0.0000,LOW,Anomalous Pattern,NORMAL,NORMAL
2026-03-14 19:51:10,unknown,,unknown,,,0.0,0.0,0.0,0.0,0.0,0.0,0.0000,LOW,Anomalous Pattern,NORMAL,NORMAL
2026-03-14 19:51:10,unknown,,unknown,,,0.0,0.0,0.0,0.0,0.0,0.0,0.0000,LOW,Anomalous Pattern,NORMAL,NORMAL
2026-03-14 19:51:10,unknown,,unknown,,,0.0,0.0,0.0,0.0,0.0,0.0,0.0000,LOW,Anomalous Pattern,NORMAL,NORMAL
2026-03-14 19:51:10,unknown,,unknown,,,0.0,0.0,0.0,0.0,0.0,0.0,0.0000,LOW,Anomalous Pattern,NORMAL,NORMAL
2026-03-14 19:51:11,unknown,,unknown,,,0.0,0.0,0.0,0.0,0.0,0.0,0.0000,LOW,Anomalous Pattern,NORMAL,NORMAL
2026-03-14 19:51:11,unknown,,unknown,,,0.0,0.0,0.0,0.0,0.0,0.0,0.0000,LOW,Anomalous Pattern,NORMAL,NORMAL
2026-03-14 19:51:11,unknown,,unknown,,,0.0,0.0,0.0,0.0,0.0,0.0,0.0000,LOW,Anomalous Pattern,NORMAL,NORMAL
2026-03-14 19:51:11,unknown,,unknown,,,0.0,0.0,0.0,0.0,0.0,0.0,0.0000,LOW,Anomalous Pattern,NORMAL,NORMAL
2026-03-14 19:51:11,unknown,,unknown,,,0.0,0.0,0.0,0.0,0.0,0.0,0.0000,LOW,Anomalous Pattern,NORMAL,NORMAL
2026-03-14 19:51:12,unknown,,unknown,,,0.0,0.0,0.0,0.0,0.0,0.0,0.0000,LOW,Anomalous Pattern,NORMAL,NORMAL
2026-03-14 19:51:12,unknown,,unknown,,,0.0,0.0,0.0,0.0,0.0,0.0,0.0000,LOW,Anomalous Pattern,NORMAL,NORMAL
2026-03-14 19:51:12,unknown,,unknown,,,0.0,0.0,0.0,0.0,0.0,0.0,0.0000,LOW,Anomalous Pattern,NORMAL,NORMAL
2026-03-14 19:51:12,unknown,,unknown,,,0.0,0.0,0.0,0.0,0.0,0.0,0.0000,LOW,Anomalous Pattern,NORMAL,NORMAL
2026-03-14 19:51:12,unknown,,unknown,,,0.0,0.0,0.0,0.0,0.0,0.0,0.0000,LOW,Anomalous Pattern,NORMAL,NORMAL
2026-03-14 19:51:13,unknown,,unknown,,,0.0,0.0,0.0,0.0,0.0,0.0,0.0000,LOW,Anomalous Pattern,NORMAL,NORMAL
2026-03-14 19:51:13,unknown,,unknown,,,0.0,0.0,0.0,0.0,0.0,0.0,0.0000,LOW,Anomalous Pattern,NORMAL,NORMAL
2026-03-14 19:51:13,unknown,,unknown,,,0.0,0.0,0.0,0.0,0.0,0.0,0.0000,LOW,Anomalous Pattern,NORMAL,NORMAL
2026-03-14 19:51:13,unknown,,unknown,,,0.0,0.0,0.0,0.0,0.0,0.0,0.0000,LOW,Anomalous Pattern,NORMAL,NORMAL
2026-03-14 19:51:13,unknown,,unknown,,,0.0,0.0,0.0,0.0,0.0,0.0,0.0000,LOW,Anomalous Pattern,NORMAL,NORMAL
2026-03-14 19:51:13,unknown,,unknown,,,0.0,0.0,0.0,0.0,0.0,0.0,0.0000,LOW,Anomalous Pattern,NORMAL,NORMAL
2026-03-14 19:51:13,unknown,,unknown,,,0.0,0.0,0.0,0.0,0.0,0.0,0.0000,LOW,Anomalous Pattern,NORMAL,NORMAL
2026-03-14 19:51:13,unknown,,unknown,,,0.0,0.0,0.0,0.0,0.0,0.0,0.0000,LOW,Anomalous Pattern,NORMAL,NORMAL
2026-03-14 19:51:13,unknown,,unknown,,,0.0,0.0,0.0,0.0,0.0,0.0,0.0000,LOW,Anomalous Pattern,NORMAL,NORMAL
2026-03-14 19:51:13,unknown,,unknown,,,0.0,0.0,0.0,0.0,0.0,0.0,0.0000,LOW,Anomalous Pattern,NORMAL,NORMAL
2026-03-14 19:51:13,unknown,,unknown,,,0.0,0.0,0.0,0.0,0.0,0.0,0.0000,LOW,Anomalous Pattern,NORMAL,NORMAL
2026-03-14 19:51:14,unknown,,unknown,,,0.0,0.0,0.0,0.0,0.0,0.0,0.0000,LOW,Anomalous Pattern,NORMAL,NORMAL
2026-03-14 19:51:14,unknown,,unknown,,,0.0,0.0,0.0,0.0,0.0,0.0,0.0000,LOW,Anomalous Pattern,NORMAL,NORMAL
2026-03-14 19:51:14,unknown,,unknown,,,0.0,0.0,0.0,0.0,0.0,0.0,0.0000,LOW,Anomalous Pattern,NORMAL,NORMAL
2026-03-14 19:51:14,unknown,,unknown,,,0.0,0.0,0.0,0.0,0.0,0.0,0.0000,LOW,Anomalous Pattern,NORMAL,NORMAL
2026-03-14 19:51:14,unknown,,unknown,,,0.0,0.0,0.0,0.0,0.0,0.0,0.0000,LOW,Anomalous Pattern,NORMAL,NORMAL
2026-03-14 19:51:14,unknown,,unknown,,,0.0,0.0,0.0,0.0,0.0,0.0,0.0000,LOW,Anomalous Pattern,NORMAL,NORMAL
2026-03-14 19:51:14,unknown,,unknown,,,0.0,0.0,0.0,0.0,0.0,0.0,0.0000,LOW,Anomalous Pattern,NORMAL,NORMAL
2026-03-14 19:51:14,unknown,,unknown,,,0.0,0.0,0.0,0.0,0.0,0.0,0.0000,LOW,Anomalous Pattern,NORMAL,NORMAL
2026-03-14 19:51:14,unknown,,unknown,,,0.0,0.0,0.0,0.0,0.0,0.0,0.0000,LOW,Anomalous Pattern,NORMAL,NORMAL
2026-03-14 19:51:14,unknown,,unknown,,,0.0,0.0,0.0,0.0,0.0,0.0,0.0000,LOW,Anomalous Pattern,NORMAL,NORMAL
2026-03-14 19:51:14,unknown,,unknown,,,0.0,0.0,0.0,0.0,0.0,0.0,0.0000,LOW,Anomalous Pattern,NORMAL,NORMAL
2026-03-14 19:51:14,unknown,,unknown,,,0.0,0.0,0.0,0.0,0.0,0.0,0.0000,LOW,Anomalous Pattern,NORMAL,NORMAL
2026-03-14 19:51:14,unknown,,unknown,,,0.0,0.0,0.0,0.0,0.0,0.0,0.0000,LOW,Anomalous Pattern,NORMAL,NORMAL
2026-03-14 19:51:15,unknown,,unknown,,,0.0,0.0,0.0,0.0,0.0,0.0,0.0000,LOW,Anomalous Pattern,NORMAL,NORMAL
2026-03-14 19:51:15,unknown,,unknown,,,0.0,0.0,0.0,0.0,0.0,0.0,0.0000,LOW,Anomalous Pattern,NORMAL,NORMAL
2026-03-14 19:51:15,unknown,,unknown,,,0.0,0.0,0.0,0.0,0.0,0.0,0.0000,LOW,Anomalous Pattern,NORMAL,NORMAL
2026-03-14 19:51:15,unknown,,unknown,,,0.0,0.0,0.0,0.0,0.0,0.0,0.0000,LOW,Anomalous Pattern,NORMAL,NORMAL
2026-03-14 19:51:15,unknown,,unknown,,,0.0,0.0,0.0,0.0,0.0,0.0,0.0000,LOW,Anomalous Pattern,NORMAL,NORMAL
2026-03-14 19:51:15,unknown,,unknown,,,0.0,0.0,0.0,0.0,0.0,0.0,0.0000,LOW,Anomalous Pattern,NORMAL,NORMAL
2026-03-14 19:51:15,unknown,,unknown,,,0.0,0.0,0.0,0.0,0.0,0.0,0.0000,LOW,Anomalous Pattern,NORMAL,NORMAL
2026-03-14 19:51:15,unknown,,unknown,,,0.0,0.0,0.0,0.0,0.0,0.0,0.0000,LOW,Anomalous Pattern,NORMAL,NORMAL
2026-03-14 19:51:15,unknown,,unknown,,,0.0,0.0,0.0,0.0,0.0,0.0,0.0000,LOW,Anomalous Pattern,NORMAL,NORMAL
2026-03-14 19:51:15,unknown,,unknown,,,0.0,0.0,0.0,0.0,0.0,0.0,0.0000,LOW,Anomalous Pattern,NORMAL,NORMAL
2026-03-14 19:51:15,unknown,,unknown,,,0.0,0.0,0.0,0.0,0.0,0.0,0.0000,LOW,Anomalous Pattern,NORMAL,NORMAL
2026-03-14 19:51:15,unknown,,unknown,,,0.0,0.0,0.0,0.0,0.0,0.0,0.0000,LOW,Anomalous Pattern,NORMAL,NORMAL
2026-03-14 19:51:15,unknown,,unknown,,,0.0,0.0,0.0,0.0,0.0,0.0,0.0000,LOW,Anomalous Pattern,NORMAL,NORMAL
2026-03-14 19:51:15,unknown,,unknown,,,0.0,0.0,0.0,0.0,0.0,0.0,0.0000,LOW,Anomalous Pattern,NORMAL,NORMAL
2026-03-14 19:51:15,unknown,,unknown,,,0.0,0.0,0.0,0.0,0.0,0.0,0.0000,LOW,Anomalous Pattern,NORMAL,NORMAL
2026-03-14 19:51:15,unknown,,unknown,,,0.0,0.0,0.0,0.0,0.0,0.0,0.0000,LOW,Anomalous Pattern,NORMAL,NORMAL
2026-03-14 19:51:16,unknown,,unknown,,,0.0,0.0,0.0,0.0,0.0,0.0,0.0000,LOW,Anomalous Pattern,NORMAL,NORMAL
2026-03-14 19:51:16,unknown,,unknown,,,0.0,0.0,0.0,0.0,0.0,0.0,0.0000,LOW,Anomalous Pattern,NORMAL,NORMAL
2026-03-14 19:51:16,unknown,,unknown,,,0.0,0.0,0.0,0.0,0.0,0.0,0.0000,LOW,Anomalous Pattern,NORMAL,NORMAL
2026-03-14 19:51:16,unknown,,unknown,,,0.0,0.0,0.0,0.0,0.0,0.0,0.0000,LOW,Anomalous Pattern,NORMAL,NORMAL
2026-03-14 19:51:16,unknown,,unknown,,,0.0,0.0,0.0,0.0,0.0,0.0,0.0000,LOW,Anomalous Pattern,NORMAL,NORMAL
2026-03-14 19:51:16,unknown,,unknown,,,0.0,0.0,0.0,0.0,0.0,0.0,0.0000,LOW,Anomalous Pattern,NORMAL,NORMAL
2026-03-14 19:51:16,unknown,,unknown,,,0.0,0.0,0.0,0.0,0.0,0.0,0.0000,LOW,Anomalous Pattern,NORMAL,NORMAL
2026-03-14 19:51:16,unknown,,unknown,,,0.0,0.0,0.0,0.0,0.0,0.0,0.0000,LOW,Anomalous Pattern,NORMAL,NORMAL
2026-03-14 19:51:16,unknown,,unknown,,,0.0,0.0,0.0,0.0,0.0,0.0,0.0000,LOW,Anomalous Pattern,NORMAL,NORMAL
2026-03-14 19:51:16,unknown,,unknown,,,0.0,0.0,0.0,0.0,0.0,0.0,0.0000,LOW,Anomalous Pattern,NORMAL,NORMAL
2026-03-14 19:51:16,unknown,,unknown,,,0.0,0.0,0.0,0.0,0.0,0.0,0.0000,LOW,Anomalous Pattern,NORMAL,NORMAL
2026-03-14 19:51:16,unknown,,unknown,,,0.0,0.0,0.0,0.0,0.0,0.0,0.0000,LOW,Anomalous Pattern,NORMAL,NORMAL
2026-03-14 19:51:16,unknown,,unknown,,,0.0,0.0,0.0,0.0,0.0,0.0,0.0000,LOW,Anomalous Pattern,NORMAL,NORMAL
2026-03-14 19:51:16,unknown,,unknown,,,0.0,0.0,0.0,0.0,0.0,0.0,0.0000,LOW,Anomalous Pattern,NORMAL,NORMAL
2026-03-14 19:51:17,unknown,,unknown,,,0.0,0.0,0.0,0.0,0.0,0.0,0.0000,LOW,Anomalous Pattern,NORMAL,NORMAL
2026-03-14 19:51:17,unknown,,unknown,,,0.0,0.0,0.0,0.0,0.0,0.0,0.0000,LOW,Anomalous Pattern,NORMAL,NORMAL
2026-03-14 19:51:17,unknown,,unknown,,,0.0,0.0,0.0,0.0,0.0,0.0,0.0000,LOW,Anomalous Pattern,NORMAL,NORMAL
2026-03-14 19:51:17,unknown,,unknown,,,0.0,0.0,0.0,0.0,0.0,0.0,0.0000,LOW,Anomalous Pattern,NORMAL,NORMAL
2026-03-14 19:51:17,unknown,,unknown,,,0.0,0.0,0.0,0.0,0.0,0.0,0.0000,LOW,Anomalous Pattern,NORMAL,NORMAL
2026-03-14 19:51:17,unknown,,unknown,,,0.0,0.0,0.0,0.0,0.0,0.0,0.0000,LOW,Anomalous Pattern,NORMAL,NORMAL
2026-03-14 19:51:17,unknown,,unknown,,,0.0,0.0,0.0,0.0,0.0,0.0,0.0000,LOW,Anomalous Pattern,NORMAL,NORMAL
2026-03-14 19:51:17,unknown,,unknown,,,0.0,0.0,0.0,0.0,0.0,0.0,0.0000,LOW,Anomalous Pattern,NORMAL,NORMAL
2026-03-14 19:51:17,unknown,,unknown,,,0.0,0.0,0.0,0.0,0.0,0.0,0.0000,LOW,Anomalous Pattern,NORMAL,NORMAL
2026-03-14 19:51:17,unknown,,unknown,,,0.0,0.0,0.0,0.0,0.0,0.0,0.0000,LOW,Anomalous Pattern,NORMAL,NORMAL
2026-03-14 19:51:17,unknown,,unknown,,,0.0,0.0,0.0,0.0,0.0,0.0,0.0000,LOW,Anomalous Pattern,NORMAL,NORMAL
2026-03-14 19:51:17,unknown,,unknown,,,0.0,0.0,0.0,0.0,0.0,0.0,0.0000,LOW,Anomalous Pattern,NORMAL,NORMAL
2026-03-14 19:51:17,unknown,,unknown,,,0.0,0.0,0.0,0.0,0.0,0.0,0.0000,LOW,Anomalous Pattern,NORMAL,NORMAL
2026-03-14 19:51:17,unknown,,unknown,,,0.0,0.0,0.0,0.0,0.0,0.0,0.0000,LOW,Anomalous Pattern,NORMAL,NORMAL
2026-03-14 19:51:17,unknown,,unknown,,,0.0,0.0,0.0,0.0,0.0,0.0,0.0000,LOW,Anomalous Pattern,NORMAL,NORMAL
2026-03-14 19:51:17,unknown,,unknown,,,0.0,0.0,0.0,0.0,0.0,0.0,0.0000,LOW,Anomalous Pattern,NORMAL,NORMAL
2026-03-14 19:51:18,unknown,,unknown,,,0.0,0.0,0.0,0.0,0.0,0.0,0.0000,LOW,Anomalous Pattern,NORMAL,NORMAL
2026-03-14 19:51:18,unknown,,unknown,,,0.0,0.0,0.0,0.0,0.0,0.0,0.0000,LOW,Anomalous Pattern,NORMAL,NORMAL
2026-03-14 19:51:18,unknown,,unknown,,,0.0,0.0,0.0,0.0,0.0,0.0,0.0000,LOW,Anomalous Pattern,NORMAL,NORMAL
2026-03-14 19:51:18,unknown,,unknown,,,0.0,0.0,0.0,0.0,0.0,0.0,0.0000,LOW,Anomalous Pattern,NORMAL,NORMAL
2026-03-14 19:51:18,unknown,,unknown,,,0.0,0.0,0.0,0.0,0.0,0.0,0.0000,LOW,Anomalous Pattern,NORMAL,NORMAL
2026-03-14 19:51:18,unknown,,unknown,,,0.0,0.0,0.0,0.0,0.0,0.0,0.0000,LOW,Anomalous Pattern,NORMAL,NORMAL
2026-03-14 19:51:18,unknown,,unknown,,,0.0,0.0,0.0,0.0,0.0,0.0,0.0000,LOW,Anomalous Pattern,NORMAL,NORMAL
2026-03-14 19:51:18,unknown,,unknown,,,0.0,0.0,0.0,0.0,0.0,0.0,0.0000,LOW,Anomalous Pattern,NORMAL,NORMAL
2026-03-14 19:51:18,unknown,,unknown,,,0.0,0.0,0.0,0.0,0.0,0.0,0.0000,LOW,Anomalous Pattern,NORMAL,NORMAL
2026-03-14 19:51:18,unknown,,unknown,,,0.0,0.0,0.0,0.0,0.0,0.0,0.0000,LOW,Anomalous Pattern,NORMAL,NORMAL
2026-03-14 19:51:18,unknown,,unknown,,,0.0,0.0,0.0,0.0,0.0,0.0,0.0000,LOW,Anomalous Pattern,NORMAL,NORMAL
2026-03-14 19:51:18,unknown,,unknown,,,0.0,0.0,0.0,0.0,0.0,0.0,0.0000,LOW,Anomalous Pattern,NORMAL,NORMAL
2026-03-14 19:51:18,unknown,,unknown,,,0.0,0.0,0.0,0.0,0.0,0.0,0.0000,LOW,Anomalous Pattern,NORMAL,NORMAL
2026-03-14 19:51:18,unknown,,unknown,,,0.0,0.0,0.0,0.0,0.0,0.0,0.0000,LOW,Anomalous Pattern,NORMAL,NORMAL
2026-03-14 19:51:18,unknown,,unknown,,,0.0,0.0,0.0,0.0,0.0,0.0,0.0000,LOW,Anomalous Pattern,NORMAL,NORMAL
2026-03-14 19:51:18,unknown,,unknown,,,0.0,0.0,0.0,0.0,0.0,0.0,0.0000,LOW,Anomalous Pattern,NORMAL,NORMAL
2026-03-14 19:51:18,unknown,,unknown,,,0.0,0.0,0.0,0.0,0.0,0.0,0.0000,LOW,Anomalous Pattern,NORMAL,NORMAL
2026-03-14 19:51:19,unknown,,unknown,,,0.0,0.0,0.0,0.0,0.0,0.0,0.0000,LOW,Anomalous Pattern,NORMAL,NORMAL
2026-03-14 19:51:19,unknown,,unknown,,,0.0,0.0,0.0,0.0,0.0,0.0,0.0000,LOW,Anomalous Pattern,NORMAL,NORMAL
2026-03-14 19:51:19,unknown,,unknown,,,0.0,0.0,0.0,0.0,0.0,0.0,0.0000,LOW,Anomalous Pattern,NORMAL,NORMAL
2026-03-14 19:51:19,unknown,,unknown,,,0.0,0.0,0.0,0.0,0.0,0.0,0.0000,LOW,Anomalous Pattern,NORMAL,NORMAL
2026-03-14 19:51:19,unknown,,unknown,,,0.0,0.0,0.0,0.0,0.0,0.0,0.0000,LOW,Anomalous Pattern,NORMAL,NORMAL
2026-03-14 19:51:19,unknown,,unknown,,,0.0,0.0,0.0,0.0,0.0,0.0,0.0000,LOW,Anomalous Pattern,NORMAL,NORMAL
2026-03-14 19:51:19,unknown,,unknown,,,0.0,0.0,0.0,0.0,0.0,0.0,0.0000,LOW,Anomalous Pattern,NORMAL,NORMAL
2026-03-14 19:51:19,unknown,,unknown,,,0.0,0.0,0.0,0.0,0.0,0.0,0.0000,LOW,Anomalous Pattern,NORMAL,NORMAL
2026-03-14 19:51:19,unknown,,unknown,,,0.0,0.0,0.0,0.0,0.0,0.0,0.0000,LOW,Anomalous Pattern,NORMAL,NORMAL
2026-03-14 19:51:19,unknown,,unknown,,,0.0,0.0,0.0,0.0,0.0,0.0,0.0000,LOW,Anomalous Pattern,NORMAL,NORMAL
2026-03-14 19:51:19,unknown,,unknown,,,0.0,0.0,0.0,0.0,0.0,0.0,0.0000,LOW,Anomalous Pattern,NORMAL,NORMAL
2026-03-14 19:51:19,unknown,,unknown,,,0.0,0.0,0.0,0.0,0.0,0.0,0.0000,LOW,Anomalous Pattern,NORMAL,NORMAL
2026-03-14 19:51:19,unknown,,unknown,,,0.0,0.0,0.0,0.0,0.0,0.0,0.0000,LOW,Anomalous Pattern,NORMAL,NORMAL
2026-03-14 19:51:19,unknown,,unknown,,,0.0,0.0,0.0,0.0,0.0,0.0,0.0000,LOW,Anomalous Pattern,NORMAL,NORMAL
2026-03-14 19:51:19,unknown,,unknown,,,0.0,0.0,0.0,0.0,0.0,0.0,0.0000,LOW,Anomalous Pattern,NORMAL,NORMAL
2026-03-14 19:51:19,unknown,,unknown,,,0.0,0.0,0.0,0.0,0.0,0.0,0.0000,LOW,Anomalous Pattern,NORMAL,NORMAL
2026-03-14 19:51:20,unknown,,unknown,,,0.0,0.0,0.0,0.0,0.0,0.0,0.0000,LOW,Anomalous Pattern,NORMAL,NORMAL
2026-03-14 19:51:20,unknown,,unknown,,,0.0,0.0,0.0,0.0,0.0,0.0,0.0000,LOW,Anomalous Pattern,NORMAL,NORMAL
2026-03-14 19:51:20,unknown,,unknown,,,0.0,0.0,0.0,0.0,0.0,0.0,0.0000,LOW,Anomalous Pattern,NORMAL,NORMAL
2026-03-14 19:51:20,unknown,,unknown,,,0.0,0.0,0.0,0.0,0.0,0.0,0.0000,LOW,Anomalous Pattern,NORMAL,NORMAL
2026-03-14 19:51:20,unknown,,unknown,,,0.0,0.0,0.0,0.0,0.0,0.0,0.0000,LOW,Anomalous Pattern,NORMAL,NORMAL
2026-03-14 19:51:20,unknown,,unknown,,,0.0,0.0,0.0,0.0,0.0,0.0,0.0000,LOW,Anomalous Pattern,NORMAL,NORMAL
2026-03-14 19:51:20,unknown,,unknown,,,0.0,0.0,0.0,0.0,0.0,0.0,0.0000,LOW,Anomalous Pattern,NORMAL,NORMAL
2026-03-14 19:51:20,unknown,,unknown,,,0.0,0.0,0.0,0.0,0.0,0.0,0.0000,LOW,Anomalous Pattern,NORMAL,NORMAL
2026-03-14 19:51:20,unknown,,unknown,,,0.0,0.0,0.0,0.0,0.0,0.0,0.0000,LOW,Anomalous Pattern,NORMAL,NORMAL
2026-03-14 19:51:20,unknown,,unknown,,,0.0,0.0,0.0,0.0,0.0,0.0,0.0000,LOW,Anomalous Pattern,NORMAL,NORMAL
2026-03-14 19:51:20,unknown,,unknown,,,0.0,0.0,0.0,0.0,0.0,0.0,0.0000,LOW,Anomalous Pattern,NORMAL,NORMAL
2026-03-14 19:51:20,unknown,,unknown,,,0.0,0.0,0.0,0.0,0.0,0.0,0.0000,LOW,Anomalous Pattern,NORMAL,NORMAL
2026-03-14 19:51:21,unknown,,unknown,,,0.0,0.0,0.0,0.0,0.0,0.0,0.0000,LOW,Anomalous Pattern,NORMAL,NORMAL
2026-03-14 19:51:21,unknown,,unknown,,,0.0,0.0,0.0,0.0,0.0,0.0,0.0000,LOW,Anomalous Pattern,NORMAL,NORMAL
2026-03-14 19:51:21,unknown,,unknown,,,0.0,0.0,0.0,0.0,0.0,0.0,0.0000,LOW,Anomalous Pattern,NORMAL,NORMAL
2026-03-14 19:51:21,unknown,,unknown,,,0.0,0.0,0.0,0.0,0.0,0.0,0.0000,LOW,Anomalous Pattern,NORMAL,NORMAL
2026-03-14 19:51:21,unknown,,unknown,,,0.0,0.0,0.0,0.0,0.0,0.0,0.0000,LOW,Anomalous Pattern,NORMAL,NORMAL
2026-03-14 19:51:21,unknown,,unknown,,,0.0,0.0,0.0,0.0,0.0,0.0,0.0000,LOW,Anomalous Pattern,NORMAL,NORMAL
2026-03-14 19:51:21,unknown,,unknown,,,0.0,0.0,0.0,0.0,0.0,0.0,0.0000,LOW,Anomalous Pattern,NORMAL,NORMAL
2026-03-14 19:51:21,unknown,,unknown,,,0.0,0.0,0.0,0.0,0.0,0.0,0.0000,LOW,Anomalous Pattern,NORMAL,NORMAL
2026-03-14 19:51:22,unknown,,unknown,,,0.0,0.0,0.0,0.0,0.0,0.0,0.0000,LOW,Anomalous Pattern,NORMAL,NORMAL
2026-03-14 19:51:22,unknown,,unknown,,,0.0,0.0,0.0,0.0,0.0,0.0,0.0000,LOW,Anomalous Pattern,NORMAL,NORMAL
2026-03-14 19:51:22,unknown,,unknown,,,0.0,0.0,0.0,0.0,0.0,0.0,0.0000,LOW,Anomalous Pattern,NORMAL,NORMAL
2026-03-14 19:51:22,unknown,,unknown,,,0.0,0.0,0.0,0.0,0.0,0.0,0.0000,LOW,Anomalous Pattern,NORMAL,NORMAL
2026-03-14 19:51:22,unknown,,unknown,,,0.0,0.0,0.0,0.0,0.0,0.0,0.0000,LOW,Anomalous Pattern,NORMAL,NORMAL
2026-03-14 19:51:22,unknown,,unknown,,,0.0,0.0,0.0,0.0,0.0,0.0,0.0000,LOW,Anomalous Pattern,NORMAL,NORMAL
2026-03-14 19:51:22,unknown,,unknown,,,0.0,0.0,0.0,0.0,0.0,0.0,0.0000,LOW,Anomalous Pattern,NORMAL,NORMAL
2026-03-14 19:51:22,unknown,,unknown,,,0.0,0.0,0.0,0.0,0.0,0.0,0.0000,LOW,Anomalous Pattern,NORMAL,NORMAL
2026-03-14 19:51:22,unknown,,unknown,,,0.0,0.0,0.0,0.0,0.0,0.0,0.0000,LOW,Anomalous Pattern,NORMAL,NORMAL
2026-03-14 19:51:22,unknown,,unknown,,,0.0,0.0,0.0,0.0,0.0,0.0,0.0000,LOW,Anomalous Pattern,NORMAL,NORMAL
2026-03-14 19:51:23,unknown,,unknown,,,0.0,0.0,0.0,0.0,0.0,0.0,0.0000,LOW,Anomalous Pattern,NORMAL,NORMAL
2026-03-14 19:51:23,unknown,,unknown,,,0.0,0.0,0.0,0.0,0.0,0.0,0.0000,LOW,Anomalous Pattern,NORMAL,NORMAL
2026-03-14 19:51:23,unknown,,unknown,,,0.0,0.0,0.0,0.0,0.0,0.0,0.0000,LOW,Anomalous Pattern,NORMAL,NORMAL
2026-03-14 19:51:23,unknown,,unknown,,,0.0,0.0,0.0,0.0,0.0,0.0,0.0000,LOW,Anomalous Pattern,NORMAL,NORMAL
2026-03-14 19:51:23,unknown,,unknown,,,0.0,0.0,0.0,0.0,0.0,0.0,0.0000,LOW,Anomalous Pattern,NORMAL,NORMAL
2026-03-14 19:51:23,unknown,,unknown,,,0.0,0.0,0.0,0.0,0.0,0.0,0.0000,LOW,Anomalous Pattern,NORMAL,NORMAL
2026-03-14 19:51:23,unknown,,unknown,,,0.0,0.0,0.0,0.0,0.0,0.0,0.0000,LOW,Anomalous Pattern,NORMAL,NORMAL
2026-03-14 19:51:23,unknown,,unknown,,,0.0,0.0,0.0,0.0,0.0,0.0,0.0000,LOW,Anomalous Pattern,NORMAL,NORMAL
2026-03-14 19:51:23,unknown,,unknown,,,0.0,0.0,0.0,0.0,0.0,0.0,0.0000,LOW,Anomalous Pattern,NORMAL,NORMAL
2026-03-14 19:51:23,unknown,,unknown,,,0.0,0.0,0.0,0.0,0.0,0.0,0.0000,LOW,Anomalous Pattern,NORMAL,NORMAL
2026-03-14 19:51:23,unknown,,unknown,,,0.0,0.0,0.0,0.0,0.0,0.0,0.0000,LOW,Anomalous Pattern,NORMAL,NORMAL
2026-03-14 19:51:24,unknown,,unknown,,,0.0,0.0,0.0,0.0,0.0,0.0,0.0000,LOW,Anomalous Pattern,NORMAL,NORMAL
2026-03-14 19:51:24,unknown,,unknown,,,0.0,0.0,0.0,0.0,0.0,0.0,0.0000,LOW,Anomalous Pattern,NORMAL,NORMAL
2026-03-14 19:51:24,unknown,,unknown,,,0.0,0.0,0.0,0.0,0.0,0.0,0.0000,LOW,Anomalous Pattern,NORMAL,NORMAL
2026-03-14 19:51:24,unknown,,unknown,,,0.0,0.0,0.0,0.0,0.0,0.0,0.0000,LOW,Anomalous Pattern,NORMAL,NORMAL
2026-03-14 19:51:24,unknown,,unknown,,,0.0,0.0,0.0,0.0,0.0,0.0,0.0000,LOW,Anomalous Pattern,NORMAL,NORMAL
2026-03-14 19:51:24,unknown,,unknown,,,0.0,0.0,0.0,0.0,0.0,0.0,0.0000,LOW,Anomalous Pattern,NORMAL,NORMAL
2026-03-14 19:51:24,unknown,,unknown,,,0.0,0.0,0.0,0.0,0.0,0.0,0.0000,LOW,Anomalous Pattern,NORMAL,NORMAL
2026-03-14 19:51:24,unknown,,unknown,,,0.0,0.0,0.0,0.0,0.0,0.0,0.0000,LOW,Anomalous Pattern,NORMAL,NORMAL
2026-03-14 19:51:24,unknown,,unknown,,,0.0,0.0,0.0,0.0,0.0,0.0,0.0000,LOW,Anomalous Pattern,NORMAL,NORMAL
2026-03-14 19:51:24,unknown,,unknown,,,0.0,0.0,0.0,0.0,0.0,0.0,0.0000,LOW,Anomalous Pattern,NORMAL,NORMAL
2026-03-14 19:51:25,unknown,,unknown,,,0.0,0.0,0.0,0.0,0.0,0.0,0.0000,LOW,Anomalous Pattern,NORMAL,NORMAL
2026-03-14 19:51:25,unknown,,unknown,,,0.0,0.0,0.0,0.0,0.0,0.0,0.0000,LOW,Anomalous Pattern,NORMAL,NORMAL
2026-03-14 19:51:25,unknown,,unknown,,,0.0,0.0,0.0,0.0,0.0,0.0,0.0000,LOW,Anomalous Pattern,NORMAL,NORMAL
2026-03-14 19:51:25,unknown,,unknown,,,0.0,0.0,0.0,0.0,0.0,0.0,0.0000,LOW,Anomalous Pattern,NORMAL,NORMAL
2026-03-14 19:51:25,unknown,,unknown,,,0.0,0.0,0.0,0.0,0.0,0.0,0.0000,LOW,Anomalous Pattern,NORMAL,NORMAL
2026-03-14 19:51:25,unknown,,unknown,,,0.0,0.0,0.0,0.0,0.0,0.0,0.0000,LOW,Anomalous Pattern,NORMAL,NORMAL
2026-03-14 19:51:25,unknown,,unknown,,,0.0,0.0,0.0,0.0,0.0,0.0,0.0000,LOW,Anomalous Pattern,NORMAL,NORMAL
2026-03-14 19:51:25,unknown,,unknown,,,0.0,0.0,0.0,0.0,0.0,0.0,0.0000,LOW,Anomalous Pattern,NORMAL,NORMAL
2026-03-14 19:51:25,unknown,,unknown,,,0.0,0.0,0.0,0.0,0.0,0.0,0.0000,LOW,Anomalous Pattern,NORMAL,NORMAL
2026-03-14 19:51:25,unknown,,unknown,,,0.0,0.0,0.0,0.0,0.0,0.0,0.0000,LOW,Anomalous Pattern,NORMAL,NORMAL
2026-03-14 19:51:26,unknown,,unknown,,,0.0,0.0,0.0,0.0,0.0,0.0,0.0000,LOW,Anomalous Pattern,NORMAL,NORMAL
2026-03-14 19:51:26,unknown,,unknown,,,0.0,0.0,0.0,0.0,0.0,0.0,0.0000,LOW,Anomalous Pattern,NORMAL,NORMAL
2026-03-14 19:51:26,unknown,,unknown,,,0.0,0.0,0.0,0.0,0.0,0.0,0.0000,LOW,Anomalous Pattern,NORMAL,NORMAL
2026-03-14 19:51:26,unknown,,unknown,,,0.0,0.0,0.0,0.0,0.0,0.0,0.0000,LOW,Anomalous Pattern,NORMAL,NORMAL
2026-03-14 19:51:26,unknown,,unknown,,,0.0,0.0,0.0,0.0,0.0,0.0,0.0000,LOW,Anomalous Pattern,NORMAL,NORMAL
2026-03-14 19:51:26,unknown,,unknown,,,0.0,0.0,0.0,0.0,0.0,0.0,0.0000,LOW,Anomalous Pattern,NORMAL,NORMAL
2026-03-14 19:51:26,unknown,,unknown,,,0.0,0.0,0.0,0.0,0.0,0.0,0.0000,LOW,Anomalous Pattern,NORMAL,NORMAL
2026-03-14 19:51:26,unknown,,unknown,,,0.0,0.0,0.0,0.0,0.0,0.0,0.0000,LOW,Anomalous Pattern,NORMAL,NORMAL
2026-03-14 19:51:26,unknown,,unknown,,,0.0,0.0,0.0,0.0,0.0,0.0,0.0000,LOW,Anomalous Pattern,NORMAL,NORMAL
2026-03-14 19:51:26,unknown,,unknown,,,0.0,0.0,0.0,0.0,0.0,0.0,0.0000,LOW,Anomalous Pattern,NORMAL,NORMAL
2026-03-14 19:51:26,unknown,,unknown,,,0.0,0.0,0.0,0.0,0.0,0.0,0.0000,LOW,Anomalous Pattern,NORMAL,NORMAL
2026-03-14 19:51:26,unknown,,unknown,,,0.0,0.0,0.0,0.0,0.0,0.0,0.0000,LOW,Anomalous Pattern,NORMAL,NORMAL
2026-03-14 19:51:26,unknown,,unknown,,,0.0,0.0,0.0,0.0,0.0,0.0,0.0000,LOW,Anomalous Pattern,NORMAL,NORMAL
2026-03-14 19:51:27,unknown,,unknown,,,0.0,0.0,0.0,0.0,0.0,0.0,0.0000,LOW,Anomalous Pattern,NORMAL,NORMAL
2026-03-14 19:51:27,unknown,,unknown,,,0.0,0.0,0.0,0.0,0.0,0.0,0.0000,LOW,Anomalous Pattern,NORMAL,NORMAL
2026-03-14 19:51:27,unknown,,unknown,,,0.0,0.0,0.0,0.0,0.0,0.0,0.0000,LOW,Anomalous Pattern,NORMAL,NORMAL
2026-03-14 19:51:27,unknown,,unknown,,,0.0,0.0,0.0,0.0,0.0,0.0,0.0000,LOW,Anomalous Pattern,NORMAL,NORMAL
2026-03-14 19:51:27,unknown,,unknown,,,0.0,0.0,0.0,0.0,0.0,0.0,0.0000,LOW,Anomalous Pattern,NORMAL,NORMAL
2026-03-14 19:51:27,unknown,,unknown,,,0.0,0.0,0.0,0.0,0.0,0.0,0.0000,LOW,Anomalous Pattern,NORMAL,NORMAL
2026-03-14 19:51:27,unknown,,unknown,,,0.0,0.0,0.0,0.0,0.0,0.0,0.0000,LOW,Anomalous Pattern,NORMAL,NORMAL
2026-03-14 19:51:27,unknown,,unknown,,,0.0,0.0,0.0,0.0,0.0,0.0,0.0000,LOW,Anomalous Pattern,NORMAL,NORMAL
2026-03-14 19:51:27,unknown,,unknown,,,0.0,0.0,0.0,0.0,0.0,0.0,0.0000,LOW,Anomalous Pattern,NORMAL,NORMAL
2026-03-14 19:51:27,unknown,,unknown,,,0.0,0.0,0.0,0.0,0.0,0.0,0.0000,LOW,Anomalous Pattern,NORMAL,NORMAL
2026-03-14 19:51:27,unknown,,unknown,,,0.0,0.0,0.0,0.0,0.0,0.0,0.0000,LOW,Anomalous Pattern,NORMAL,NORMAL
2026-03-14 19:51:28,unknown,,unknown,,,0.0,0.0,0.0,0.0,0.0,0.0,0.0000,LOW,Anomalous Pattern,NORMAL,NORMAL
2026-03-14 19:51:28,unknown,,unknown,,,0.0,0.0,0.0,0.0,0.0,0.0,0.0000,LOW,Anomalous Pattern,NORMAL,NORMAL
2026-03-14 19:51:28,unknown,,unknown,,,0.0,0.0,0.0,0.0,0.0,0.0,0.0000,LOW,Anomalous Pattern,NORMAL,NORMAL
2026-03-14 19:51:28,unknown,,unknown,,,0.0,0.0,0.0,0.0,0.0,0.0,0.0000,LOW,Anomalous Pattern,NORMAL,NORMAL
2026-03-14 19:51:28,unknown,,unknown,,,0.0,0.0,0.0,0.0,0.0,0.0,0.0000,LOW,Anomalous Pattern,NORMAL,NORMAL
2026-03-14 19:51:28,unknown,,unknown,,,0.0,0.0,0.0,0.0,0.0,0.0,0.0000,LOW,Anomalous Pattern,NORMAL,NORMAL
2026-03-14 19:51:28,unknown,,unknown,,,0.0,0.0,0.0,0.0,0.0,0.0,0.0000,LOW,Anomalous Pattern,NORMAL,NORMAL
2026-03-14 19:51:28,unknown,,unknown,,,0.0,0.0,0.0,0.0,0.0,0.0,0.0000,LOW,Anomalous Pattern,NORMAL,NORMAL
2026-03-14 19:51:28,unknown,,unknown,,,0.0,0.0,0.0,0.0,0.0,0.0,0.0000,LOW,Anomalous Pattern,NORMAL,NORMAL
2026-03-14 19:51:28,unknown,,unknown,,,0.0,0.0,0.0,0.0,0.0,0.0,0.0000,LOW,Anomalous Pattern,NORMAL,NORMAL
2026-03-14 19:51:28,unknown,,unknown,,,0.0,0.0,0.0,0.0,0.0,0.0,0.0000,LOW,Anomalous Pattern,NORMAL,NORMAL
2026-03-14 19:51:29,unknown,,unknown,,,0.0,0.0,0.0,0.0,0.0,0.0,0.0000,LOW,Anomalous Pattern,NORMAL,NORMAL
2026-03-14 19:51:29,unknown,,unknown,,,0.0,0.0,0.0,0.0,0.0,0.0,0.0000,LOW,Anomalous Pattern,NORMAL,NORMAL
2026-03-14 19:51:29,unknown,,unknown,,,0.0,0.0,0.0,0.0,0.0,0.0,0.0000,LOW,Anomalous Pattern,NORMAL,NORMAL
2026-03-14 19:51:29,unknown,,unknown,,,0.0,0.0,0.0,0.0,0.0,0.0,0.0000,LOW,Anomalous Pattern,NORMAL,NORMAL
2026-03-14 19:51:29,unknown,,unknown,,,0.0,0.0,0.0,0.0,0.0,0.0,0.0000,LOW,Anomalous Pattern,NORMAL,NORMAL
2026-03-14 19:51:29,unknown,,unknown,,,0.0,0.0,0.0,0.0,0.0,0.0,0.0000,LOW,Anomalous Pattern,NORMAL,NORMAL
2026-03-14 19:51:29,unknown,,unknown,,,0.0,0.0,0.0,0.0,0.0,0.0,0.0000,LOW,Anomalous Pattern,NORMAL,NORMAL
2026-03-14 19:51:29,unknown,,unknown,,,0.0,0.0,0.0,0.0,0.0,0.0,0.0000,LOW,Anomalous Pattern,NORMAL,NORMAL
2026-03-14 19:51:29,unknown,,unknown,,,0.0,0.0,0.0,0.0,0.0,0.0,0.0000,LOW,Anomalous Pattern,NORMAL,NORMAL
2026-03-14 19:51:29,unknown,,unknown,,,0.0,0.0,0.0,0.0,0.0,0.0,0.0000,LOW,Anomalous Pattern,NORMAL,NORMAL
2026-03-14 19:51:30,unknown,,unknown,,,0.0,0.0,0.0,0.0,0.0,0.0,0.0000,LOW,Anomalous Pattern,NORMAL,NORMAL
2026-03-14 19:51:30,unknown,,unknown,,,0.0,0.0,0.0,0.0,0.0,0.0,0.0000,LOW,Anomalous Pattern,NORMAL,NORMAL
2026-03-14 19:51:30,unknown,,unknown,,,0.0,0.0,0.0,0.0,0.0,0.0,0.0000,LOW,Anomalous Pattern,NORMAL,NORMAL
2026-03-14 19:51:30,unknown,,unknown,,,0.0,0.0,0.0,0.0,0.0,0.0,0.0000,LOW,Anomalous Pattern,NORMAL,NORMAL
2026-03-14 19:51:30,unknown,,unknown,,,0.0,0.0,0.0,0.0,0.0,0.0,0.0000,LOW,Anomalous Pattern,NORMAL,NORMAL
2026-03-14 19:51:30,unknown,,unknown,,,0.0,0.0,0.0,0.0,0.0,0.0,0.0000,LOW,Anomalous Pattern,NORMAL,NORMAL
2026-03-14 19:51:30,unknown,,unknown,,,0.0,0.0,0.0,0.0,0.0,0.0,0.0000,LOW,Anomalous Pattern,NORMAL,NORMAL
2026-03-14 19:51:30,unknown,,unknown,,,0.0,0.0,0.0,0.0,0.0,0.0,0.0000,LOW,Anomalous Pattern,NORMAL,NORMAL
2026-03-14 19:51:30,unknown,,unknown,,,0.0,0.0,0.0,0.0,0.0,0.0,0.0000,LOW,Anomalous Pattern,NORMAL,NORMAL
2026-03-14 19:51:30,unknown,,unknown,,,0.0,0.0,0.0,0.0,0.0,0.0,0.0000,LOW,Anomalous Pattern,NORMAL,NORMAL
2026-03-14 19:51:30,unknown,,unknown,,,0.0,0.0,0.0,0.0,0.0,0.0,0.0000,LOW,Anomalous Pattern,NORMAL,NORMAL
2026-03-14 19:51:30,unknown,,unknown,,,0.0,0.0,0.0,0.0,0.0,0.0,0.0000,LOW,Anomalous Pattern,NORMAL,NORMAL
2026-03-14 19:51:31,unknown,,unknown,,,0.0,0.0,0.0,0.0,0.0,0.0,0.0000,LOW,Anomalous Pattern,NORMAL,NORMAL
2026-03-14 19:51:31,unknown,,unknown,,,0.0,0.0,0.0,0.0,0.0,0.0,0.0000,LOW,Anomalous Pattern,NORMAL,NORMAL
2026-03-14 19:51:31,unknown,,unknown,,,0.0,0.0,0.0,0.0,0.0,0.0,0.0000,LOW,Anomalous Pattern,NORMAL,NORMAL
2026-03-14 19:51:31,unknown,,unknown,,,0.0,0.0,0.0,0.0,0.0,0.0,0.0000,LOW,Anomalous Pattern,NORMAL,NORMAL
2026-03-14 19:51:31,unknown,,unknown,,,0.0,0.0,0.0,0.0,0.0,0.0,0.0000,LOW,Anomalous Pattern,NORMAL,NORMAL
2026-03-14 19:51:31,unknown,,unknown,,,0.0,0.0,0.0,0.0,0.0,0.0,0.0000,LOW,Anomalous Pattern,NORMAL,NORMAL
2026-03-14 19:51:31,unknown,,unknown,,,0.0,0.0,0.0,0.0,0.0,0.0,0.0000,LOW,Anomalous Pattern,NORMAL,NORMAL
2026-03-14 19:51:31,unknown,,unknown,,,0.0,0.0,0.0,0.0,0.0,0.0,0.0000,LOW,Anomalous Pattern,NORMAL,NORMAL
2026-03-14 19:51:31,unknown,,unknown,,,0.0,0.0,0.0,0.0,0.0,0.0,0.0000,LOW,Anomalous Pattern,NORMAL,NORMAL
2026-03-14 19:51:31,unknown,,unknown,,,0.0,0.0,0.0,0.0,0.0,0.0,0.0000,LOW,Anomalous Pattern,NORMAL,NORMAL
2026-03-14 19:51:31,unknown,,unknown,,,0.0,0.0,0.0,0.0,0.0,0.0,0.0000,LOW,Anomalous Pattern,NORMAL,NORMAL
2026-03-14 19:51:31,unknown,,unknown,,,0.0,0.0,0.0,0.0,0.0,0.0,0.0000,LOW,Anomalous Pattern,NORMAL,NORMAL
2026-03-14 19:51:32,unknown,,unknown,,,0.0,0.0,0.0,0.0,0.0,0.0,0.0000,LOW,Anomalous Pattern,NORMAL,NORMAL
2026-03-14 19:51:32,unknown,,unknown,,,0.0,0.0,0.0,0.0,0.0,0.0,0.0000,LOW,Anomalous Pattern,NORMAL,NORMAL
2026-03-14 19:51:32,unknown,,unknown,,,0.0,0.0,0.0,0.0,0.0,0.0,0.0000,LOW,Anomalous Pattern,NORMAL,NORMAL
2026-03-14 19:51:32,unknown,,unknown,,,0.0,0.0,0.0,0.0,0.0,0.0,0.0000,LOW,Anomalous Pattern,NORMAL,NORMAL
2026-03-14 19:51:32,unknown,,unknown,,,0.0,0.0,0.0,0.0,0.0,0.0,0.0000,LOW,Anomalous Pattern,NORMAL,NORMAL
2026-03-14 19:51:32,unknown,,unknown,,,0.0,0.0,0.0,0.0,0.0,0.0,0.0000,LOW,Anomalous Pattern,NORMAL,NORMAL
2026-03-14 19:51:32,unknown,,unknown,,,0.0,0.0,0.0,0.0,0.0,0.0,0.0000,LOW,Anomalous Pattern,NORMAL,NORMAL
2026-03-14 19:51:32,unknown,,unknown,,,0.0,0.0,0.0,0.0,0.0,0.0,0.0000,LOW,Anomalous Pattern,NORMAL,NORMAL
2026-03-14 19:51:33,unknown,,unknown,,,0.0,0.0,0.0,0.0,0.0,0.0,0.0000,LOW,Anomalous Pattern,NORMAL,NORMAL
2026-03-14 19:51:33,unknown,,unknown,,,0.0,0.0,0.0,0.0,0.0,0.0,0.0000,LOW,Anomalous Pattern,NORMAL,NORMAL
2026-03-14 19:51:33,unknown,,unknown,,,0.0,0.0,0.0,0.0,0.0,0.0,0.0000,LOW,Anomalous Pattern,NORMAL,NORMAL
2026-03-14 19:51:33,unknown,,unknown,,,0.0,0.0,0.0,0.0,0.0,0.0,0.0000,LOW,Anomalous Pattern,NORMAL,NORMAL
2026-03-14 19:51:33,unknown,,unknown,,,0.0,0.0,0.0,0.0,0.0,0.0,0.0000,LOW,Anomalous Pattern,NORMAL,NORMAL
2026-03-14 19:51:33,unknown,,unknown,,,0.0,0.0,0.0,0.0,0.0,0.0,0.0000,LOW,Anomalous Pattern,NORMAL,NORMAL
2026-03-14 19:51:33,unknown,,unknown,,,0.0,0.0,0.0,0.0,0.0,0.0,0.0000,LOW,Anomalous Pattern,NORMAL,NORMAL
2026-03-14 19:51:33,unknown,,unknown,,,0.0,0.0,0.0,0.0,0.0,0.0,0.0000,LOW,Anomalous Pattern,NORMAL,NORMAL
2026-03-14 19:51:33,unknown,,unknown,,,0.0,0.0,0.0,0.0,0.0,0.0,0.0000,LOW,Anomalous Pattern,NORMAL,NORMAL
2026-03-14 19:51:33,unknown,,unknown,,,0.0,0.0,0.0,0.0,0.0,0.0,0.0000,LOW,Anomalous Pattern,NORMAL,NORMAL
2026-03-14 19:51:33,unknown,,unknown,,,0.0,0.0,0.0,0.0,0.0,0.0,0.0000,LOW,Anomalous Pattern,NORMAL,NORMAL
2026-03-14 19:51:34,unknown,,unknown,,,0.0,0.0,0.0,0.0,0.0,0.0,0.0000,LOW,Anomalous Pattern,NORMAL,NORMAL
2026-03-14 19:51:34,unknown,,unknown,,,0.0,0.0,0.0,0.0,0.0,0.0,0.0000,LOW,Anomalous Pattern,NORMAL,NORMAL
2026-03-14 19:51:34,unknown,,unknown,,,0.0,0.0,0.0,0.0,0.0,0.0,0.0000,LOW,Anomalous Pattern,NORMAL,NORMAL
2026-03-14 19:51:34,unknown,,unknown,,,0.0,0.0,0.0,0.0,0.0,0.0,0.0000,LOW,Anomalous Pattern,NORMAL,NORMAL
2026-03-14 19:51:34,unknown,,unknown,,,0.0,0.0,0.0,0.0,0.0,0.0,0.0000,LOW,Anomalous Pattern,NORMAL,NORMAL
2026-03-14 19:51:34,unknown,,unknown,,,0.0,0.0,0.0,0.0,0.0,0.0,0.0000,LOW,Anomalous Pattern,NORMAL,NORMAL
2026-03-14 19:51:34,unknown,,unknown,,,0.0,0.0,0.0,0.0,0.0,0.0,0.0000,LOW,Anomalous Pattern,NORMAL,NORMAL
2026-03-14 19:51:34,unknown,,unknown,,,0.0,0.0,0.0,0.0,0.0,0.0,0.0000,LOW,Anomalous Pattern,NORMAL,NORMAL
2026-03-14 19:51:34,unknown,,unknown,,,0.0,0.0,0.0,0.0,0.0,0.0,0.0000,LOW,Anomalous Pattern,NORMAL,NORMAL
2026-03-14 19:51:34,unknown,,unknown,,,0.0,0.0,0.0,0.0,0.0,0.0,0.0000,LOW,Anomalous Pattern,NORMAL,NORMAL
2026-03-14 19:51:34,unknown,,unknown,,,0.0,0.0,0.0,0.0,0.0,0.0,0.0000,LOW,Anomalous Pattern,NORMAL,NORMAL
2026-03-14 19:51:35,unknown,,unknown,,,0.0,0.0,0.0,0.0,0.0,0.0,0.0000,LOW,Anomalous Pattern,NORMAL,NORMAL
2026-03-14 19:51:35,unknown,,unknown,,,0.0,0.0,0.0,0.0,0.0,0.0,0.0000,LOW,Anomalous Pattern,NORMAL,NORMAL
2026-03-14 19:51:35,unknown,,unknown,,,0.0,0.0,0.0,0.0,0.0,0.0,0.0000,LOW,Anomalous Pattern,NORMAL,NORMAL
2026-03-14 19:51:35,unknown,,unknown,,,0.0,0.0,0.0,0.0,0.0,0.0,0.0000,LOW,Anomalous Pattern,NORMAL,NORMAL
2026-03-14 19:51:35,unknown,,unknown,,,0.0,0.0,0.0,0.0,0.0,0.0,0.0000,LOW,Anomalous Pattern,NORMAL,NORMAL
2026-03-14 19:51:35,unknown,,unknown,,,0.0,0.0,0.0,0.0,0.0,0.0,0.0000,LOW,Anomalous Pattern,NORMAL,NORMAL
2026-03-14 19:51:35,unknown,,unknown,,,0.0,0.0,0.0,0.0,0.0,0.0,0.0000,LOW,Anomalous Pattern,NORMAL,NORMAL
2026-03-14 19:51:35,unknown,,unknown,,,0.0,0.0,0.0,0.0,0.0,0.0,0.0000,LOW,Anomalous Pattern,NORMAL,NORMAL
2026-03-14 19:51:35,unknown,,unknown,,,0.0,0.0,0.0,0.0,0.0,0.0,0.0000,LOW,Anomalous Pattern,NORMAL,NORMAL
2026-03-14 19:51:35,unknown,,unknown,,,0.0,0.0,0.0,0.0,0.0,0.0,0.0000,LOW,Anomalous Pattern,NORMAL,NORMAL
2026-03-14 19:51:35,unknown,,unknown,,,0.0,0.0,0.0,0.0,0.0,0.0,0.0000,LOW,Anomalous Pattern,NORMAL,NORMAL
2026-03-14 19:51:36,unknown,,unknown,,,0.0,0.0,0.0,0.0,0.0,0.0,0.0000,LOW,Anomalous Pattern,NORMAL,NORMAL
2026-03-14 19:51:36,unknown,,unknown,,,0.0,0.0,0.0,0.0,0.0,0.0,0.0000,LOW,Anomalous Pattern,NORMAL,NORMAL
2026-03-14 19:51:36,unknown,,unknown,,,0.0,0.0,0.0,0.0,0.0,0.0,0.0000,LOW,Anomalous Pattern,NORMAL,NORMAL
2026-03-14 19:51:36,unknown,,unknown,,,0.0,0.0,0.0,0.0,0.0,0.0,0.0000,LOW,Anomalous Pattern,NORMAL,NORMAL
2026-03-14 19:51:36,unknown,,unknown,,,0.0,0.0,0.0,0.0,0.0,0.0,0.0000,LOW,Anomalous Pattern,NORMAL,NORMAL
2026-03-14 19:51:36,unknown,,unknown,,,0.0,0.0,0.0,0.0,0.0,0.0,0.0000,LOW,Anomalous Pattern,NORMAL,NORMAL
2026-03-14 19:51:36,unknown,,unknown,,,0.0,0.0,0.0,0.0,0.0,0.0,0.0000,LOW,Anomalous Pattern,NORMAL,NORMAL
2026-03-14 19:51:36,unknown,,unknown,,,0.0,0.0,0.0,0.0,0.0,0.0,0.0000,LOW,Anomalous Pattern,NORMAL,NORMAL
2026-03-14 19:51:36,unknown,,unknown,,,0.0,0.0,0.0,0.0,0.0,0.0,0.0000,LOW,Anomalous Pattern,NORMAL,NORMAL
2026-03-14 19:51:36,unknown,,unknown,,,0.0,0.0,0.0,0.0,0.0,0.0,0.0000,LOW,Anomalous Pattern,NORMAL,NORMAL
2026-03-14 19:51:36,unknown,,unknown,,,0.0,0.0,0.0,0.0,0.0,0.0,0.0000,LOW,Anomalous Pattern,NORMAL,NORMAL
2026-03-14 19:51:37,unknown,,unknown,,,0.0,0.0,0.0,0.0,0.0,0.0,0.0000,LOW,Anomalous Pattern,NORMAL,NORMAL
2026-03-14 19:51:37,unknown,,unknown,,,0.0,0.0,0.0,0.0,0.0,0.0,0.0000,LOW,Anomalous Pattern,NORMAL,NORMAL
2026-03-14 19:51:37,unknown,,unknown,,,0.0,0.0,0.0,0.0,0.0,0.0,0.0000,LOW,Anomalous Pattern,NORMAL,NORMAL
2026-03-14 19:51:37,unknown,,unknown,,,0.0,0.0,0.0,0.0,0.0,0.0,0.0000,LOW,Anomalous Pattern,NORMAL,NORMAL
2026-03-14 19:51:37,unknown,,unknown,,,0.0,0.0,0.0,0.0,0.0,0.0,0.0000,LOW,Anomalous Pattern,NORMAL,NORMAL
2026-03-14 19:51:37,unknown,,unknown,,,0.0,0.0,0.0,0.0,0.0,0.0,0.0000,LOW,Anomalous Pattern,NORMAL,NORMAL
2026-03-14 19:51:37,unknown,,unknown,,,0.0,0.0,0.0,0.0,0.0,0.0,0.0000,LOW,Anomalous Pattern,NORMAL,NORMAL
2026-03-14 19:51:37,unknown,,unknown,,,0.0,0.0,0.0,0.0,0.0,0.0,0.0000,LOW,Anomalous Pattern,NORMAL,NORMAL
2026-03-14 19:51:37,unknown,,unknown,,,0.0,0.0,0.0,0.0,0.0,0.0,0.0000,LOW,Anomalous Pattern,NORMAL,NORMAL
2026-03-14 19:51:37,unknown,,unknown,,,0.0,0.0,0.0,0.0,0.0,0.0,0.0000,LOW,Anomalous Pattern,NORMAL,NORMAL
2026-03-14 19:51:37,unknown,,unknown,,,0.0,0.0,0.0,0.0,0.0,0.0,0.0000,LOW,Anomalous Pattern,NORMAL,NORMAL
2026-03-14 19:51:38,unknown,,unknown,,,0.0,0.0,0.0,0.0,0.0,0.0,0.0000,LOW,Anomalous Pattern,NORMAL,NORMAL
2026-03-14 19:51:38,unknown,,unknown,,,0.0,0.0,0.0,0.0,0.0,0.0,0.0000,LOW,Anomalous Pattern,NORMAL,NORMAL
2026-03-14 19:51:38,unknown,,unknown,,,0.0,0.0,0.0,0.0,0.0,0.0,0.0000,LOW,Anomalous Pattern,NORMAL,NORMAL
2026-03-14 19:51:38,unknown,,unknown,,,0.0,0.0,0.0,0.0,0.0,0.0,0.0000,LOW,Anomalous Pattern,NORMAL,NORMAL
2026-03-14 19:51:38,unknown,,unknown,,,0.0,0.0,0.0,0.0,0.0,0.0,0.0000,LOW,Anomalous Pattern,NORMAL,NORMAL
2026-03-14 19:51:38,unknown,,unknown,,,0.0,0.0,0.0,0.0,0.0,0.0,0.0000,LOW,Anomalous Pattern,NORMAL,NORMAL
2026-03-14 19:51:38,unknown,,unknown,,,0.0,0.0,0.0,0.0,0.0,0.0,0.0000,LOW,Anomalous Pattern,NORMAL,NORMAL
2026-03-14 19:51:38,unknown,,unknown,,,0.0,0.0,0.0,0.0,0.0,0.0,0.0000,LOW,Anomalous Pattern,NORMAL,NORMAL
2026-03-14 19:51:38,unknown,,unknown,,,0.0,0.0,0.0,0.0,0.0,0.0,0.0000,LOW,Anomalous Pattern,NORMAL,NORMAL
2026-03-14 19:51:38,unknown,,unknown,,,0.0,0.0,0.0,0.0,0.0,0.0,0.0000,LOW,Anomalous Pattern,NORMAL,NORMAL
2026-03-14 19:51:38,unknown,,unknown,,,0.0,0.0,0.0,0.0,0.0,0.0,0.0000,LOW,Anomalous Pattern,NORMAL,NORMAL
2026-03-14 19:51:38,unknown,,unknown,,,0.0,0.0,0.0,0.0,0.0,0.0,0.0000,LOW,Anomalous Pattern,NORMAL,NORMAL
2026-03-14 19:51:38,unknown,,unknown,,,0.0,0.0,0.0,0.0,0.0,0.0,0.0000,LOW,Anomalous Pattern,NORMAL,NORMAL
2026-03-14 19:51:39,unknown,,unknown,,,0.0,0.0,0.0,0.0,0.0,0.0,0.0000,LOW,Anomalous Pattern,NORMAL,NORMAL
2026-03-14 19:51:39,unknown,,unknown,,,0.0,0.0,0.0,0.0,0.0,0.0,0.0000,LOW,Anomalous Pattern,NORMAL,NORMAL
2026-03-14 19:51:39,unknown,,unknown,,,0.0,0.0,0.0,0.0,0.0,0.0,0.0000,LOW,Anomalous Pattern,NORMAL,NORMAL
2026-03-14 19:51:39,unknown,,unknown,,,0.0,0.0,0.0,0.0,0.0,0.0,0.0000,LOW,Anomalous Pattern,NORMAL,NORMAL
2026-03-14 19:51:39,unknown,,unknown,,,0.0,0.0,0.0,0.0,0.0,0.0,0.0000,LOW,Anomalous Pattern,NORMAL,NORMAL
2026-03-14 19:51:39,unknown,,unknown,,,0.0,0.0,0.0,0.0,0.0,0.0,0.0000,LOW,Anomalous Pattern,NORMAL,NORMAL
2026-03-14 19:51:39,unknown,,unknown,,,0.0,0.0,0.0,0.0,0.0,0.0,0.0000,LOW,Anomalous Pattern,NORMAL,NORMAL
2026-03-14 19:51:39,unknown,,unknown,,,0.0,0.0,0.0,0.0,0.0,0.0,0.0000,LOW,Anomalous Pattern,NORMAL,NORMAL
2026-03-14 19:51:39,unknown,,unknown,,,0.0,0.0,0.0,0.0,0.0,0.0,0.0000,LOW,Anomalous Pattern,NORMAL,NORMAL
2026-03-14 19:51:39,unknown,,unknown,,,0.0,0.0,0.0,0.0,0.0,0.0,0.0000,LOW,Anomalous Pattern,NORMAL,NORMAL
2026-03-14 19:51:39,unknown,,unknown,,,0.0,0.0,0.0,0.0,0.0,0.0,0.0000,LOW,Anomalous Pattern,NORMAL,NORMAL
2026-03-14 19:51:39,unknown,,unknown,,,0.0,0.0,0.0,0.0,0.0,0.0,0.0000,LOW,Anomalous Pattern,NORMAL,NORMAL
2026-03-14 19:51:39,unknown,,unknown,,,0.0,0.0,0.0,0.0,0.0,0.0,0.0000,LOW,Anomalous Pattern,NORMAL,NORMAL
2026-03-14 19:51:40,unknown,,unknown,,,0.0,0.0,0.0,0.0,0.0,0.0,0.0000,LOW,Anomalous Pattern,NORMAL,NORMAL
2026-03-14 19:51:40,unknown,,unknown,,,0.0,0.0,0.0,0.0,0.0,0.0,0.0000,LOW,Anomalous Pattern,NORMAL,NORMAL
2026-03-14 19:51:40,unknown,,unknown,,,0.0,0.0,0.0,0.0,0.0,0.0,0.0000,LOW,Anomalous Pattern,NORMAL,NORMAL
2026-03-14 19:51:40,unknown,,unknown,,,0.0,0.0,0.0,0.0,0.0,0.0,0.0000,LOW,Anomalous Pattern,NORMAL,NORMAL
2026-03-14 19:51:40,unknown,,unknown,,,0.0,0.0,0.0,0.0,0.0,0.0,0.0000,LOW,Anomalous Pattern,NORMAL,NORMAL
2026-03-14 19:51:40,unknown,,unknown,,,0.0,0.0,0.0,0.0,0.0,0.0,0.0000,LOW,Anomalous Pattern,NORMAL,NORMAL
2026-03-14 19:51:40,unknown,,unknown,,,0.0,0.0,0.0,0.0,0.0,0.0,0.0000,LOW,Anomalous Pattern,NORMAL,NORMAL
2026-03-14 19:51:40,unknown,,unknown,,,0.0,0.0,0.0,0.0,0.0,0.0,0.0000,LOW,Anomalous Pattern,NORMAL,NORMAL
2026-03-14 19:51:40,unknown,,unknown,,,0.0,0.0,0.0,0.0,0.0,0.0,0.0000,LOW,Anomalous Pattern,NORMAL,NORMAL
2026-03-14 19:51:40,unknown,,unknown,,,0.0,0.0,0.0,0.0,0.0,0.0,0.0000,LOW,Anomalous Pattern,NORMAL,NORMAL
2026-03-14 19:51:40,unknown,,unknown,,,0.0,0.0,0.0,0.0,0.0,0.0,0.0000,LOW,Anomalous Pattern,NORMAL,NORMAL
2026-03-14 19:51:41,unknown,,unknown,,,0.0,0.0,0.0,0.0,0.0,0.0,0.0000,LOW,Anomalous Pattern,NORMAL,NORMAL
2026-03-14 19:51:41,unknown,,unknown,,,0.0,0.0,0.0,0.0,0.0,0.0,0.0000,LOW,Anomalous Pattern,NORMAL,NORMAL
2026-03-14 19:51:41,unknown,,unknown,,,0.0,0.0,0.0,0.0,0.0,0.0,0.0000,LOW,Anomalous Pattern,NORMAL,NORMAL
2026-03-14 19:51:41,unknown,,unknown,,,0.0,0.0,0.0,0.0,0.0,0.0,0.0000,LOW,Anomalous Pattern,NORMAL,NORMAL
2026-03-14 19:51:41,unknown,,unknown,,,0.0,0.0,0.0,0.0,0.0,0.0,0.0000,LOW,Anomalous Pattern,NORMAL,NORMAL
2026-03-14 19:51:41,unknown,,unknown,,,0.0,0.0,0.0,0.0,0.0,0.0,0.0000,LOW,Anomalous Pattern,NORMAL,NORMAL
2026-03-14 19:51:41,unknown,,unknown,,,0.0,0.0,0.0,0.0,0.0,0.0,0.0000,LOW,Anomalous Pattern,NORMAL,NORMAL
2026-03-14 19:51:41,unknown,,unknown,,,0.0,0.0,0.0,0.0,0.0,0.0,0.0000,LOW,Anomalous Pattern,NORMAL,NORMAL
2026-03-14 19:51:41,unknown,,unknown,,,0.0,0.0,0.0,0.0,0.0,0.0,0.0000,LOW,Anomalous Pattern,NORMAL,NORMAL
2026-03-14 19:51:41,unknown,,unknown,,,0.0,0.0,0.0,0.0,0.0,0.0,0.0000,LOW,Anomalous Pattern,NORMAL,NORMAL
2026-03-14 19:51:41,unknown,,unknown,,,0.0,0.0,0.0,0.0,0.0,0.0,0.0000,LOW,Anomalous Pattern,NORMAL,NORMAL
2026-03-14 19:51:42,unknown,,unknown,,,0.0,0.0,0.0,0.0,0.0,0.0,0.0000,LOW,Anomalous Pattern,NORMAL,NORMAL
2026-03-14 19:51:42,unknown,,unknown,,,0.0,0.0,0.0,0.0,0.0,0.0,0.0000,LOW,Anomalous Pattern,NORMAL,NORMAL
2026-03-14 19:51:42,unknown,,unknown,,,0.0,0.0,0.0,0.0,0.0,0.0,0.0000,LOW,Anomalous Pattern,NORMAL,NORMAL
2026-03-14 19:51:42,unknown,,unknown,,,0.0,0.0,0.0,0.0,0.0,0.0,0.0000,LOW,Anomalous Pattern,NORMAL,NORMAL
2026-03-14 19:51:42,unknown,,unknown,,,0.0,0.0,0.0,0.0,0.0,0.0,0.0000,LOW,Anomalous Pattern,NORMAL,NORMAL
2026-03-14 19:51:42,unknown,,unknown,,,0.0,0.0,0.0,0.0,0.0,0.0,0.0000,LOW,Anomalous Pattern,NORMAL,NORMAL
2026-03-14 19:51:42,unknown,,unknown,,,0.0,0.0,0.0,0.0,0.0,0.0,0.0000,LOW,Anomalous Pattern,NORMAL,NORMAL
2026-03-14 19:51:42,unknown,,unknown,,,0.0,0.0,0.0,0.0,0.0,0.0,0.0000,LOW,Anomalous Pattern,NORMAL,NORMAL
2026-03-14 19:51:42,unknown,,unknown,,,0.0,0.0,0.0,0.0,0.0,0.0,0.0000,LOW,Anomalous Pattern,NORMAL,NORMAL
2026-03-14 19:51:42,unknown,,unknown,,,0.0,0.0,0.0,0.0,0.0,0.0,0.0000,LOW,Anomalous Pattern,NORMAL,NORMAL
2026-03-14 19:51:42,unknown,,unknown,,,0.0,0.0,0.0,0.0,0.0,0.0,0.0000,LOW,Anomalous Pattern,NORMAL,NORMAL
2026-03-14 19:51:42,unknown,,unknown,,,0.0,0.0,0.0,0.0,0.0,0.0,0.0000,LOW,Anomalous Pattern,NORMAL,NORMAL
2026-03-14 19:51:43,unknown,,unknown,,,0.0,0.0,0.0,0.0,0.0,0.0,0.0000,LOW,Anomalous Pattern,NORMAL,NORMAL
2026-03-14 19:51:43,unknown,,unknown,,,0.0,0.0,0.0,0.0,0.0,0.0,0.0000,LOW,Anomalous Pattern,NORMAL,NORMAL
2026-03-14 19:51:43,unknown,,unknown,,,0.0,0.0,0.0,0.0,0.0,0.0,0.0000,LOW,Anomalous Pattern,NORMAL,NORMAL
2026-03-14 19:51:43,unknown,,unknown,,,0.0,0.0,0.0,0.0,0.0,0.0,0.0000,LOW,Anomalous Pattern,NORMAL,NORMAL
2026-03-14 19:51:43,unknown,,unknown,,,0.0,0.0,0.0,0.0,0.0,0.0,0.0000,LOW,Anomalous Pattern,NORMAL,NORMAL
2026-03-14 19:51:43,unknown,,unknown,,,0.0,0.0,0.0,0.0,0.0,0.0,0.0000,LOW,Anomalous Pattern,NORMAL,NORMAL
2026-03-14 19:51:43,unknown,,unknown,,,0.0,0.0,0.0,0.0,0.0,0.0,0.0000,LOW,Anomalous Pattern,NORMAL,NORMAL
2026-03-14 19:51:43,unknown,,unknown,,,0.0,0.0,0.0,0.0,0.0,0.0,0.0000,LOW,Anomalous Pattern,NORMAL,NORMAL
2026-03-14 19:51:43,unknown,,unknown,,,0.0,0.0,0.0,0.0,0.0,0.0,0.0000,LOW,Anomalous Pattern,NORMAL,NORMAL
2026-03-14 19:51:43,unknown,,unknown,,,0.0,0.0,0.0,0.0,0.0,0.0,0.0000,LOW,Anomalous Pattern,NORMAL,NORMAL
2026-03-14 19:51:43,unknown,,unknown,,,0.0,0.0,0.0,0.0,0.0,0.0,0.0000,LOW,Anomalous Pattern,NORMAL,NORMAL
2026-03-14 19:51:44,unknown,,unknown,,,0.0,0.0,0.0,0.0,0.0,0.0,0.0000,LOW,Anomalous Pattern,NORMAL,NORMAL
2026-03-14 19:51:44,unknown,,unknown,,,0.0,0.0,0.0,0.0,0.0,0.0,0.0000,LOW,Anomalous Pattern,NORMAL,NORMAL
2026-03-14 19:51:44,unknown,,unknown,,,0.0,0.0,0.0,0.0,0.0,0.0,0.0000,LOW,Anomalous Pattern,NORMAL,NORMAL
2026-03-14 19:51:44,unknown,,unknown,,,0.0,0.0,0.0,0.0,0.0,0.0,0.0000,LOW,Anomalous Pattern,NORMAL,NORMAL
2026-03-14 19:51:44,unknown,,unknown,,,0.0,0.0,0.0,0.0,0.0,0.0,0.0000,LOW,Anomalous Pattern,NORMAL,NORMAL
2026-03-14 19:51:44,unknown,,unknown,,,0.0,0.0,0.0,0.0,0.0,0.0,0.0000,LOW,Anomalous Pattern,NORMAL,NORMAL
2026-03-14 19:51:44,unknown,,unknown,,,0.0,0.0,0.0,0.0,0.0,0.0,0.0000,LOW,Anomalous Pattern,NORMAL,NORMAL
2026-03-14 19:51:44,unknown,,unknown,,,0.0,0.0,0.0,0.0,0.0,0.0,0.0000,LOW,Anomalous Pattern,NORMAL,NORMAL
2026-03-14 19:51:44,unknown,,unknown,,,0.0,0.0,0.0,0.0,0.0,0.0,0.0000,LOW,Anomalous Pattern,NORMAL,NORMAL
2026-03-14 19:51:44,unknown,,unknown,,,0.0,0.0,0.0,0.0,0.0,0.0,0.0000,LOW,Anomalous Pattern,NORMAL,NORMAL
2026-03-14 19:51:44,unknown,,unknown,,,0.0,0.0,0.0,0.0,0.0,0.0,0.0000,LOW,Anomalous Pattern,NORMAL,NORMAL
2026-03-14 19:51:44,unknown,,unknown,,,0.0,0.0,0.0,0.0,0.0,0.0,0.0000,LOW,Anomalous Pattern,NORMAL,NORMAL
2026-03-14 19:51:44,unknown,,unknown,,,0.0,0.0,0.0,0.0,0.0,0.0,0.0000,LOW,Anomalous Pattern,NORMAL,NORMAL
2026-03-14 19:51:44,unknown,,unknown,,,0.0,0.0,0.0,0.0,0.0,0.0,0.0000,LOW,Anomalous Pattern,NORMAL,NORMAL
2026-03-14 19:51:44,unknown,,unknown,,,0.0,0.0,0.0,0.0,0.0,0.0,0.0000,LOW,Anomalous Pattern,NORMAL,NORMAL
2026-03-14 19:51:45,unknown,,unknown,,,0.0,0.0,0.0,0.0,0.0,0.0,0.0000,LOW,Anomalous Pattern,NORMAL,NORMAL
2026-03-14 19:51:45,unknown,,unknown,,,0.0,0.0,0.0,0.0,0.0,0.0,0.0000,LOW,Anomalous Pattern,NORMAL,NORMAL
2026-03-14 19:51:45,unknown,,unknown,,,0.0,0.0,0.0,0.0,0.0,0.0,0.0000,LOW,Anomalous Pattern,NORMAL,NORMAL
2026-03-14 19:51:45,unknown,,unknown,,,0.0,0.0,0.0,0.0,0.0,0.0,0.0000,LOW,Anomalous Pattern,NORMAL,NORMAL
2026-03-14 19:51:45,unknown,,unknown,,,0.0,0.0,0.0,0.0,0.0,0.0,0.0000,LOW,Anomalous Pattern,NORMAL,NORMAL
2026-03-14 19:51:45,unknown,,unknown,,,0.0,0.0,0.0,0.0,0.0,0.0,0.0000,LOW,Anomalous Pattern,NORMAL,NORMAL
2026-03-14 19:51:45,unknown,,unknown,,,0.0,0.0,0.0,0.0,0.0,0.0,0.0000,LOW,Anomalous Pattern,NORMAL,NORMAL
2026-03-14 19:51:45,unknown,,unknown,,,0.0,0.0,0.0,0.0,0.0,0.0,0.0000,LOW,Anomalous Pattern,NORMAL,NORMAL
2026-03-14 19:51:45,unknown,,unknown,,,0.0,0.0,0.0,0.0,0.0,0.0,0.0000,LOW,Anomalous Pattern,NORMAL,NORMAL
2026-03-14 19:51:45,unknown,,unknown,,,0.0,0.0,0.0,0.0,0.0,0.0,0.0000,LOW,Anomalous Pattern,NORMAL,NORMAL
2026-03-14 19:51:45,unknown,,unknown,,,0.0,0.0,0.0,0.0,0.0,0.0,0.0000,LOW,Anomalous Pattern,NORMAL,NORMAL
2026-03-14 19:51:45,unknown,,unknown,,,0.0,0.0,0.0,0.0,0.0,0.0,0.0000,LOW,Anomalous Pattern,NORMAL,NORMAL
2026-03-14 19:51:45,unknown,,unknown,,,0.0,0.0,0.0,0.0,0.0,0.0,0.0000,LOW,Anomalous Pattern,NORMAL,NORMAL
2026-03-14 19:51:45,unknown,,unknown,,,0.0,0.0,0.0,0.0,0.0,0.0,0.0000,LOW,Anomalous Pattern,NORMAL,NORMAL
2026-03-14 19:51:46,unknown,,unknown,,,0.0,0.0,0.0,0.0,0.0,0.0,0.0000,LOW,Anomalous Pattern,NORMAL,NORMAL
2026-03-14 19:51:46,unknown,,unknown,,,0.0,0.0,0.0,0.0,0.0,0.0,0.0000,LOW,Anomalous Pattern,NORMAL,NORMAL
2026-03-14 19:51:46,unknown,,unknown,,,0.0,0.0,0.0,0.0,0.0,0.0,0.0000,LOW,Anomalous Pattern,NORMAL,NORMAL
2026-03-14 19:51:46,unknown,,unknown,,,0.0,0.0,0.0,0.0,0.0,0.0,0.0000,LOW,Anomalous Pattern,NORMAL,NORMAL
2026-03-14 19:51:46,unknown,,unknown,,,0.0,0.0,0.0,0.0,0.0,0.0,0.0000,LOW,Anomalous Pattern,NORMAL,NORMAL
2026-03-14 19:51:46,unknown,,unknown,,,0.0,0.0,0.0,0.0,0.0,0.0,0.0000,LOW,Anomalous Pattern,NORMAL,NORMAL
2026-03-14 19:51:46,unknown,,unknown,,,0.0,0.0,0.0,0.0,0.0,0.0,0.0000,LOW,Anomalous Pattern,NORMAL,NORMAL
2026-03-14 19:51:46,unknown,,unknown,,,0.0,0.0,0.0,0.0,0.0,0.0,0.0000,LOW,Anomalous Pattern,NORMAL,NORMAL
2026-03-14 19:51:46,unknown,,unknown,,,0.0,0.0,0.0,0.0,0.0,0.0,0.0000,LOW,Anomalous Pattern,NORMAL,NORMAL
2026-03-14 19:51:46,unknown,,unknown,,,0.0,0.0,0.0,0.0,0.0,0.0,0.0000,LOW,Anomalous Pattern,NORMAL,NORMAL
2026-03-14 19:51:46,unknown,,unknown,,,0.0,0.0,0.0,0.0,0.0,0.0,0.0000,LOW,Anomalous Pattern,NORMAL,NORMAL
2026-03-14 19:51:46,unknown,,unknown,,,0.0,0.0,0.0,0.0,0.0,0.0,0.0000,LOW,Anomalous Pattern,NORMAL,NORMAL
2026-03-14 19:51:47,unknown,,unknown,,,0.0,0.0,0.0,0.0,0.0,0.0,0.0000,LOW,Anomalous Pattern,NORMAL,NORMAL
2026-03-14 19:51:47,unknown,,unknown,,,0.0,0.0,0.0,0.0,0.0,0.0,0.0000,LOW,Anomalous Pattern,NORMAL,NORMAL
2026-03-14 19:51:47,unknown,,unknown,,,0.0,0.0,0.0,0.0,0.0,0.0,0.0000,LOW,Anomalous Pattern,NORMAL,NORMAL
2026-03-14 19:51:47,unknown,,unknown,,,0.0,0.0,0.0,0.0,0.0,0.0,0.0000,LOW,Anomalous Pattern,NORMAL,NORMAL
2026-03-14 19:51:47,unknown,,unknown,,,0.0,0.0,0.0,0.0,0.0,0.0,0.0000,LOW,Anomalous Pattern,NORMAL,NORMAL
2026-03-14 19:51:47,unknown,,unknown,,,0.0,0.0,0.0,0.0,0.0,0.0,0.0000,LOW,Anomalous Pattern,NORMAL,NORMAL
2026-03-14 19:51:47,unknown,,unknown,,,0.0,0.0,0.0,0.0,0.0,0.0,0.0000,LOW,Anomalous Pattern,NORMAL,NORMAL
2026-03-14 19:51:47,unknown,,unknown,,,0.0,0.0,0.0,0.0,0.0,0.0,0.0000,LOW,Anomalous Pattern,NORMAL,NORMAL
2026-03-14 19:51:47,unknown,,unknown,,,0.0,0.0,0.0,0.0,0.0,0.0,0.0000,LOW,Anomalous Pattern,NORMAL,NORMAL
2026-03-14 19:51:47,unknown,,unknown,,,0.0,0.0,0.0,0.0,0.0,0.0,0.0000,LOW,Anomalous Pattern,NORMAL,NORMAL
2026-03-14 19:51:47,unknown,,unknown,,,0.0,0.0,0.0,0.0,0.0,0.0,0.0000,LOW,Anomalous Pattern,NORMAL,NORMAL
2026-03-14 19:51:47,unknown,,unknown,,,0.0,0.0,0.0,0.0,0.0,0.0,0.0000,LOW,Anomalous Pattern,NORMAL,NORMAL
2026-03-14 19:51:47,unknown,,unknown,,,0.0,0.0,0.0,0.0,0.0,0.0,0.0000,LOW,Anomalous Pattern,NORMAL,NORMAL
2026-03-14 19:51:48,unknown,,unknown,,,0.0,0.0,0.0,0.0,0.0,0.0,0.0000,LOW,Anomalous Pattern,NORMAL,NORMAL
2026-03-14 19:51:48,unknown,,unknown,,,0.0,0.0,0.0,0.0,0.0,0.0,0.0000,LOW,Anomalous Pattern,NORMAL,NORMAL
2026-03-14 19:51:48,unknown,,unknown,,,0.0,0.0,0.0,0.0,0.0,0.0,0.0000,LOW,Anomalous Pattern,NORMAL,NORMAL
2026-03-14 19:51:48,unknown,,unknown,,,0.0,0.0,0.0,0.0,0.0,0.0,0.0000,LOW,Anomalous Pattern,NORMAL,NORMAL
2026-03-14 19:51:48,unknown,,unknown,,,0.0,0.0,0.0,0.0,0.0,0.0,0.0000,LOW,Anomalous Pattern,NORMAL,NORMAL
2026-03-14 19:51:48,unknown,,unknown,,,0.0,0.0,0.0,0.0,0.0,0.0,0.0000,LOW,Anomalous Pattern,NORMAL,NORMAL
2026-03-14 19:51:48,unknown,,unknown,,,0.0,0.0,0.0,0.0,0.0,0.0,0.0000,LOW,Anomalous Pattern,NORMAL,NORMAL
2026-03-14 19:51:48,unknown,,unknown,,,0.0,0.0,0.0,0.0,0.0,0.0,0.0000,LOW,Anomalous Pattern,NORMAL,NORMAL
2026-03-14 19:51:48,unknown,,unknown,,,0.0,0.0,0.0,0.0,0.0,0.0,0.0000,LOW,Anomalous Pattern,NORMAL,NORMAL
2026-03-14 19:51:48,unknown,,unknown,,,0.0,0.0,0.0,0.0,0.0,0.0,0.0000,LOW,Anomalous Pattern,NORMAL,NORMAL
2026-03-14 19:51:48,unknown,,unknown,,,0.0,0.0,0.0,0.0,0.0,0.0,0.0000,LOW,Anomalous Pattern,NORMAL,NORMAL
2026-03-14 19:51:48,unknown,,unknown,,,0.0,0.0,0.0,0.0,0.0,0.0,0.0000,LOW,Anomalous Pattern,NORMAL,NORMAL
2026-03-14 19:51:49,unknown,,unknown,,,0.0,0.0,0.0,0.0,0.0,0.0,0.0000,LOW,Anomalous Pattern,NORMAL,NORMAL
2026-03-14 19:51:49,unknown,,unknown,,,0.0,0.0,0.0,0.0,0.0,0.0,0.0000,LOW,Anomalous Pattern,NORMAL,NORMAL
2026-03-14 19:51:49,unknown,,unknown,,,0.0,0.0,0.0,0.0,0.0,0.0,0.0000,LOW,Anomalous Pattern,NORMAL,NORMAL
2026-03-14 19:51:49,unknown,,unknown,,,0.0,0.0,0.0,0.0,0.0,0.0,0.0000,LOW,Anomalous Pattern,NORMAL,NORMAL
2026-03-14 19:51:49,unknown,,unknown,,,0.0,0.0,0.0,0.0,0.0,0.0,0.0000,LOW,Anomalous Pattern,NORMAL,NORMAL
2026-03-14 19:51:49,unknown,,unknown,,,0.0,0.0,0.0,0.0,0.0,0.0,0.0000,LOW,Anomalous Pattern,NORMAL,NORMAL
2026-03-14 19:51:49,unknown,,unknown,,,0.0,0.0,0.0,0.0,0.0,0.0,0.0000,LOW,Anomalous Pattern,NORMAL,NORMAL
2026-03-14 19:51:49,unknown,,unknown,,,0.0,0.0,0.0,0.0,0.0,0.0,0.0000,LOW,Anomalous Pattern,NORMAL,NORMAL
2026-03-14 19:51:49,unknown,,unknown,,,0.0,0.0,0.0,0.0,0.0,0.0,0.0000,LOW,Anomalous Pattern,NORMAL,NORMAL
2026-03-14 19:51:49,unknown,,unknown,,,0.0,0.0,0.0,0.0,0.0,0.0,0.0000,LOW,Anomalous Pattern,NORMAL,NORMAL
2026-03-14 19:51:49,unknown,,unknown,,,0.0,0.0,0.0,0.0,0.0,0.0,0.0000,LOW,Anomalous Pattern,NORMAL,NORMAL
2026-03-14 19:51:49,unknown,,unknown,,,0.0,0.0,0.0,0.0,0.0,0.0,0.0000,LOW,Anomalous Pattern,NORMAL,NORMAL
2026-03-14 19:51:49,unknown,,unknown,,,0.0,0.0,0.0,0.0,0.0,0.0,0.0000,LOW,Anomalous Pattern,NORMAL,NORMAL
2026-03-14 19:51:49,unknown,,unknown,,,0.0,0.0,0.0,0.0,0.0,0.0,0.0000,LOW,Anomalous Pattern,NORMAL,NORMAL
2026-03-14 19:51:49,unknown,,unknown,,,0.0,0.0,0.0,0.0,0.0,0.0,0.0000,LOW,Anomalous Pattern,NORMAL,NORMAL
2026-03-14 19:51:50,unknown,,unknown,,,0.0,0.0,0.0,0.0,0.0,0.0,0.0000,LOW,Anomalous Pattern,NORMAL,NORMAL
2026-03-14 19:51:50,unknown,,unknown,,,0.0,0.0,0.0,0.0,0.0,0.0,0.0000,LOW,Anomalous Pattern,NORMAL,NORMAL
2026-03-14 19:51:50,unknown,,unknown,,,0.0,0.0,0.0,0.0,0.0,0.0,0.0000,LOW,Anomalous Pattern,NORMAL,NORMAL
2026-03-14 19:51:50,unknown,,unknown,,,0.0,0.0,0.0,0.0,0.0,0.0,0.0000,LOW,Anomalous Pattern,NORMAL,NORMAL
2026-03-14 19:51:50,unknown,,unknown,,,0.0,0.0,0.0,0.0,0.0,0.0,0.0000,LOW,Anomalous Pattern,NORMAL,NORMAL
2026-03-14 19:51:50,unknown,,unknown,,,0.0,0.0,0.0,0.0,0.0,0.0,0.0000,LOW,Anomalous Pattern,NORMAL,NORMAL
2026-03-14 19:51:50,unknown,,unknown,,,0.0,0.0,0.0,0.0,0.0,0.0,0.0000,LOW,Anomalous Pattern,NORMAL,NORMAL
2026-03-14 19:51:50,unknown,,unknown,,,0.0,0.0,0.0,0.0,0.0,0.0,0.0000,LOW,Anomalous Pattern,NORMAL,NORMAL
2026-03-14 19:51:50,unknown,,unknown,,,0.0,0.0,0.0,0.0,0.0,0.0,0.0000,LOW,Anomalous Pattern,NORMAL,NORMAL
2026-03-14 19:51:50,unknown,,unknown,,,0.0,0.0,0.0,0.0,0.0,0.0,0.0000,LOW,Anomalous Pattern,NORMAL,NORMAL
2026-03-14 19:51:50,unknown,,unknown,,,0.0,0.0,0.0,0.0,0.0,0.0,0.0000,LOW,Anomalous Pattern,NORMAL,NORMAL
2026-03-14 19:51:50,unknown,,unknown,,,0.0,0.0,0.0,0.0,0.0,0.0,0.0000,LOW,Anomalous Pattern,NORMAL,NORMAL
2026-03-14 19:51:51,unknown,,unknown,,,0.0,0.0,0.0,0.0,0.0,0.0,0.0000,LOW,Anomalous Pattern,NORMAL,NORMAL
2026-03-14 19:51:51,unknown,,unknown,,,0.0,0.0,0.0,0.0,0.0,0.0,0.0000,LOW,Anomalous Pattern,NORMAL,NORMAL
2026-03-14 19:51:51,unknown,,unknown,,,0.0,0.0,0.0,0.0,0.0,0.0,0.0000,LOW,Anomalous Pattern,NORMAL,NORMAL
2026-03-14 19:51:51,unknown,,unknown,,,0.0,0.0,0.0,0.0,0.0,0.0,0.0000,LOW,Anomalous Pattern,NORMAL,NORMAL
2026-03-14 19:51:51,unknown,,unknown,,,0.0,0.0,0.0,0.0,0.0,0.0,0.0000,LOW,Anomalous Pattern,NORMAL,NORMAL
2026-03-14 19:51:51,unknown,,unknown,,,0.0,0.0,0.0,0.0,0.0,0.0,0.0000,LOW,Anomalous Pattern,NORMAL,NORMAL
2026-03-14 19:51:51,unknown,,unknown,,,0.0,0.0,0.0,0.0,0.0,0.0,0.0000,LOW,Anomalous Pattern,NORMAL,NORMAL
2026-03-14 19:51:51,unknown,,unknown,,,0.0,0.0,0.0,0.0,0.0,0.0,0.0000,LOW,Anomalous Pattern,NORMAL,NORMAL
2026-03-14 19:51:51,unknown,,unknown,,,0.0,0.0,0.0,0.0,0.0,0.0,0.0000,LOW,Anomalous Pattern,NORMAL,NORMAL
2026-03-14 19:51:51,unknown,,unknown,,,0.0,0.0,0.0,0.0,0.0,0.0,0.0000,LOW,Anomalous Pattern,NORMAL,NORMAL
2026-03-14 19:51:51,unknown,,unknown,,,0.0,0.0,0.0,0.0,0.0,0.0,0.0000,LOW,Anomalous Pattern,NORMAL,NORMAL
2026-03-14 19:51:51,unknown,,unknown,,,0.0,0.0,0.0,0.0,0.0,0.0,0.0000,LOW,Anomalous Pattern,NORMAL,NORMAL
2026-03-14 19:51:51,unknown,,unknown,,,0.0,0.0,0.0,0.0,0.0,0.0,0.0000,LOW,Anomalous Pattern,NORMAL,NORMAL
2026-03-14 19:51:51,unknown,,unknown,,,0.0,0.0,0.0,0.0,0.0,0.0,0.0000,LOW,Anomalous Pattern,NORMAL,NORMAL
2026-03-14 19:51:52,unknown,,unknown,,,0.0,0.0,0.0,0.0,0.0,0.0,0.0000,LOW,Anomalous Pattern,NORMAL,NORMAL
2026-03-14 19:51:52,unknown,,unknown,,,0.0,0.0,0.0,0.0,0.0,0.0,0.0000,LOW,Anomalous Pattern,NORMAL,NORMAL
2026-03-14 19:51:52,unknown,,unknown,,,0.0,0.0,0.0,0.0,0.0,0.0,0.0000,LOW,Anomalous Pattern,NORMAL,NORMAL
2026-03-14 19:51:52,unknown,,unknown,,,0.0,0.0,0.0,0.0,0.0,0.0,0.0000,LOW,Anomalous Pattern,NORMAL,NORMAL
2026-03-14 19:51:52,unknown,,unknown,,,0.0,0.0,0.0,0.0,0.0,0.0,0.0000,LOW,Anomalous Pattern,NORMAL,NORMAL
2026-03-14 19:51:52,unknown,,unknown,,,0.0,0.0,0.0,0.0,0.0,0.0,0.0000,LOW,Anomalous Pattern,NORMAL,NORMAL
2026-03-14 19:51:52,unknown,,unknown,,,0.0,0.0,0.0,0.0,0.0,0.0,0.0000,LOW,Anomalous Pattern,NORMAL,NORMAL
2026-03-14 19:51:52,unknown,,unknown,,,0.0,0.0,0.0,0.0,0.0,0.0,0.0000,LOW,Anomalous Pattern,NORMAL,NORMAL
2026-03-14 19:51:52,unknown,,unknown,,,0.0,0.0,0.0,0.0,0.0,0.0,0.0000,LOW,Anomalous Pattern,NORMAL,NORMAL
2026-03-14 19:51:52,unknown,,unknown,,,0.0,0.0,0.0,0.0,0.0,0.0,0.0000,LOW,Anomalous Pattern,NORMAL,NORMAL
2026-03-14 19:51:52,unknown,,unknown,,,0.0,0.0,0.0,0.0,0.0,0.0,0.0000,LOW,Anomalous Pattern,NORMAL,NORMAL
2026-03-14 19:51:53,unknown,,unknown,,,0.0,0.0,0.0,0.0,0.0,0.0,0.0000,LOW,Anomalous Pattern,NORMAL,NORMAL
2026-03-14 19:51:53,unknown,,unknown,,,0.0,0.0,0.0,0.0,0.0,0.0,0.0000,LOW,Anomalous Pattern,NORMAL,NORMAL
2026-03-14 19:51:53,unknown,,unknown,,,0.0,0.0,0.0,0.0,0.0,0.0,0.0000,LOW,Anomalous Pattern,NORMAL,NORMAL
2026-03-14 19:51:53,unknown,,unknown,,,0.0,0.0,0.0,0.0,0.0,0.0,0.0000,LOW,Anomalous Pattern,NORMAL,NORMAL
2026-03-14 19:51:53,unknown,,unknown,,,0.0,0.0,0.0,0.0,0.0,0.0,0.0000,LOW,Anomalous Pattern,NORMAL,NORMAL
2026-03-14 19:51:53,unknown,,unknown,,,0.0,0.0,0.0,0.0,0.0,0.0,0.0000,LOW,Anomalous Pattern,NORMAL,NORMAL
2026-03-14 19:51:53,unknown,,unknown,,,0.0,0.0,0.0,0.0,0.0,0.0,0.0000,LOW,Anomalous Pattern,NORMAL,NORMAL
2026-03-14 19:51:53,unknown,,unknown,,,0.0,0.0,0.0,0.0,0.0,0.0,0.0000,LOW,Anomalous Pattern,NORMAL,NORMAL
2026-03-14 19:51:53,unknown,,unknown,,,0.0,0.0,0.0,0.0,0.0,0.0,0.0000,LOW,Anomalous Pattern,NORMAL,NORMAL
2026-03-14 19:51:53,unknown,,unknown,,,0.0,0.0,0.0,0.0,0.0,0.0,0.0000,LOW,Anomalous Pattern,NORMAL,NORMAL
2026-03-14 19:51:53,unknown,,unknown,,,0.0,0.0,0.0,0.0,0.0,0.0,0.0000,LOW,Anomalous Pattern,NORMAL,NORMAL
2026-03-14 19:51:53,unknown,,unknown,,,0.0,0.0,0.0,0.0,0.0,0.0,0.0000,LOW,Anomalous Pattern,NORMAL,NORMAL
2026-03-14 19:51:53,unknown,,unknown,,,0.0,0.0,0.0,0.0,0.0,0.0,0.0000,LOW,Anomalous Pattern,NORMAL,NORMAL
2026-03-14 19:51:53,unknown,,unknown,,,0.0,0.0,0.0,0.0,0.0,0.0,0.0000,LOW,Anomalous Pattern,NORMAL,NORMAL
2026-03-14 19:51:54,unknown,,unknown,,,0.0,0.0,0.0,0.0,0.0,0.0,0.0000,LOW,Anomalous Pattern,NORMAL,NORMAL
2026-03-14 19:51:54,unknown,,unknown,,,0.0,0.0,0.0,0.0,0.0,0.0,0.0000,LOW,Anomalous Pattern,NORMAL,NORMAL
2026-03-14 19:51:54,unknown,,unknown,,,0.0,0.0,0.0,0.0,0.0,0.0,0.0000,LOW,Anomalous Pattern,NORMAL,NORMAL
2026-03-14 19:51:54,unknown,,unknown,,,0.0,0.0,0.0,0.0,0.0,0.0,0.0000,LOW,Anomalous Pattern,NORMAL,NORMAL
2026-03-14 19:51:54,unknown,,unknown,,,0.0,0.0,0.0,0.0,0.0,0.0,0.0000,LOW,Anomalous Pattern,NORMAL,NORMAL
2026-03-14 19:51:54,unknown,,unknown,,,0.0,0.0,0.0,0.0,0.0,0.0,0.0000,LOW,Anomalous Pattern,NORMAL,NORMAL
2026-03-14 19:51:54,unknown,,unknown,,,0.0,0.0,0.0,0.0,0.0,0.0,0.0000,LOW,Anomalous Pattern,NORMAL,NORMAL
2026-03-14 19:51:54,unknown,,unknown,,,0.0,0.0,0.0,0.0,0.0,0.0,0.0000,LOW,Anomalous Pattern,NORMAL,NORMAL
2026-03-14 19:51:54,unknown,,unknown,,,0.0,0.0,0.0,0.0,0.0,0.0,0.0000,LOW,Anomalous Pattern,NORMAL,NORMAL
2026-03-14 19:51:54,unknown,,unknown,,,0.0,0.0,0.0,0.0,0.0,0.0,0.0000,LOW,Anomalous Pattern,NORMAL,NORMAL
2026-03-14 19:51:54,unknown,,unknown,,,0.0,0.0,0.0,0.0,0.0,0.0,0.0000,LOW,Anomalous Pattern,NORMAL,NORMAL
2026-03-14 19:51:55,unknown,,unknown,,,0.0,0.0,0.0,0.0,0.0,0.0,0.0000,LOW,Anomalous Pattern,NORMAL,NORMAL
2026-03-14 19:51:55,unknown,,unknown,,,0.0,0.0,0.0,0.0,0.0,0.0,0.0000,LOW,Anomalous Pattern,NORMAL,NORMAL
2026-03-14 19:51:55,unknown,,unknown,,,0.0,0.0,0.0,0.0,0.0,0.0,0.0000,LOW,Anomalous Pattern,NORMAL,NORMAL
2026-03-14 19:51:55,unknown,,unknown,,,0.0,0.0,0.0,0.0,0.0,0.0,0.0000,LOW,Anomalous Pattern,NORMAL,NORMAL
2026-03-14 19:51:55,unknown,,unknown,,,0.0,0.0,0.0,0.0,0.0,0.0,0.0000,LOW,Anomalous Pattern,NORMAL,NORMAL
2026-03-14 19:51:55,unknown,,unknown,,,0.0,0.0,0.0,0.0,0.0,0.0,0.0000,LOW,Anomalous Pattern,NORMAL,NORMAL
2026-03-14 19:51:55,unknown,,unknown,,,0.0,0.0,0.0,0.0,0.0,0.0,0.0000,LOW,Anomalous Pattern,NORMAL,NORMAL
2026-03-14 19:51:55,unknown,,unknown,,,0.0,0.0,0.0,0.0,0.0,0.0,0.0000,LOW,Anomalous Pattern,NORMAL,NORMAL
2026-03-14 19:51:55,unknown,,unknown,,,0.0,0.0,0.0,0.0,0.0,0.0,0.0000,LOW,Anomalous Pattern,NORMAL,NORMAL
2026-03-14 19:51:55,unknown,,unknown,,,0.0,0.0,0.0,0.0,0.0,0.0,0.0000,LOW,Anomalous Pattern,NORMAL,NORMAL
2026-03-14 19:51:56,unknown,,unknown,,,0.0,0.0,0.0,0.0,0.0,0.0,0.0000,LOW,Anomalous Pattern,NORMAL,NORMAL
2026-03-14 19:51:56,unknown,,unknown,,,0.0,0.0,0.0,0.0,0.0,0.0,0.0000,LOW,Anomalous Pattern,NORMAL,NORMAL
2026-03-14 19:51:56,unknown,,unknown,,,0.0,0.0,0.0,0.0,0.0,0.0,0.0000,LOW,Anomalous Pattern,NORMAL,NORMAL
2026-03-14 19:51:56,unknown,,unknown,,,0.0,0.0,0.0,0.0,0.0,0.0,0.0000,LOW,Anomalous Pattern,NORMAL,NORMAL
2026-03-14 19:51:56,unknown,,unknown,,,0.0,0.0,0.0,0.0,0.0,0.0,0.0000,LOW,Anomalous Pattern,NORMAL,NORMAL
2026-03-14 19:51:56,unknown,,unknown,,,0.0,0.0,0.0,0.0,0.0,0.0,0.0000,LOW,Anomalous Pattern,NORMAL,NORMAL
2026-03-14 19:51:56,unknown,,unknown,,,0.0,0.0,0.0,0.0,0.0,0.0,0.0000,LOW,Anomalous Pattern,NORMAL,NORMAL
2026-03-14 19:51:56,unknown,,unknown,,,0.0,0.0,0.0,0.0,0.0,0.0,0.0000,LOW,Anomalous Pattern,NORMAL,NORMAL
2026-03-14 19:51:56,unknown,,unknown,,,0.0,0.0,0.0,0.0,0.0,0.0,0.0000,LOW,Anomalous Pattern,NORMAL,NORMAL
2026-03-14 19:51:56,unknown,,unknown,,,0.0,0.0,0.0,0.0,0.0,0.0,0.0000,LOW,Anomalous Pattern,NORMAL,NORMAL
2026-03-14 19:51:56,unknown,,unknown,,,0.0,0.0,0.0,0.0,0.0,0.0,0.0000,LOW,Anomalous Pattern,NORMAL,NORMAL
2026-03-14 19:51:56,unknown,,unknown,,,0.0,0.0,0.0,0.0,0.0,0.0,0.0000,LOW,Anomalous Pattern,NORMAL,NORMAL
2026-03-14 19:51:56,unknown,,unknown,,,0.0,0.0,0.0,0.0,0.0,0.0,0.0000,LOW,Anomalous Pattern,NORMAL,NORMAL
2026-03-14 19:51:56,unknown,,unknown,,,0.0,0.0,0.0,0.0,0.0,0.0,0.0000,LOW,Anomalous Pattern,NORMAL,NORMAL
2026-03-14 19:51:56,unknown,,unknown,,,0.0,0.0,0.0,0.0,0.0,0.0,0.0000,LOW,Anomalous Pattern,NORMAL,NORMAL
2026-03-14 19:51:57,unknown,,unknown,,,0.0,0.0,0.0,0.0,0.0,0.0,0.0000,LOW,Anomalous Pattern,NORMAL,NORMAL
2026-03-14 19:51:57,unknown,,unknown,,,0.0,0.0,0.0,0.0,0.0,0.0,0.0000,LOW,Anomalous Pattern,NORMAL,NORMAL
2026-03-14 19:51:57,unknown,,unknown,,,0.0,0.0,0.0,0.0,0.0,0.0,0.0000,LOW,Anomalous Pattern,NORMAL,NORMAL
2026-03-14 19:51:57,unknown,,unknown,,,0.0,0.0,0.0,0.0,0.0,0.0,0.0000,LOW,Anomalous Pattern,NORMAL,NORMAL
2026-03-14 19:51:57,unknown,,unknown,,,0.0,0.0,0.0,0.0,0.0,0.0,0.0000,LOW,Anomalous Pattern,NORMAL,NORMAL
2026-03-14 19:51:57,unknown,,unknown,,,0.0,0.0,0.0,0.0,0.0,0.0,0.0000,LOW,Anomalous Pattern,NORMAL,NORMAL
2026-03-14 19:51:57,unknown,,unknown,,,0.0,0.0,0.0,0.0,0.0,0.0,0.0000,LOW,Anomalous Pattern,NORMAL,NORMAL
2026-03-14 19:51:57,unknown,,unknown,,,0.0,0.0,0.0,0.0,0.0,0.0,0.0000,LOW,Anomalous Pattern,NORMAL,NORMAL
2026-03-14 19:51:57,unknown,,unknown,,,0.0,0.0,0.0,0.0,0.0,0.0,0.0000,LOW,Anomalous Pattern,NORMAL,NORMAL
2026-03-14 19:51:58,unknown,,unknown,,,0.0,0.0,0.0,0.0,0.0,0.0,0.0000,LOW,Anomalous Pattern,NORMAL,NORMAL
2026-03-14 19:51:58,unknown,,unknown,,,0.0,0.0,0.0,0.0,0.0,0.0,0.0000,LOW,Anomalous Pattern,NORMAL,NORMAL
2026-03-14 19:51:58,unknown,,unknown,,,0.0,0.0,0.0,0.0,0.0,0.0,0.0000,LOW,Anomalous Pattern,NORMAL,NORMAL
2026-03-14 19:51:58,unknown,,unknown,,,0.0,0.0,0.0,0.0,0.0,0.0,0.0000,LOW,Anomalous Pattern,NORMAL,NORMAL
2026-03-14 19:51:58,unknown,,unknown,,,0.0,0.0,0.0,0.0,0.0,0.0,0.0000,LOW,Anomalous Pattern,NORMAL,NORMAL
2026-03-14 19:51:58,unknown,,unknown,,,0.0,0.0,0.0,0.0,0.0,0.0,0.0000,LOW,Anomalous Pattern,NORMAL,NORMAL
2026-03-14 19:51:58,unknown,,unknown,,,0.0,0.0,0.0,0.0,0.0,0.0,0.0000,LOW,Anomalous Pattern,NORMAL,NORMAL
2026-03-14 19:51:58,unknown,,unknown,,,0.0,0.0,0.0,0.0,0.0,0.0,0.0000,LOW,Anomalous Pattern,NORMAL,NORMAL
2026-03-14 19:51:58,unknown,,unknown,,,0.0,0.0,0.0,0.0,0.0,0.0,0.0000,LOW,Anomalous Pattern,NORMAL,NORMAL
2026-03-14 19:51:58,unknown,,unknown,,,0.0,0.0,0.0,0.0,0.0,0.0,0.0000,LOW,Anomalous Pattern,NORMAL,NORMAL
2026-03-14 19:51:58,unknown,,unknown,,,0.0,0.0,0.0,0.0,0.0,0.0,0.0000,LOW,Anomalous Pattern,NORMAL,NORMAL
2026-03-14 19:51:58,unknown,,unknown,,,0.0,0.0,0.0,0.0,0.0,0.0,0.0000,LOW,Anomalous Pattern,NORMAL,NORMAL
2026-03-14 19:51:59,unknown,,unknown,,,0.0,0.0,0.0,0.0,0.0,0.0,0.0000,LOW,Anomalous Pattern,NORMAL,NORMAL
2026-03-14 19:51:59,unknown,,unknown,,,0.0,0.0,0.0,0.0,0.0,0.0,0.0000,LOW,Anomalous Pattern,NORMAL,NORMAL
2026-03-14 19:51:59,unknown,,unknown,,,0.0,0.0,0.0,0.0,0.0,0.0,0.0000,LOW,Anomalous Pattern,NORMAL,NORMAL
2026-03-14 19:51:59,unknown,,unknown,,,0.0,0.0,0.0,0.0,0.0,0.0,0.0000,LOW,Anomalous Pattern,NORMAL,NORMAL
2026-03-14 19:51:59,unknown,,unknown,,,0.0,0.0,0.0,0.0,0.0,0.0,0.0000,LOW,Anomalous Pattern,NORMAL,NORMAL
2026-03-14 19:51:59,unknown,,unknown,,,0.0,0.0,0.0,0.0,0.0,0.0,0.0000,LOW,Anomalous Pattern,NORMAL,NORMAL
2026-03-14 19:51:59,unknown,,unknown,,,0.0,0.0,0.0,0.0,0.0,0.0,0.0000,LOW,Anomalous Pattern,NORMAL,NORMAL
2026-03-14 19:51:59,unknown,,unknown,,,0.0,0.0,0.0,0.0,0.0,0.0,0.0000,LOW,Anomalous Pattern,NORMAL,NORMAL
2026-03-14 19:51:59,unknown,,unknown,,,0.0,0.0,0.0,0.0,0.0,0.0,0.0000,LOW,Anomalous Pattern,NORMAL,NORMAL
2026-03-14 19:51:59,unknown,,unknown,,,0.0,0.0,0.0,0.0,0.0,0.0,0.0000,LOW,Anomalous Pattern,NORMAL,NORMAL
2026-03-14 19:51:59,unknown,,unknown,,,0.0,0.0,0.0,0.0,0.0,0.0,0.0000,LOW,Anomalous Pattern,NORMAL,NORMAL
2026-03-14 19:51:59,unknown,,unknown,,,0.0,0.0,0.0,0.0,0.0,0.0,0.0000,LOW,Anomalous Pattern,NORMAL,NORMAL
2026-03-14 19:51:59,unknown,,unknown,,,0.0,0.0,0.0,0.0,0.0,0.0,0.0000,LOW,Anomalous Pattern,NORMAL,NORMAL
2026-03-14 19:51:59,unknown,,unknown,,,0.0,0.0,0.0,0.0,0.0,0.0,0.0000,LOW,Anomalous Pattern,NORMAL,NORMAL
2026-03-14 19:51:59,unknown,,unknown,,,0.0,0.0,0.0,0.0,0.0,0.0,0.0000,LOW,Anomalous Pattern,NORMAL,NORMAL
2026-03-14 19:52:00,unknown,,unknown,,,0.0,0.0,0.0,0.0,0.0,0.0,0.0000,LOW,Anomalous Pattern,NORMAL,NORMAL
2026-03-14 19:52:00,unknown,,unknown,,,0.0,0.0,0.0,0.0,0.0,0.0,0.0000,LOW,Anomalous Pattern,NORMAL,NORMAL
2026-03-14 19:52:00,unknown,,unknown,,,0.0,0.0,0.0,0.0,0.0,0.0,0.0000,LOW,Anomalous Pattern,NORMAL,NORMAL
2026-03-14 19:52:00,unknown,,unknown,,,0.0,0.0,0.0,0.0,0.0,0.0,0.0000,LOW,Anomalous Pattern,NORMAL,NORMAL
2026-03-14 19:52:00,unknown,,unknown,,,0.0,0.0,0.0,0.0,0.0,0.0,0.0000,LOW,Anomalous Pattern,NORMAL,NORMAL
2026-03-14 19:52:00,unknown,,unknown,,,0.0,0.0,0.0,0.0,0.0,0.0,0.0000,LOW,Anomalous Pattern,NORMAL,NORMAL
2026-03-14 19:52:00,unknown,,unknown,,,0.0,0.0,0.0,0.0,0.0,0.0,0.0000,LOW,Anomalous Pattern,NORMAL,NORMAL
2026-03-14 19:52:01,unknown,,unknown,,,0.0,0.0,0.0,0.0,0.0,0.0,0.0000,LOW,Anomalous Pattern,NORMAL,NORMAL
2026-03-14 19:52:01,unknown,,unknown,,,0.0,0.0,0.0,0.0,0.0,0.0,0.0000,LOW,Anomalous Pattern,NORMAL,NORMAL
2026-03-14 19:52:01,unknown,,unknown,,,0.0,0.0,0.0,0.0,0.0,0.0,0.0000,LOW,Anomalous Pattern,NORMAL,NORMAL
2026-03-14 19:52:01,unknown,,unknown,,,0.0,0.0,0.0,0.0,0.0,0.0,0.0000,LOW,Anomalous Pattern,NORMAL,NORMAL
2026-03-14 19:52:01,unknown,,unknown,,,0.0,0.0,0.0,0.0,0.0,0.0,0.0000,LOW,Anomalous Pattern,NORMAL,NORMAL
2026-03-14 19:52:01,unknown,,unknown,,,0.0,0.0,0.0,0.0,0.0,0.0,0.0000,LOW,Anomalous Pattern,NORMAL,NORMAL
2026-03-14 19:52:01,unknown,,unknown,,,0.0,0.0,0.0,0.0,0.0,0.0,0.0000,LOW,Anomalous Pattern,NORMAL,NORMAL
2026-03-14 19:52:01,unknown,,unknown,,,0.0,0.0,0.0,0.0,0.0,0.0,0.0000,LOW,Anomalous Pattern,NORMAL,NORMAL
2026-03-14 19:52:02,unknown,,unknown,,,0.0,0.0,0.0,0.0,0.0,0.0,0.0000,LOW,Anomalous Pattern,NORMAL,NORMAL
2026-03-14 19:52:02,unknown,,unknown,,,0.0,0.0,0.0,0.0,0.0,0.0,0.0000,LOW,Anomalous Pattern,NORMAL,NORMAL
2026-03-14 19:52:02,unknown,,unknown,,,0.0,0.0,0.0,0.0,0.0,0.0,0.0000,LOW,Anomalous Pattern,NORMAL,NORMAL
2026-03-14 19:52:02,unknown,,unknown,,,0.0,0.0,0.0,0.0,0.0,0.0,0.0000,LOW,Anomalous Pattern,NORMAL,NORMAL
2026-03-14 19:52:02,unknown,,unknown,,,0.0,0.0,0.0,0.0,0.0,0.0,0.0000,LOW,Anomalous Pattern,NORMAL,NORMAL
2026-03-14 19:52:02,unknown,,unknown,,,0.0,0.0,0.0,0.0,0.0,0.0,0.0000,LOW,Anomalous Pattern,NORMAL,NORMAL
2026-03-14 19:52:02,unknown,,unknown,,,0.0,0.0,0.0,0.0,0.0,0.0,0.0000,LOW,Anomalous Pattern,NORMAL,NORMAL
2026-03-14 19:52:02,unknown,,unknown,,,0.0,0.0,0.0,0.0,0.0,0.0,0.0000,LOW,Anomalous Pattern,NORMAL,NORMAL
2026-03-14 19:52:02,unknown,,unknown,,,0.0,0.0,0.0,0.0,0.0,0.0,0.0000,LOW,Anomalous Pattern,NORMAL,NORMAL
2026-03-14 19:52:02,unknown,,unknown,,,0.0,0.0,0.0,0.0,0.0,0.0,0.0000,LOW,Anomalous Pattern,NORMAL,NORMAL
2026-03-14 19:52:02,unknown,,unknown,,,0.0,0.0,0.0,0.0,0.0,0.0,0.0000,LOW,Anomalous Pattern,NORMAL,NORMAL
2026-03-14 19:52:02,unknown,,unknown,,,0.0,0.0,0.0,0.0,0.0,0.0,0.0000,LOW,Anomalous Pattern,NORMAL,NORMAL
2026-03-14 19:52:02,unknown,,unknown,,,0.0,0.0,0.0,0.0,0.0,0.0,0.0000,LOW,Anomalous Pattern,NORMAL,NORMAL
2026-03-14 19:52:02,unknown,,unknown,,,0.0,0.0,0.0,0.0,0.0,0.0,0.0000,LOW,Anomalous Pattern,NORMAL,NORMAL
2026-03-14 19:52:02,unknown,,unknown,,,0.0,0.0,0.0,0.0,0.0,0.0,0.0000,LOW,Anomalous Pattern,NORMAL,NORMAL
2026-03-14 19:52:03,unknown,,unknown,,,0.0,0.0,0.0,0.0,0.0,0.0,0.0000,LOW,Anomalous Pattern,NORMAL,NORMAL
2026-03-14 19:52:03,unknown,,unknown,,,0.0,0.0,0.0,0.0,0.0,0.0,0.0000,LOW,Anomalous Pattern,NORMAL,NORMAL
2026-03-14 19:52:03,unknown,,unknown,,,0.0,0.0,0.0,0.0,0.0,0.0,0.0000,LOW,Anomalous Pattern,NORMAL,NORMAL
2026-03-14 19:52:03,unknown,,unknown,,,0.0,0.0,0.0,0.0,0.0,0.0,0.0000,LOW,Anomalous Pattern,NORMAL,NORMAL
2026-03-14 19:52:03,unknown,,unknown,,,0.0,0.0,0.0,0.0,0.0,0.0,0.0000,LOW,Anomalous Pattern,NORMAL,NORMAL
2026-03-14 19:52:03,unknown,,unknown,,,0.0,0.0,0.0,0.0,0.0,0.0,0.0000,LOW,Anomalous Pattern,NORMAL,NORMAL
2026-03-14 19:52:03,unknown,,unknown,,,0.0,0.0,0.0,0.0,0.0,0.0,0.0000,LOW,Anomalous Pattern,NORMAL,NORMAL
2026-03-14 19:52:03,unknown,,unknown,,,0.0,0.0,0.0,0.0,0.0,0.0,0.0000,LOW,Anomalous Pattern,NORMAL,NORMAL
2026-03-14 19:52:03,unknown,,unknown,,,0.0,0.0,0.0,0.0,0.0,0.0,0.0000,LOW,Anomalous Pattern,NORMAL,NORMAL
2026-03-14 19:52:03,unknown,,unknown,,,0.0,0.0,0.0,0.0,0.0,0.0,0.0000,LOW,Anomalous Pattern,NORMAL,NORMAL
2026-03-14 19:52:04,unknown,,unknown,,,0.0,0.0,0.0,0.0,0.0,0.0,0.0000,LOW,Anomalous Pattern,NORMAL,NORMAL
2026-03-14 19:52:04,unknown,,unknown,,,0.0,0.0,0.0,0.0,0.0,0.0,0.0000,LOW,Anomalous Pattern,NORMAL,NORMAL
2026-03-14 19:52:04,unknown,,unknown,,,0.0,0.0,0.0,0.0,0.0,0.0,0.0000,LOW,Anomalous Pattern,NORMAL,NORMAL
2026-03-14 19:52:04,unknown,,unknown,,,0.0,0.0,0.0,0.0,0.0,0.0,0.0000,LOW,Anomalous Pattern,NORMAL,NORMAL
2026-03-14 19:52:04,unknown,,unknown,,,0.0,0.0,0.0,0.0,0.0,0.0,0.0000,LOW,Anomalous Pattern,NORMAL,NORMAL
2026-03-14 19:52:05,unknown,,unknown,,,0.0,0.0,0.0,0.0,0.0,0.0,0.0000,LOW,Anomalous Pattern,NORMAL,NORMAL
2026-03-14 19:52:05,unknown,,unknown,,,0.0,0.0,0.0,0.0,0.0,0.0,0.0000,LOW,Anomalous Pattern,NORMAL,NORMAL
2026-03-14 19:52:05,unknown,,unknown,,,0.0,0.0,0.0,0.0,0.0,0.0,0.0000,LOW,Anomalous Pattern,NORMAL,NORMAL
2026-03-14 19:52:05,unknown,,unknown,,,0.0,0.0,0.0,0.0,0.0,0.0,0.0000,LOW,Anomalous Pattern,NORMAL,NORMAL
2026-03-14 19:52:06,unknown,,unknown,,,0.0,0.0,0.0,0.0,0.0,0.0,0.0000,LOW,Anomalous Pattern,NORMAL,NORMAL
2026-03-14 19:52:06,unknown,,unknown,,,0.0,0.0,0.0,0.0,0.0,0.0,0.0000,LOW,Anomalous Pattern,NORMAL,NORMAL
2026-03-14 19:52:06,unknown,,unknown,,,0.0,0.0,0.0,0.0,0.0,0.0,0.0000,LOW,Anomalous Pattern,NORMAL,NORMAL
2026-03-14 19:52:06,unknown,,unknown,,,0.0,0.0,0.0,0.0,0.0,0.0,0.0000,LOW,Anomalous Pattern,NORMAL,NORMAL
2026-03-14 19:52:06,unknown,,unknown,,,0.0,0.0,0.0,0.0,0.0,0.0,0.0000,LOW,Anomalous Pattern,NORMAL,NORMAL
2026-03-14 19:52:07,unknown,,unknown,,,0.0,0.0,0.0,0.0,0.0,0.0,0.0000,LOW,Anomalous Pattern,NORMAL,NORMAL
2026-03-14 19:52:07,unknown,,unknown,,,0.0,0.0,0.0,0.0,0.0,0.0,0.0000,LOW,Anomalous Pattern,NORMAL,NORMAL
2026-03-14 19:52:07,unknown,,unknown,,,0.0,0.0,0.0,0.0,0.0,0.0,0.0000,LOW,Anomalous Pattern,NORMAL,NORMAL
2026-03-14 19:52:07,unknown,,unknown,,,0.0,0.0,0.0,0.0,0.0,0.0,0.0000,LOW,Anomalous Pattern,NORMAL,NORMAL
2026-03-14 19:52:07,unknown,,unknown,,,0.0,0.0,0.0,0.0,0.0,0.0,0.0000,LOW,Anomalous Pattern,NORMAL,NORMAL
2026-03-14 19:52:07,unknown,,unknown,,,0.0,0.0,0.0,0.0,0.0,0.0,0.0000,LOW,Anomalous Pattern,NORMAL,NORMAL
2026-03-14 19:52:08,unknown,,unknown,,,0.0,0.0,0.0,0.0,0.0,0.0,0.0000,LOW,Anomalous Pattern,NORMAL,NORMAL
2026-03-14 19:52:08,unknown,,unknown,,,0.0,0.0,0.0,0.0,0.0,0.0,0.0000,LOW,Anomalous Pattern,NORMAL,NORMAL
2026-03-14 19:52:08,unknown,,unknown,,,0.0,0.0,0.0,0.0,0.0,0.0,0.0000,LOW,Anomalous Pattern,NORMAL,NORMAL
2026-03-14 19:52:08,unknown,,unknown,,,0.0,0.0,0.0,0.0,0.0,0.0,0.0000,LOW,Anomalous Pattern,NORMAL,NORMAL
2026-03-14 19:52:08,unknown,,unknown,,,0.0,0.0,0.0,0.0,0.0,0.0,0.0000,LOW,Anomalous Pattern,NORMAL,NORMAL
2026-03-14 19:52:08,unknown,,unknown,,,0.0,0.0,0.0,0.0,0.0,0.0,0.0000,LOW,Anomalous Pattern,NORMAL,NORMAL
2026-03-14 19:52:09,unknown,,unknown,,,0.0,0.0,0.0,0.0,0.0,0.0,0.0000,LOW,Anomalous Pattern,NORMAL,NORMAL
2026-03-14 19:52:09,unknown,,unknown,,,0.0,0.0,0.0,0.0,0.0,0.0,0.0000,LOW,Anomalous Pattern,NORMAL,NORMAL
2026-03-14 19:52:09,unknown,,unknown,,,0.0,0.0,0.0,0.0,0.0,0.0,0.0000,LOW,Anomalous Pattern,NORMAL,NORMAL
2026-03-14 19:52:09,unknown,,unknown,,,0.0,0.0,0.0,0.0,0.0,0.0,0.0000,LOW,Anomalous Pattern,NORMAL,NORMAL
2026-03-14 19:52:09,unknown,,unknown,,,0.0,0.0,0.0,0.0,0.0,0.0,0.0000,LOW,Anomalous Pattern,NORMAL,NORMAL
2026-03-14 19:52:09,unknown,,unknown,,,0.0,0.0,0.0,0.0,0.0,0.0,0.0000,LOW,Anomalous Pattern,NORMAL,NORMAL
2026-03-14 19:52:10,unknown,,unknown,,,0.0,0.0,0.0,0.0,0.0,0.0,0.0000,LOW,Anomalous Pattern,NORMAL,NORMAL
2026-03-14 19:52:10,unknown,,unknown,,,0.0,0.0,0.0,0.0,0.0,0.0,0.0000,LOW,Anomalous Pattern,NORMAL,NORMAL
2026-03-14 19:52:10,unknown,,unknown,,,0.0,0.0,0.0,0.0,0.0,0.0,0.0000,LOW,Anomalous Pattern,NORMAL,NORMAL
2026-03-14 19:52:10,unknown,,unknown,,,0.0,0.0,0.0,0.0,0.0,0.0,0.0000,LOW,Anomalous Pattern,NORMAL,NORMAL
2026-03-14 19:52:10,unknown,,unknown,,,0.0,0.0,0.0,0.0,0.0,0.0,0.0000,LOW,Anomalous Pattern,NORMAL,NORMAL
2026-03-14 19:52:11,unknown,,unknown,,,0.0,0.0,0.0,0.0,0.0,0.0,0.0000,LOW,Anomalous Pattern,NORMAL,NORMAL
2026-03-14 19:52:11,unknown,,unknown,,,0.0,0.0,0.0,0.0,0.0,0.0,0.0000,LOW,Anomalous Pattern,NORMAL,NORMAL
2026-03-14 19:52:11,unknown,,unknown,,,0.0,0.0,0.0,0.0,0.0,0.0,0.0000,LOW,Anomalous Pattern,NORMAL,NORMAL
2026-03-14 19:52:11,unknown,,unknown,,,0.0,0.0,0.0,0.0,0.0,0.0,0.0000,LOW,Anomalous Pattern,NORMAL,NORMAL
2026-03-14 19:52:11,unknown,,unknown,,,0.0,0.0,0.0,0.0,0.0,0.0,0.0000,LOW,Anomalous Pattern,NORMAL,NORMAL
2026-03-14 19:52:11,unknown,,unknown,,,0.0,0.0,0.0,0.0,0.0,0.0,0.0000,LOW,Anomalous Pattern,NORMAL,NORMAL
2026-03-14 19:52:12,unknown,,unknown,,,0.0,0.0,0.0,0.0,0.0,0.0,0.0000,LOW,Anomalous Pattern,NORMAL,NORMAL
2026-03-14 19:52:12,unknown,,unknown,,,0.0,0.0,0.0,0.0,0.0,0.0,0.0000,LOW,Anomalous Pattern,NORMAL,NORMAL
2026-03-14 19:52:12,unknown,,unknown,,,0.0,0.0,0.0,0.0,0.0,0.0,0.0000,LOW,Anomalous Pattern,NORMAL,NORMAL
2026-03-14 19:52:12,unknown,,unknown,,,0.0,0.0,0.0,0.0,0.0,0.0,0.0000,LOW,Anomalous Pattern,NORMAL,NORMAL
2026-03-14 19:52:13,unknown,,unknown,,,0.0,0.0,0.0,0.0,0.0,0.0,0.0000,LOW,Anomalous Pattern,NORMAL,NORMAL
2026-03-14 19:52:13,unknown,,unknown,,,0.0,0.0,0.0,0.0,0.0,0.0,0.0000,LOW,Anomalous Pattern,NORMAL,NORMAL
2026-03-14 19:52:13,unknown,,unknown,,,0.0,0.0,0.0,0.0,0.0,0.0,0.0000,LOW,Anomalous Pattern,NORMAL,NORMAL
2026-03-14 19:52:13,unknown,,unknown,,,0.0,0.0,0.0,0.0,0.0,0.0,0.0000,LOW,Anomalous Pattern,NORMAL,NORMAL
2026-03-14 19:52:13,unknown,,unknown,,,0.0,0.0,0.0,0.0,0.0,0.0,0.0000,LOW,Anomalous Pattern,NORMAL,NORMAL
2026-03-14 19:52:13,unknown,,unknown,,,0.0,0.0,0.0,0.0,0.0,0.0,0.0000,LOW,Anomalous Pattern,NORMAL,NORMAL
2026-03-14 19:52:14,unknown,,unknown,,,0.0,0.0,0.0,0.0,0.0,0.0,0.0000,LOW,Anomalous Pattern,NORMAL,NORMAL
2026-03-14 19:52:14,unknown,,unknown,,,0.0,0.0,0.0,0.0,0.0,0.0,0.0000,LOW,Anomalous Pattern,NORMAL,NORMAL
2026-03-14 19:52:14,unknown,,unknown,,,0.0,0.0,0.0,0.0,0.0,0.0,0.0000,LOW,Anomalous Pattern,NORMAL,NORMAL
2026-03-14 19:52:14,unknown,,unknown,,,0.0,0.0,0.0,0.0,0.0,0.0,0.0000,LOW,Anomalous Pattern,NORMAL,NORMAL
2026-03-14 19:52:14,unknown,,unknown,,,0.0,0.0,0.0,0.0,0.0,0.0,0.0000,LOW,Anomalous Pattern,NORMAL,NORMAL
2026-03-14 19:52:15,unknown,,unknown,,,0.0,0.0,0.0,0.0,0.0,0.0,0.0000,LOW,Anomalous Pattern,NORMAL,NORMAL
2026-03-14 19:52:15,unknown,,unknown,,,0.0,0.0,0.0,0.0,0.0,0.0,0.0000,LOW,Anomalous Pattern,NORMAL,NORMAL
2026-03-14 19:52:15,unknown,,unknown,,,0.0,0.0,0.0,0.0,0.0,0.0,0.0000,LOW,Anomalous Pattern,NORMAL,NORMAL
2026-03-14 19:52:15,unknown,,unknown,,,0.0,0.0,0.0,0.0,0.0,0.0,0.0000,LOW,Anomalous Pattern,NORMAL,NORMAL
2026-03-14 19:52:16,unknown,,unknown,,,0.0,0.0,0.0,0.0,0.0,0.0,0.0000,LOW,Anomalous Pattern,NORMAL,NORMAL
2026-03-14 19:52:16,unknown,,unknown,,,0.0,0.0,0.0,0.0,0.0,0.0,0.0000,LOW,Anomalous Pattern,NORMAL,NORMAL
2026-03-14 19:52:16,unknown,,unknown,,,0.0,0.0,0.0,0.0,0.0,0.0,0.0000,LOW,Anomalous Pattern,NORMAL,NORMAL
2026-03-14 19:52:16,unknown,,unknown,,,0.0,0.0,0.0,0.0,0.0,0.0,0.0000,LOW,Anomalous Pattern,NORMAL,NORMAL
2026-03-14 19:52:16,unknown,,unknown,,,0.0,0.0,0.0,0.0,0.0,0.0,0.0000,LOW,Anomalous Pattern,NORMAL,NORMAL
2026-03-14 19:52:17,unknown,,unknown,,,0.0,0.0,0.0,0.0,0.0,0.0,0.0000,LOW,Anomalous Pattern,NORMAL,NORMAL
2026-03-14 19:52:17,unknown,,unknown,,,0.0,0.0,0.0,0.0,0.0,0.0,0.0000,LOW,Anomalous Pattern,NORMAL,NORMAL
2026-03-14 19:52:17,unknown,,unknown,,,0.0,0.0,0.0,0.0,0.0,0.0,0.0000,LOW,Anomalous Pattern,NORMAL,NORMAL
2026-03-14 19:52:17,unknown,,unknown,,,0.0,0.0,0.0,0.0,0.0,0.0,0.0000,LOW,Anomalous Pattern,NORMAL,NORMAL
2026-03-14 19:52:17,unknown,,unknown,,,0.0,0.0,0.0,0.0,0.0,0.0,0.0000,LOW,Anomalous Pattern,NORMAL,NORMAL
2026-03-14 19:52:17,unknown,,unknown,,,0.0,0.0,0.0,0.0,0.0,0.0,0.0000,LOW,Anomalous Pattern,NORMAL,NORMAL
2026-03-14 19:52:18,unknown,,unknown,,,0.0,0.0,0.0,0.0,0.0,0.0,0.0000,LOW,Anomalous Pattern,NORMAL,NORMAL
2026-03-14 19:52:18,unknown,,unknown,,,0.0,0.0,0.0,0.0,0.0,0.0,0.0000,LOW,Anomalous Pattern,NORMAL,NORMAL
2026-03-14 19:52:18,unknown,,unknown,,,0.0,0.0,0.0,0.0,0.0,0.0,0.0000,LOW,Anomalous Pattern,NORMAL,NORMAL
2026-03-14 19:52:18,unknown,,unknown,,,0.0,0.0,0.0,0.0,0.0,0.0,0.0000,LOW,Anomalous Pattern,NORMAL,NORMAL
2026-03-14 19:52:19,unknown,,unknown,,,0.0,0.0,0.0,0.0,0.0,0.0,0.0000,LOW,Anomalous Pattern,NORMAL,NORMAL
2026-03-14 19:52:19,unknown,,unknown,,,0.0,0.0,0.0,0.0,0.0,0.0,0.0000,LOW,Anomalous Pattern,NORMAL,NORMAL
2026-03-14 19:52:19,unknown,,unknown,,,0.0,0.0,0.0,0.0,0.0,0.0,0.0000,LOW,Anomalous Pattern,NORMAL,NORMAL
2026-03-14 19:52:19,unknown,,unknown,,,0.0,0.0,0.0,0.0,0.0,0.0,0.0000,LOW,Anomalous Pattern,NORMAL,NORMAL
2026-03-14 19:52:19,unknown,,unknown,,,0.0,0.0,0.0,0.0,0.0,0.0,0.0000,LOW,Anomalous Pattern,NORMAL,NORMAL
2026-03-14 19:52:19,unknown,,unknown,,,0.0,0.0,0.0,0.0,0.0,0.0,0.0000,LOW,Anomalous Pattern,NORMAL,NORMAL
2026-03-14 19:52:20,unknown,,unknown,,,0.0,0.0,0.0,0.0,0.0,0.0,0.0000,LOW,Anomalous Pattern,NORMAL,NORMAL
2026-03-14 19:52:20,unknown,,unknown,,,0.0,0.0,0.0,0.0,0.0,0.0,0.0000,LOW,Anomalous Pattern,NORMAL,NORMAL
2026-03-14 19:52:20,unknown,,unknown,,,0.0,0.0,0.0,0.0,0.0,0.0,0.0000,LOW,Anomalous Pattern,NORMAL,NORMAL
2026-03-14 19:52:20,unknown,,unknown,,,0.0,0.0,0.0,0.0,0.0,0.0,0.0000,LOW,Anomalous Pattern,NORMAL,NORMAL
2026-03-14 19:52:20,unknown,,unknown,,,0.0,0.0,0.0,0.0,0.0,0.0,0.0000,LOW,Anomalous Pattern,NORMAL,NORMAL
2026-03-14 19:52:20,unknown,,unknown,,,0.0,0.0,0.0,0.0,0.0,0.0,0.0000,LOW,Anomalous Pattern,NORMAL,NORMAL
2026-03-14 19:52:21,unknown,,unknown,,,0.0,0.0,0.0,0.0,0.0,0.0,0.0000,LOW,Anomalous Pattern,NORMAL,NORMAL
2026-03-14 19:52:21,unknown,,unknown,,,0.0,0.0,0.0,0.0,0.0,0.0,0.0000,LOW,Anomalous Pattern,NORMAL,NORMAL
2026-03-14 19:52:21,unknown,,unknown,,,0.0,0.0,0.0,0.0,0.0,0.0,0.0000,LOW,Anomalous Pattern,NORMAL,NORMAL
2026-03-14 19:52:21,unknown,,unknown,,,0.0,0.0,0.0,0.0,0.0,0.0,0.0000,LOW,Anomalous Pattern,NORMAL,NORMAL
2026-03-14 19:52:21,unknown,,unknown,,,0.0,0.0,0.0,0.0,0.0,0.0,0.0000,LOW,Anomalous Pattern,NORMAL,NORMAL
2026-03-14 19:52:21,unknown,,unknown,,,0.0,0.0,0.0,0.0,0.0,0.0,0.0000,LOW,Anomalous Pattern,NORMAL,NORMAL
2026-03-14 19:52:22,unknown,,unknown,,,0.0,0.0,0.0,0.0,0.0,0.0,0.0000,LOW,Anomalous Pattern,NORMAL,NORMAL
2026-03-14 19:52:22,unknown,,unknown,,,0.0,0.0,0.0,0.0,0.0,0.0,0.0000,LOW,Anomalous Pattern,NORMAL,NORMAL
2026-03-14 19:52:22,unknown,,unknown,,,0.0,0.0,0.0,0.0,0.0,0.0,0.0000,LOW,Anomalous Pattern,NORMAL,NORMAL
2026-03-14 19:52:22,unknown,,unknown,,,0.0,0.0,0.0,0.0,0.0,0.0,0.0000,LOW,Anomalous Pattern,NORMAL,NORMAL
2026-03-14 19:52:23,unknown,,unknown,,,0.0,0.0,0.0,0.0,0.0,0.0,0.0000,LOW,Anomalous Pattern,NORMAL,NORMAL
2026-03-14 19:52:23,unknown,,unknown,,,0.0,0.0,0.0,0.0,0.0,0.0,0.0000,LOW,Anomalous Pattern,NORMAL,NORMAL
2026-03-14 19:52:23,unknown,,unknown,,,0.0,0.0,0.0,0.0,0.0,0.0,0.0000,LOW,Anomalous Pattern,NORMAL,NORMAL
2026-03-14 19:52:23,unknown,,unknown,,,0.0,0.0,0.0,0.0,0.0,0.0,0.0000,LOW,Anomalous Pattern,NORMAL,NORMAL
2026-03-14 19:52:23,unknown,,unknown,,,0.0,0.0,0.0,0.0,0.0,0.0,0.0000,LOW,Anomalous Pattern,NORMAL,NORMAL
2026-03-14 19:52:24,unknown,,unknown,,,0.0,0.0,0.0,0.0,0.0,0.0,0.0000,LOW,Anomalous Pattern,NORMAL,NORMAL
2026-03-14 19:52:24,unknown,,unknown,,,0.0,0.0,0.0,0.0,0.0,0.0,0.0000,LOW,Anomalous Pattern,NORMAL,NORMAL
2026-03-14 19:52:24,unknown,,unknown,,,0.0,0.0,0.0,0.0,0.0,0.0,0.0000,LOW,Anomalous Pattern,NORMAL,NORMAL
2026-03-14 19:52:24,unknown,,unknown,,,0.0,0.0,0.0,0.0,0.0,0.0,0.0000,LOW,Anomalous Pattern,NORMAL,NORMAL
2026-03-14 19:52:25,unknown,,unknown,,,0.0,0.0,0.0,0.0,0.0,0.0,0.0000,LOW,Anomalous Pattern,NORMAL,NORMAL
2026-03-14 19:52:25,unknown,,unknown,,,0.0,0.0,0.0,0.0,0.0,0.0,0.0000,LOW,Anomalous Pattern,NORMAL,NORMAL
2026-03-14 19:52:25,unknown,,unknown,,,0.0,0.0,0.0,0.0,0.0,0.0,0.0000,LOW,Anomalous Pattern,NORMAL,NORMAL
2026-03-14 19:52:25,unknown,,unknown,,,0.0,0.0,0.0,0.0,0.0,0.0,0.0000,LOW,Anomalous Pattern,NORMAL,NORMAL
2026-03-14 19:52:25,unknown,,unknown,,,0.0,0.0,0.0,0.0,0.0,0.0,0.0000,LOW,Anomalous Pattern,NORMAL,NORMAL
2026-03-14 19:52:26,unknown,,unknown,,,0.0,0.0,0.0,0.0,0.0,0.0,0.0000,LOW,Anomalous Pattern,NORMAL,NORMAL
2026-03-14 19:52:26,unknown,,unknown,,,0.0,0.0,0.0,0.0,0.0,0.0,0.0000,LOW,Anomalous Pattern,NORMAL,NORMAL
2026-03-14 19:52:26,unknown,,unknown,,,0.0,0.0,0.0,0.0,0.0,0.0,0.0000,LOW,Anomalous Pattern,NORMAL,NORMAL
2026-03-14 19:52:26,unknown,,unknown,,,0.0,0.0,0.0,0.0,0.0,0.0,0.0000,LOW,Anomalous Pattern,NORMAL,NORMAL
2026-03-14 19:52:26,unknown,,unknown,,,0.0,0.0,0.0,0.0,0.0,0.0,0.0000,LOW,Anomalous Pattern,NORMAL,NORMAL
2026-03-14 19:52:27,unknown,,unknown,,,0.0,0.0,0.0,0.0,0.0,0.0,0.0000,LOW,Anomalous Pattern,NORMAL,NORMAL
2026-03-14 19:52:27,unknown,,unknown,,,0.0,0.0,0.0,0.0,0.0,0.0,0.0000,LOW,Anomalous Pattern,NORMAL,NORMAL
2026-03-14 19:52:27,unknown,,unknown,,,0.0,0.0,0.0,0.0,0.0,0.0,0.0000,LOW,Anomalous Pattern,NORMAL,NORMAL
2026-03-14 19:52:27,unknown,,unknown,,,0.0,0.0,0.0,0.0,0.0,0.0,0.0000,LOW,Anomalous Pattern,NORMAL,NORMAL
2026-03-14 19:52:28,unknown,,unknown,,,0.0,0.0,0.0,0.0,0.0,0.0,0.0000,LOW,Anomalous Pattern,NORMAL,NORMAL
2026-03-14 19:52:28,unknown,,unknown,,,0.0,0.0,0.0,0.0,0.0,0.0,0.0000,LOW,Anomalous Pattern,NORMAL,NORMAL
2026-03-14 19:52:28,unknown,,unknown,,,0.0,0.0,0.0,0.0,0.0,0.0,0.0000,LOW,Anomalous Pattern,NORMAL,NORMAL
2026-03-14 19:52:28,unknown,,unknown,,,0.0,0.0,0.0,0.0,0.0,0.0,0.0000,LOW,Anomalous Pattern,NORMAL,NORMAL
2026-03-14 19:52:29,unknown,,unknown,,,0.0,0.0,0.0,0.0,0.0,0.0,0.0000,LOW,Anomalous Pattern,NORMAL,NORMAL
2026-03-14 19:52:29,unknown,,unknown,,,0.0,0.0,0.0,0.0,0.0,0.0,0.0000,LOW,Anomalous Pattern,NORMAL,NORMAL
2026-03-14 19:52:29,unknown,,unknown,,,0.0,0.0,0.0,0.0,0.0,0.0,0.0000,LOW,Anomalous Pattern,NORMAL,NORMAL
2026-03-14 19:52:29,unknown,,unknown,,,0.0,0.0,0.0,0.0,0.0,0.0,0.0000,LOW,Anomalous Pattern,NORMAL,NORMAL
2026-03-14 19:52:30,unknown,,unknown,,,0.0,0.0,0.0,0.0,0.0,0.0,0.0000,LOW,Anomalous Pattern,NORMAL,NORMAL
2026-03-14 19:52:30,unknown,,unknown,,,0.0,0.0,0.0,0.0,0.0,0.0,0.0000,LOW,Anomalous Pattern,NORMAL,NORMAL
2026-03-14 19:52:30,unknown,,unknown,,,0.0,0.0,0.0,0.0,0.0,0.0,0.0000,LOW,Anomalous Pattern,NORMAL,NORMAL
2026-03-14 19:52:30,unknown,,unknown,,,0.0,0.0,0.0,0.0,0.0,0.0,0.0000,LOW,Anomalous Pattern,NORMAL,NORMAL
2026-03-14 19:52:31,unknown,,unknown,,,0.0,0.0,0.0,0.0,0.0,0.0,0.0000,LOW,Anomalous Pattern,NORMAL,NORMAL
2026-03-14 19:52:31,unknown,,unknown,,,0.0,0.0,0.0,0.0,0.0,0.0,0.0000,LOW,Anomalous Pattern,NORMAL,NORMAL
2026-03-14 19:52:31,unknown,,unknown,,,0.0,0.0,0.0,0.0,0.0,0.0,0.0000,LOW,Anomalous Pattern,NORMAL,NORMAL
2026-03-14 19:52:31,unknown,,unknown,,,0.0,0.0,0.0,0.0,0.0,0.0,0.0000,LOW,Anomalous Pattern,NORMAL,NORMAL
2026-03-14 19:52:31,unknown,,unknown,,,0.0,0.0,0.0,0.0,0.0,0.0,0.0000,LOW,Anomalous Pattern,NORMAL,NORMAL
2026-03-14 19:52:32,unknown,,unknown,,,0.0,0.0,0.0,0.0,0.0,0.0,0.0000,LOW,Anomalous Pattern,NORMAL,NORMAL
2026-03-14 19:52:32,unknown,,unknown,,,0.0,0.0,0.0,0.0,0.0,0.0,0.0000,LOW,Anomalous Pattern,NORMAL,NORMAL
2026-03-14 19:52:32,unknown,,unknown,,,0.0,0.0,0.0,0.0,0.0,0.0,0.0000,LOW,Anomalous Pattern,NORMAL,NORMAL
2026-03-14 19:52:32,unknown,,unknown,,,0.0,0.0,0.0,0.0,0.0,0.0,0.0000,LOW,Anomalous Pattern,NORMAL,NORMAL
2026-03-14 19:52:32,unknown,,unknown,,,0.0,0.0,0.0,0.0,0.0,0.0,0.0000,LOW,Anomalous Pattern,NORMAL,NORMAL
2026-03-14 19:52:33,unknown,,unknown,,,0.0,0.0,0.0,0.0,0.0,0.0,0.0000,LOW,Anomalous Pattern,NORMAL,NORMAL
2026-03-14 19:52:33,unknown,,unknown,,,0.0,0.0,0.0,0.0,0.0,0.0,0.0000,LOW,Anomalous Pattern,NORMAL,NORMAL
2026-03-14 19:52:33,unknown,,unknown,,,0.0,0.0,0.0,0.0,0.0,0.0,0.0000,LOW,Anomalous Pattern,NORMAL,NORMAL
2026-03-14 19:52:33,unknown,,unknown,,,0.0,0.0,0.0,0.0,0.0,0.0,0.0000,LOW,Anomalous Pattern,NORMAL,NORMAL
2026-03-14 19:52:34,unknown,,unknown,,,0.0,0.0,0.0,0.0,0.0,0.0,0.0000,LOW,Anomalous Pattern,NORMAL,NORMAL
2026-03-14 19:52:34,unknown,,unknown,,,0.0,0.0,0.0,0.0,0.0,0.0,0.0000,LOW,Anomalous Pattern,NORMAL,NORMAL
2026-03-14 19:52:34,unknown,,unknown,,,0.0,0.0,0.0,0.0,0.0,0.0,0.0000,LOW,Anomalous Pattern,NORMAL,NORMAL
2026-03-14 19:52:34,unknown,,unknown,,,0.0,0.0,0.0,0.0,0.0,0.0,0.0000,LOW,Anomalous Pattern,NORMAL,NORMAL
2026-03-14 19:52:35,unknown,,unknown,,,0.0,0.0,0.0,0.0,0.0,0.0,0.0000,LOW,Anomalous Pattern,NORMAL,NORMAL
2026-03-14 19:52:35,unknown,,unknown,,,0.0,0.0,0.0,0.0,0.0,0.0,0.0000,LOW,Anomalous Pattern,NORMAL,NORMAL
2026-03-14 19:52:35,unknown,,unknown,,,0.0,0.0,0.0,0.0,0.0,0.0,0.0000,LOW,Anomalous Pattern,NORMAL,NORMAL
2026-03-14 19:52:35,unknown,,unknown,,,0.0,0.0,0.0,0.0,0.0,0.0,0.0000,LOW,Anomalous Pattern,NORMAL,NORMAL
2026-03-14 19:52:36,unknown,,unknown,,,0.0,0.0,0.0,0.0,0.0,0.0,0.0000,LOW,Anomalous Pattern,NORMAL,NORMAL
2026-03-14 19:52:36,unknown,,unknown,,,0.0,0.0,0.0,0.0,0.0,0.0,0.0000,LOW,Anomalous Pattern,NORMAL,NORMAL
2026-03-14 19:52:36,unknown,,unknown,,,0.0,0.0,0.0,0.0,0.0,0.0,0.0000,LOW,Anomalous Pattern,NORMAL,NORMAL
2026-03-14 19:52:36,unknown,,unknown,,,0.0,0.0,0.0,0.0,0.0,0.0,0.0000,LOW,Anomalous Pattern,NORMAL,NORMAL
2026-03-14 19:52:37,unknown,,unknown,,,0.0,0.0,0.0,0.0,0.0,0.0,0.0000,LOW,Anomalous Pattern,NORMAL,NORMAL
2026-03-14 19:52:37,unknown,,unknown,,,0.0,0.0,0.0,0.0,0.0,0.0,0.0000,LOW,Anomalous Pattern,NORMAL,NORMAL
2026-03-14 19:52:37,unknown,,unknown,,,0.0,0.0,0.0,0.0,0.0,0.0,0.0000,LOW,Anomalous Pattern,NORMAL,NORMAL
2026-03-14 19:52:37,unknown,,unknown,,,0.0,0.0,0.0,0.0,0.0,0.0,0.0000,LOW,Anomalous Pattern,NORMAL,NORMAL
2026-03-14 19:52:37,unknown,,unknown,,,0.0,0.0,0.0,0.0,0.0,0.0,0.0000,LOW,Anomalous Pattern,NORMAL,NORMAL
2026-03-14 19:52:38,unknown,,unknown,,,0.0,0.0,0.0,0.0,0.0,0.0,0.0000,LOW,Anomalous Pattern,NORMAL,NORMAL
2026-03-14 19:52:38,unknown,,unknown,,,0.0,0.0,0.0,0.0,0.0,0.0,0.0000,LOW,Anomalous Pattern,NORMAL,NORMAL
2026-03-14 19:52:38,unknown,,unknown,,,0.0,0.0,0.0,0.0,0.0,0.0,0.0000,LOW,Anomalous Pattern,NORMAL,NORMAL
2026-03-14 19:52:39,unknown,,unknown,,,0.0,0.0,0.0,0.0,0.0,0.0,0.0000,LOW,Anomalous Pattern,NORMAL,NORMAL
2026-03-14 19:52:39,unknown,,unknown,,,0.0,0.0,0.0,0.0,0.0,0.0,0.0000,LOW,Anomalous Pattern,NORMAL,NORMAL
2026-03-14 19:52:39,unknown,,unknown,,,0.0,0.0,0.0,0.0,0.0,0.0,0.0000,LOW,Anomalous Pattern,NORMAL,NORMAL
2026-03-14 19:52:39,unknown,,unknown,,,0.0,0.0,0.0,0.0,0.0,0.0,0.0000,LOW,Anomalous Pattern,NORMAL,NORMAL
2026-03-14 19:52:40,unknown,,unknown,,,0.0,0.0,0.0,0.0,0.0,0.0,0.0000,LOW,Anomalous Pattern,NORMAL,NORMAL
2026-03-14 19:52:40,unknown,,unknown,,,0.0,0.0,0.0,0.0,0.0,0.0,0.0000,LOW,Anomalous Pattern,NORMAL,NORMAL
2026-03-14 19:52:40,unknown,,unknown,,,0.0,0.0,0.0,0.0,0.0,0.0,0.0000,LOW,Anomalous Pattern,NORMAL,NORMAL
2026-03-14 19:52:40,unknown,,unknown,,,0.0,0.0,0.0,0.0,0.0,0.0,0.0000,LOW,Anomalous Pattern,NORMAL,NORMAL
2026-03-14 19:52:41,unknown,,unknown,,,0.0,0.0,0.0,0.0,0.0,0.0,0.0000,LOW,Anomalous Pattern,NORMAL,NORMAL
2026-03-14 19:52:41,unknown,,unknown,,,0.0,0.0,0.0,0.0,0.0,0.0,0.0000,LOW,Anomalous Pattern,NORMAL,NORMAL
2026-03-14 19:52:41,unknown,,unknown,,,0.0,0.0,0.0,0.0,0.0,0.0,0.0000,LOW,Anomalous Pattern,NORMAL,NORMAL
2026-03-14 19:52:41,unknown,,unknown,,,0.0,0.0,0.0,0.0,0.0,0.0,0.0000,LOW,Anomalous Pattern,NORMAL,NORMAL
2026-03-14 19:52:42,unknown,,unknown,,,0.0,0.0,0.0,0.0,0.0,0.0,0.0000,LOW,Anomalous Pattern,NORMAL,NORMAL
2026-03-14 19:52:42,unknown,,unknown,,,0.0,0.0,0.0,0.0,0.0,0.0,0.0000,LOW,Anomalous Pattern,NORMAL,NORMAL
2026-03-14 19:52:42,unknown,,unknown,,,0.0,0.0,0.0,0.0,0.0,0.0,0.0000,LOW,Anomalous Pattern,NORMAL,NORMAL
2026-03-14 19:52:42,unknown,,unknown,,,0.0,0.0,0.0,0.0,0.0,0.0,0.0000,LOW,Anomalous Pattern,NORMAL,NORMAL
2026-03-14 19:52:43,unknown,,unknown,,,0.0,0.0,0.0,0.0,0.0,0.0,0.0000,LOW,Anomalous Pattern,NORMAL,NORMAL
2026-03-14 19:52:43,unknown,,unknown,,,0.0,0.0,0.0,0.0,0.0,0.0,0.0000,LOW,Anomalous Pattern,NORMAL,NORMAL
2026-03-14 19:52:43,unknown,,unknown,,,0.0,0.0,0.0,0.0,0.0,0.0,0.0000,LOW,Anomalous Pattern,NORMAL,NORMAL
2026-03-14 19:52:43,unknown,,unknown,,,0.0,0.0,0.0,0.0,0.0,0.0,0.0000,LOW,Anomalous Pattern,NORMAL,NORMAL
2026-03-14 19:52:43,unknown,,unknown,,,0.0,0.0,0.0,0.0,0.0,0.0,0.0000,LOW,Anomalous Pattern,NORMAL,NORMAL
2026-03-14 19:52:44,unknown,,unknown,,,0.0,0.0,0.0,0.0,0.0,0.0,0.0000,LOW,Anomalous Pattern,NORMAL,NORMAL
2026-03-14 19:52:44,unknown,,unknown,,,0.0,0.0,0.0,0.0,0.0,0.0,0.0000,LOW,Anomalous Pattern,NORMAL,NORMAL
2026-03-14 19:52:44,unknown,,unknown,,,0.0,0.0,0.0,0.0,0.0,0.0,0.0000,LOW,Anomalous Pattern,NORMAL,NORMAL
2026-03-14 19:52:44,unknown,,unknown,,,0.0,0.0,0.0,0.0,0.0,0.0,0.0000,LOW,Anomalous Pattern,NORMAL,NORMAL
2026-03-14 19:52:45,unknown,,unknown,,,0.0,0.0,0.0,0.0,0.0,0.0,0.0000,LOW,Anomalous Pattern,NORMAL,NORMAL
2026-03-14 19:52:45,unknown,,unknown,,,0.0,0.0,0.0,0.0,0.0,0.0,0.0000,LOW,Anomalous Pattern,NORMAL,NORMAL
2026-03-14 19:52:45,unknown,,unknown,,,0.0,0.0,0.0,0.0,0.0,0.0,0.0000,LOW,Anomalous Pattern,NORMAL,NORMAL
2026-03-14 19:52:45,unknown,,unknown,,,0.0,0.0,0.0,0.0,0.0,0.0,0.0000,LOW,Anomalous Pattern,NORMAL,NORMAL
2026-03-14 19:52:46,unknown,,unknown,,,0.0,0.0,0.0,0.0,0.0,0.0,0.0000,LOW,Anomalous Pattern,NORMAL,NORMAL
2026-03-14 19:52:46,unknown,,unknown,,,0.0,0.0,0.0,0.0,0.0,0.0,0.0000,LOW,Anomalous Pattern,NORMAL,NORMAL
2026-03-14 19:52:46,unknown,,unknown,,,0.0,0.0,0.0,0.0,0.0,0.0,0.0000,LOW,Anomalous Pattern,NORMAL,NORMAL
2026-03-14 19:52:46,unknown,,unknown,,,0.0,0.0,0.0,0.0,0.0,0.0,0.0000,LOW,Anomalous Pattern,NORMAL,NORMAL
2026-03-14 19:52:46,unknown,,unknown,,,0.0,0.0,0.0,0.0,0.0,0.0,0.0000,LOW,Anomalous Pattern,NORMAL,NORMAL
2026-03-14 19:52:47,unknown,,unknown,,,0.0,0.0,0.0,0.0,0.0,0.0,0.0000,LOW,Anomalous Pattern,NORMAL,NORMAL
2026-03-14 19:52:47,unknown,,unknown,,,0.0,0.0,0.0,0.0,0.0,0.0,0.0000,LOW,Anomalous Pattern,NORMAL,NORMAL
2026-03-14 19:52:47,unknown,,unknown,,,0.0,0.0,0.0,0.0,0.0,0.0,0.0000,LOW,Anomalous Pattern,NORMAL,NORMAL
2026-03-14 19:52:47,unknown,,unknown,,,0.0,0.0,0.0,0.0,0.0,0.0,0.0000,LOW,Anomalous Pattern,NORMAL,NORMAL
2026-03-14 19:52:47,unknown,,unknown,,,0.0,0.0,0.0,0.0,0.0,0.0,0.0000,LOW,Anomalous Pattern,NORMAL,NORMAL
2026-03-14 19:52:48,unknown,,unknown,,,0.0,0.0,0.0,0.0,0.0,0.0,0.0000,LOW,Anomalous Pattern,NORMAL,NORMAL
2026-03-14 19:52:48,unknown,,unknown,,,0.0,0.0,0.0,0.0,0.0,0.0,0.0000,LOW,Anomalous Pattern,NORMAL,NORMAL
2026-03-14 19:52:48,unknown,,unknown,,,0.0,0.0,0.0,0.0,0.0,0.0,0.0000,LOW,Anomalous Pattern,NORMAL,NORMAL
2026-03-14 19:52:48,unknown,,unknown,,,0.0,0.0,0.0,0.0,0.0,0.0,0.0000,LOW,Anomalous Pattern,NORMAL,NORMAL
2026-03-14 19:52:48,unknown,,unknown,,,0.0,0.0,0.0,0.0,0.0,0.0,0.0000,LOW,Anomalous Pattern,NORMAL,NORMAL
2026-03-14 19:52:49,unknown,,unknown,,,0.0,0.0,0.0,0.0,0.0,0.0,0.0000,LOW,Anomalous Pattern,NORMAL,NORMAL
2026-03-14 19:52:49,unknown,,unknown,,,0.0,0.0,0.0,0.0,0.0,0.0,0.0000,LOW,Anomalous Pattern,NORMAL,NORMAL
2026-03-14 19:52:49,unknown,,unknown,,,0.0,0.0,0.0,0.0,0.0,0.0,0.0000,LOW,Anomalous Pattern,NORMAL,NORMAL
2026-03-14 19:52:50,unknown,,unknown,,,0.0,0.0,0.0,0.0,0.0,0.0,0.0000,LOW,Anomalous Pattern,NORMAL,NORMAL
2026-03-14 19:52:50,unknown,,unknown,,,0.0,0.0,0.0,0.0,0.0,0.0,0.0000,LOW,Anomalous Pattern,NORMAL,NORMAL
2026-03-14 19:52:50,unknown,,unknown,,,0.0,0.0,0.0,0.0,0.0,0.0,0.0000,LOW,Anomalous Pattern,NORMAL,NORMAL
2026-03-14 19:52:50,unknown,,unknown,,,0.0,0.0,0.0,0.0,0.0,0.0,0.0000,LOW,Anomalous Pattern,NORMAL,NORMAL
2026-03-14 19:52:51,unknown,,unknown,,,0.0,0.0,0.0,0.0,0.0,0.0,0.0000,LOW,Anomalous Pattern,NORMAL,NORMAL
2026-03-14 19:52:51,unknown,,unknown,,,0.0,0.0,0.0,0.0,0.0,0.0,0.0000,LOW,Anomalous Pattern,NORMAL,NORMAL
2026-03-14 19:52:51,unknown,,unknown,,,0.0,0.0,0.0,0.0,0.0,0.0,0.0000,LOW,Anomalous Pattern,NORMAL,NORMAL
2026-03-14 19:52:51,unknown,,unknown,,,0.0,0.0,0.0,0.0,0.0,0.0,0.0000,LOW,Anomalous Pattern,NORMAL,NORMAL
2026-03-14 19:52:51,unknown,,unknown,,,0.0,0.0,0.0,0.0,0.0,0.0,0.0000,LOW,Anomalous Pattern,NORMAL,NORMAL
2026-03-14 19:52:52,unknown,,unknown,,,0.0,0.0,0.0,0.0,0.0,0.0,0.0000,LOW,Anomalous Pattern,NORMAL,NORMAL
2026-03-14 19:52:52,unknown,,unknown,,,0.0,0.0,0.0,0.0,0.0,0.0,0.0000,LOW,Anomalous Pattern,NORMAL,NORMAL
2026-03-14 19:52:52,unknown,,unknown,,,0.0,0.0,0.0,0.0,0.0,0.0,0.0000,LOW,Anomalous Pattern,NORMAL,NORMAL
2026-03-14 19:52:52,unknown,,unknown,,,0.0,0.0,0.0,0.0,0.0,0.0,0.0000,LOW,Anomalous Pattern,NORMAL,NORMAL
2026-03-14 19:52:52,unknown,,unknown,,,0.0,0.0,0.0,0.0,0.0,0.0,0.0000,LOW,Anomalous Pattern,NORMAL,NORMAL
2026-03-14 19:52:53,unknown,,unknown,,,0.0,0.0,0.0,0.0,0.0,0.0,0.0000,LOW,Anomalous Pattern,NORMAL,NORMAL
2026-03-14 19:52:53,unknown,,unknown,,,0.0,0.0,0.0,0.0,0.0,0.0,0.0000,LOW,Anomalous Pattern,NORMAL,NORMAL
2026-03-14 19:52:53,unknown,,unknown,,,0.0,0.0,0.0,0.0,0.0,0.0,0.0000,LOW,Anomalous Pattern,NORMAL,NORMAL
2026-03-14 19:52:53,unknown,,unknown,,,0.0,0.0,0.0,0.0,0.0,0.0,0.0000,LOW,Anomalous Pattern,NORMAL,NORMAL
2026-03-14 19:52:53,unknown,,unknown,,,0.0,0.0,0.0,0.0,0.0,0.0,0.0000,LOW,Anomalous Pattern,NORMAL,NORMAL
2026-03-14 19:52:54,unknown,,unknown,,,0.0,0.0,0.0,0.0,0.0,0.0,0.0000,LOW,Anomalous Pattern,NORMAL,NORMAL
2026-03-14 19:52:54,unknown,,unknown,,,0.0,0.0,0.0,0.0,0.0,0.0,0.0000,LOW,Anomalous Pattern,NORMAL,NORMAL
2026-03-14 19:52:54,unknown,,unknown,,,0.0,0.0,0.0,0.0,0.0,0.0,0.0000,LOW,Anomalous Pattern,NORMAL,NORMAL
2026-03-14 19:52:54,unknown,,unknown,,,0.0,0.0,0.0,0.0,0.0,0.0,0.0000,LOW,Anomalous Pattern,NORMAL,NORMAL
2026-03-14 19:52:54,unknown,,unknown,,,0.0,0.0,0.0,0.0,0.0,0.0,0.0000,LOW,Anomalous Pattern,NORMAL,NORMAL
2026-03-14 19:52:55,unknown,,unknown,,,0.0,0.0,0.0,0.0,0.0,0.0,0.0000,LOW,Anomalous Pattern,NORMAL,NORMAL
2026-03-14 19:52:55,unknown,,unknown,,,0.0,0.0,0.0,0.0,0.0,0.0,0.0000,LOW,Anomalous Pattern,NORMAL,NORMAL
2026-03-14 19:52:55,unknown,,unknown,,,0.0,0.0,0.0,0.0,0.0,0.0,0.0000,LOW,Anomalous Pattern,NORMAL,NORMAL
2026-03-14 19:52:55,unknown,,unknown,,,0.0,0.0,0.0,0.0,0.0,0.0,0.0000,LOW,Anomalous Pattern,NORMAL,NORMAL
2026-03-14 19:52:56,unknown,,unknown,,,0.0,0.0,0.0,0.0,0.0,0.0,0.0000,LOW,Anomalous Pattern,NORMAL,NORMAL
2026-03-14 19:52:56,unknown,,unknown,,,0.0,0.0,0.0,0.0,0.0,0.0,0.0000,LOW,Anomalous Pattern,NORMAL,NORMAL
2026-03-14 19:52:56,unknown,,unknown,,,0.0,0.0,0.0,0.0,0.0,0.0,0.0000,LOW,Anomalous Pattern,NORMAL,NORMAL
2026-03-14 19:52:56,unknown,,unknown,,,0.0,0.0,0.0,0.0,0.0,0.0,0.0000,LOW,Anomalous Pattern,NORMAL,NORMAL
2026-03-14 19:52:57,unknown,,unknown,,,0.0,0.0,0.0,0.0,0.0,0.0,0.0000,LOW,Anomalous Pattern,NORMAL,NORMAL
2026-03-14 19:52:57,unknown,,unknown,,,0.0,0.0,0.0,0.0,0.0,0.0,0.0000,LOW,Anomalous Pattern,NORMAL,NORMAL
2026-03-14 19:52:57,unknown,,unknown,,,0.0,0.0,0.0,0.0,0.0,0.0,0.0000,LOW,Anomalous Pattern,NORMAL,NORMAL
2026-03-14 19:52:57,unknown,,unknown,,,0.0,0.0,0.0,0.0,0.0,0.0,0.0000,LOW,Anomalous Pattern,NORMAL,NORMAL
2026-03-14 19:52:57,unknown,,unknown,,,0.0,0.0,0.0,0.0,0.0,0.0,0.0000,LOW,Anomalous Pattern,NORMAL,NORMAL
2026-03-14 19:52:58,unknown,,unknown,,,0.0,0.0,0.0,0.0,0.0,0.0,0.0000,LOW,Anomalous Pattern,NORMAL,NORMAL
2026-03-14 19:52:58,unknown,,unknown,,,0.0,0.0,0.0,0.0,0.0,0.0,0.0000,LOW,Anomalous Pattern,NORMAL,NORMAL
2026-03-14 19:52:58,unknown,,unknown,,,0.0,0.0,0.0,0.0,0.0,0.0,0.0000,LOW,Anomalous Pattern,NORMAL,NORMAL
2026-03-14 19:52:58,unknown,,unknown,,,0.0,0.0,0.0,0.0,0.0,0.0,0.0000,LOW,Anomalous Pattern,NORMAL,NORMAL
2026-03-14 19:52:59,unknown,,unknown,,,0.0,0.0,0.0,0.0,0.0,0.0,0.0000,LOW,Anomalous Pattern,NORMAL,NORMAL
2026-03-14 19:52:59,unknown,,unknown,,,0.0,0.0,0.0,0.0,0.0,0.0,0.0000,LOW,Anomalous Pattern,NORMAL,NORMAL
2026-03-14 19:52:59,unknown,,unknown,,,0.0,0.0,0.0,0.0,0.0,0.0,0.0000,LOW,Anomalous Pattern,NORMAL,NORMAL
2026-03-14 19:52:59,unknown,,unknown,,,0.0,0.0,0.0,0.0,0.0,0.0,0.0000,LOW,Anomalous Pattern,NORMAL,NORMAL
2026-03-14 19:53:00,unknown,,unknown,,,0.0,0.0,0.0,0.0,0.0,0.0,0.0000,LOW,Anomalous Pattern,NORMAL,NORMAL
2026-03-14 19:53:00,unknown,,unknown,,,0.0,0.0,0.0,0.0,0.0,0.0,0.0000,LOW,Anomalous Pattern,NORMAL,NORMAL
2026-03-14 19:53:00,unknown,,unknown,,,0.0,0.0,0.0,0.0,0.0,0.0,0.0000,LOW,Anomalous Pattern,NORMAL,NORMAL
2026-03-14 19:53:00,unknown,,unknown,,,0.0,0.0,0.0,0.0,0.0,0.0,0.0000,LOW,Anomalous Pattern,NORMAL,NORMAL
2026-03-14 19:53:01,unknown,,unknown,,,0.0,0.0,0.0,0.0,0.0,0.0,0.0000,LOW,Anomalous Pattern,NORMAL,NORMAL
2026-03-14 19:53:01,unknown,,unknown,,,0.0,0.0,0.0,0.0,0.0,0.0,0.0000,LOW,Anomalous Pattern,NORMAL,NORMAL
2026-03-14 19:53:01,unknown,,unknown,,,0.0,0.0,0.0,0.0,0.0,0.0,0.0000,LOW,Anomalous Pattern,NORMAL,NORMAL
2026-03-14 19:53:01,unknown,,unknown,,,0.0,0.0,0.0,0.0,0.0,0.0,0.0000,LOW,Anomalous Pattern,NORMAL,NORMAL
2026-03-14 19:53:02,unknown,,unknown,,,0.0,0.0,0.0,0.0,0.0,0.0,0.0000,LOW,Anomalous Pattern,NORMAL,NORMAL
2026-03-14 19:53:02,unknown,,unknown,,,0.0,0.0,0.0,0.0,0.0,0.0,0.0000,LOW,Anomalous Pattern,NORMAL,NORMAL
2026-03-14 19:53:02,unknown,,unknown,,,0.0,0.0,0.0,0.0,0.0,0.0,0.0000,LOW,Anomalous Pattern,NORMAL,NORMAL
2026-03-14 19:53:02,unknown,,unknown,,,0.0,0.0,0.0,0.0,0.0,0.0,0.0000,LOW,Anomalous Pattern,NORMAL,NORMAL
2026-03-14 19:53:03,unknown,,unknown,,,0.0,0.0,0.0,0.0,0.0,0.0,0.0000,LOW,Anomalous Pattern,NORMAL,NORMAL
2026-03-14 19:53:03,unknown,,unknown,,,0.0,0.0,0.0,0.0,0.0,0.0,0.0000,LOW,Anomalous Pattern,NORMAL,NORMAL
2026-03-14 19:53:03,unknown,,unknown,,,0.0,0.0,0.0,0.0,0.0,0.0,0.0000,LOW,Anomalous Pattern,NORMAL,NORMAL
2026-03-14 19:53:03,unknown,,unknown,,,0.0,0.0,0.0,0.0,0.0,0.0,0.0000,LOW,Anomalous Pattern,NORMAL,NORMAL
2026-03-14 19:53:04,unknown,,unknown,,,0.0,0.0,0.0,0.0,0.0,0.0,0.0000,LOW,Anomalous Pattern,NORMAL,NORMAL
2026-03-14 19:53:04,unknown,,unknown,,,0.0,0.0,0.0,0.0,0.0,0.0,0.0000,LOW,Anomalous Pattern,NORMAL,NORMAL
2026-03-14 19:53:04,unknown,,unknown,,,0.0,0.0,0.0,0.0,0.0,0.0,0.0000,LOW,Anomalous Pattern,NORMAL,NORMAL
2026-03-14 19:53:04,unknown,,unknown,,,0.0,0.0,0.0,0.0,0.0,0.0,0.0000,LOW,Anomalous Pattern,NORMAL,NORMAL
2026-03-14 19:53:04,unknown,,unknown,,,0.0,0.0,0.0,0.0,0.0,0.0,0.0000,LOW,Anomalous Pattern,NORMAL,NORMAL
2026-03-14 19:53:05,unknown,,unknown,,,0.0,0.0,0.0,0.0,0.0,0.0,0.0000,LOW,Anomalous Pattern,NORMAL,NORMAL
2026-03-14 19:53:05,unknown,,unknown,,,0.0,0.0,0.0,0.0,0.0,0.0,0.0000,LOW,Anomalous Pattern,NORMAL,NORMAL
2026-03-14 19:53:05,unknown,,unknown,,,0.0,0.0,0.0,0.0,0.0,0.0,0.0000,LOW,Anomalous Pattern,NORMAL,NORMAL
2026-03-14 19:53:05,unknown,,unknown,,,0.0,0.0,0.0,0.0,0.0,0.0,0.0000,LOW,Anomalous Pattern,NORMAL,NORMAL
2026-03-14 19:53:06,unknown,,unknown,,,0.0,0.0,0.0,0.0,0.0,0.0,0.0000,LOW,Anomalous Pattern,NORMAL,NORMAL
2026-03-14 19:53:06,unknown,,unknown,,,0.0,0.0,0.0,0.0,0.0,0.0,0.0000,LOW,Anomalous Pattern,NORMAL,NORMAL
2026-03-14 19:53:06,unknown,,unknown,,,0.0,0.0,0.0,0.0,0.0,0.0,0.0000,LOW,Anomalous Pattern,NORMAL,NORMAL
2026-03-14 19:53:06,unknown,,unknown,,,0.0,0.0,0.0,0.0,0.0,0.0,0.0000,LOW,Anomalous Pattern,NORMAL,NORMAL
2026-03-14 19:53:06,unknown,,unknown,,,0.0,0.0,0.0,0.0,0.0,0.0,0.0000,LOW,Anomalous Pattern,NORMAL,NORMAL
2026-03-14 19:53:07,unknown,,unknown,,,0.0,0.0,0.0,0.0,0.0,0.0,0.0000,LOW,Anomalous Pattern,NORMAL,NORMAL
2026-03-14 19:53:07,unknown,,unknown,,,0.0,0.0,0.0,0.0,0.0,0.0,0.0000,LOW,Anomalous Pattern,NORMAL,NORMAL
2026-03-14 19:53:07,unknown,,unknown,,,0.0,0.0,0.0,0.0,0.0,0.0,0.0000,LOW,Anomalous Pattern,NORMAL,NORMAL
2026-03-14 19:53:07,unknown,,unknown,,,0.0,0.0,0.0,0.0,0.0,0.0,0.0000,LOW,Anomalous Pattern,NORMAL,NORMAL
2026-03-14 19:53:07,unknown,,unknown,,,0.0,0.0,0.0,0.0,0.0,0.0,0.0000,LOW,Anomalous Pattern,NORMAL,NORMAL
2026-03-14 19:53:08,unknown,,unknown,,,0.0,0.0,0.0,0.0,0.0,0.0,0.0000,LOW,Anomalous Pattern,NORMAL,NORMAL
2026-03-14 19:53:08,unknown,,unknown,,,0.0,0.0,0.0,0.0,0.0,0.0,0.0000,LOW,Anomalous Pattern,NORMAL,NORMAL
2026-03-14 19:53:08,unknown,,unknown,,,0.0,0.0,0.0,0.0,0.0,0.0,0.0000,LOW,Anomalous Pattern,NORMAL,NORMAL
2026-03-14 19:53:09,unknown,,unknown,,,0.0,0.0,0.0,0.0,0.0,0.0,0.0000,LOW,Anomalous Pattern,NORMAL,NORMAL
2026-03-14 19:53:09,unknown,,unknown,,,0.0,0.0,0.0,0.0,0.0,0.0,0.0000,LOW,Anomalous Pattern,NORMAL,NORMAL
2026-03-14 19:53:09,unknown,,unknown,,,0.0,0.0,0.0,0.0,0.0,0.0,0.0000,LOW,Anomalous Pattern,NORMAL,NORMAL
2026-03-14 19:53:09,unknown,,unknown,,,0.0,0.0,0.0,0.0,0.0,0.0,0.0000,LOW,Anomalous Pattern,NORMAL,NORMAL
2026-03-14 19:53:09,unknown,,unknown,,,0.0,0.0,0.0,0.0,0.0,0.0,0.0000,LOW,Anomalous Pattern,NORMAL,NORMAL
2026-03-14 19:53:10,unknown,,unknown,,,0.0,0.0,0.0,0.0,0.0,0.0,0.0000,LOW,Anomalous Pattern,NORMAL,NORMAL
2026-03-14 19:53:10,unknown,,unknown,,,0.0,0.0,0.0,0.0,0.0,0.0,0.0000,LOW,Anomalous Pattern,NORMAL,NORMAL
2026-03-14 19:53:10,unknown,,unknown,,,0.0,0.0,0.0,0.0,0.0,0.0,0.0000,LOW,Anomalous Pattern,NORMAL,NORMAL
2026-03-14 19:53:10,unknown,,unknown,,,0.0,0.0,0.0,0.0,0.0,0.0,0.0000,LOW,Anomalous Pattern,NORMAL,NORMAL
2026-03-14 19:53:10,unknown,,unknown,,,0.0,0.0,0.0,0.0,0.0,0.0,0.0000,LOW,Anomalous Pattern,NORMAL,NORMAL
2026-03-14 19:53:10,unknown,,unknown,,,0.0,0.0,0.0,0.0,0.0,0.0,0.0000,LOW,Anomalous Pattern,NORMAL,NORMAL
2026-03-14 19:53:11,unknown,,unknown,,,0.0,0.0,0.0,0.0,0.0,0.0,0.0000,LOW,Anomalous Pattern,NORMAL,NORMAL
2026-03-14 19:53:11,unknown,,unknown,,,0.0,0.0,0.0,0.0,0.0,0.0,0.0000,LOW,Anomalous Pattern,NORMAL,NORMAL
2026-03-14 19:53:11,unknown,,unknown,,,0.0,0.0,0.0,0.0,0.0,0.0,0.0000,LOW,Anomalous Pattern,NORMAL,NORMAL
2026-03-14 19:53:11,unknown,,unknown,,,0.0,0.0,0.0,0.0,0.0,0.0,0.0000,LOW,Anomalous Pattern,NORMAL,NORMAL
2026-03-14 19:53:12,unknown,,unknown,,,0.0,0.0,0.0,0.0,0.0,0.0,0.0000,LOW,Anomalous Pattern,NORMAL,NORMAL
2026-03-14 19:53:12,unknown,,unknown,,,0.0,0.0,0.0,0.0,0.0,0.0,0.0000,LOW,Anomalous Pattern,NORMAL,NORMAL
2026-03-14 19:53:12,unknown,,unknown,,,0.0,0.0,0.0,0.0,0.0,0.0,0.0000,LOW,Anomalous Pattern,NORMAL,NORMAL
2026-03-14 19:53:12,unknown,,unknown,,,0.0,0.0,0.0,0.0,0.0,0.0,0.0000,LOW,Anomalous Pattern,NORMAL,NORMAL
2026-03-14 19:53:12,unknown,,unknown,,,0.0,0.0,0.0,0.0,0.0,0.0,0.0000,LOW,Anomalous Pattern,NORMAL,NORMAL
2026-03-14 19:53:12,unknown,,unknown,,,0.0,0.0,0.0,0.0,0.0,0.0,0.0000,LOW,Anomalous Pattern,NORMAL,NORMAL
2026-03-14 19:53:13,unknown,,unknown,,,0.0,0.0,0.0,0.0,0.0,0.0,0.0000,LOW,Anomalous Pattern,NORMAL,NORMAL
2026-03-14 19:53:13,unknown,,unknown,,,0.0,0.0,0.0,0.0,0.0,0.0,0.0000,LOW,Anomalous Pattern,NORMAL,NORMAL
2026-03-14 19:53:13,unknown,,unknown,,,0.0,0.0,0.0,0.0,0.0,0.0,0.0000,LOW,Anomalous Pattern,NORMAL,NORMAL
2026-03-14 19:53:13,unknown,,unknown,,,0.0,0.0,0.0,0.0,0.0,0.0,0.0000,LOW,Anomalous Pattern,NORMAL,NORMAL
2026-03-14 19:53:13,unknown,,unknown,,,0.0,0.0,0.0,0.0,0.0,0.0,0.0000,LOW,Anomalous Pattern,NORMAL,NORMAL
2026-03-14 19:53:14,unknown,,unknown,,,0.0,0.0,0.0,0.0,0.0,0.0,0.0000,LOW,Anomalous Pattern,NORMAL,NORMAL
2026-03-14 19:53:14,unknown,,unknown,,,0.0,0.0,0.0,0.0,0.0,0.0,0.0000,LOW,Anomalous Pattern,NORMAL,NORMAL
2026-03-14 19:53:14,unknown,,unknown,,,0.0,0.0,0.0,0.0,0.0,0.0,0.0000,LOW,Anomalous Pattern,NORMAL,NORMAL
2026-03-14 19:53:14,unknown,,unknown,,,0.0,0.0,0.0,0.0,0.0,0.0,0.0000,LOW,Anomalous Pattern,NORMAL,NORMAL
2026-03-14 19:53:14,unknown,,unknown,,,0.0,0.0,0.0,0.0,0.0,0.0,0.0000,LOW,Anomalous Pattern,NORMAL,NORMAL
2026-03-14 19:53:14,unknown,,unknown,,,0.0,0.0,0.0,0.0,0.0,0.0,0.0000,LOW,Anomalous Pattern,NORMAL,NORMAL
2026-03-14 19:53:15,unknown,,unknown,,,0.0,0.0,0.0,0.0,0.0,0.0,0.0000,LOW,Anomalous Pattern,NORMAL,NORMAL
2026-03-14 19:53:15,unknown,,unknown,,,0.0,0.0,0.0,0.0,0.0,0.0,0.0000,LOW,Anomalous Pattern,NORMAL,NORMAL
2026-03-14 19:53:15,unknown,,unknown,,,0.0,0.0,0.0,0.0,0.0,0.0,0.0000,LOW,Anomalous Pattern,NORMAL,NORMAL
2026-03-14 19:53:15,unknown,,unknown,,,0.0,0.0,0.0,0.0,0.0,0.0,0.0000,LOW,Anomalous Pattern,NORMAL,NORMAL
2026-03-14 19:53:15,unknown,,unknown,,,0.0,0.0,0.0,0.0,0.0,0.0,0.0000,LOW,Anomalous Pattern,NORMAL,NORMAL
2026-03-14 19:53:16,unknown,,unknown,,,0.0,0.0,0.0,0.0,0.0,0.0,0.0000,LOW,Anomalous Pattern,NORMAL,NORMAL
2026-03-14 19:53:16,unknown,,unknown,,,0.0,0.0,0.0,0.0,0.0,0.0,0.0000,LOW,Anomalous Pattern,NORMAL,NORMAL
2026-03-14 19:53:16,unknown,,unknown,,,0.0,0.0,0.0,0.0,0.0,0.0,0.0000,LOW,Anomalous Pattern,NORMAL,NORMAL
2026-03-14 19:53:16,unknown,,unknown,,,0.0,0.0,0.0,0.0,0.0,0.0,0.0000,LOW,Anomalous Pattern,NORMAL,NORMAL
2026-03-14 19:53:16,unknown,,unknown,,,0.0,0.0,0.0,0.0,0.0,0.0,0.0000,LOW,Anomalous Pattern,NORMAL,NORMAL
2026-03-14 19:53:16,unknown,,unknown,,,0.0,0.0,0.0,0.0,0.0,0.0,0.0000,LOW,Anomalous Pattern,NORMAL,NORMAL
2026-03-14 19:53:17,unknown,,unknown,,,0.0,0.0,0.0,0.0,0.0,0.0,0.0000,LOW,Anomalous Pattern,NORMAL,NORMAL
2026-03-14 19:53:17,unknown,,unknown,,,0.0,0.0,0.0,0.0,0.0,0.0,0.0000,LOW,Anomalous Pattern,NORMAL,NORMAL
2026-03-14 19:53:17,unknown,,unknown,,,0.0,0.0,0.0,0.0,0.0,0.0,0.0000,LOW,Anomalous Pattern,NORMAL,NORMAL
2026-03-14 19:53:17,unknown,,unknown,,,0.0,0.0,0.0,0.0,0.0,0.0,0.0000,LOW,Anomalous Pattern,NORMAL,NORMAL
2026-03-14 19:53:18,unknown,,unknown,,,0.0,0.0,0.0,0.0,0.0,0.0,0.0000,LOW,Anomalous Pattern,NORMAL,NORMAL
2026-03-14 19:53:18,unknown,,unknown,,,0.0,0.0,0.0,0.0,0.0,0.0,0.0000,LOW,Anomalous Pattern,NORMAL,NORMAL
2026-03-14 19:53:18,unknown,,unknown,,,0.0,0.0,0.0,0.0,0.0,0.0,0.0000,LOW,Anomalous Pattern,NORMAL,NORMAL
2026-03-14 19:53:18,unknown,,unknown,,,0.0,0.0,0.0,0.0,0.0,0.0,0.0000,LOW,Anomalous Pattern,NORMAL,NORMAL
2026-03-14 19:53:18,unknown,,unknown,,,0.0,0.0,0.0,0.0,0.0,0.0,0.0000,LOW,Anomalous Pattern,NORMAL,NORMAL
2026-03-14 19:53:19,unknown,,unknown,,,0.0,0.0,0.0,0.0,0.0,0.0,0.0000,LOW,Anomalous Pattern,NORMAL,NORMAL
2026-03-14 19:53:19,unknown,,unknown,,,0.0,0.0,0.0,0.0,0.0,0.0,0.0000,LOW,Anomalous Pattern,NORMAL,NORMAL
2026-03-14 19:53:19,unknown,,unknown,,,0.0,0.0,0.0,0.0,0.0,0.0,0.0000,LOW,Anomalous Pattern,NORMAL,NORMAL
2026-03-14 19:53:19,unknown,,unknown,,,0.0,0.0,0.0,0.0,0.0,0.0,0.0000,LOW,Anomalous Pattern,NORMAL,NORMAL
2026-03-14 19:53:19,unknown,,unknown,,,0.0,0.0,0.0,0.0,0.0,0.0,0.0000,LOW,Anomalous Pattern,NORMAL,NORMAL
2026-03-14 19:53:20,unknown,,unknown,,,0.0,0.0,0.0,0.0,0.0,0.0,0.0000,LOW,Anomalous Pattern,NORMAL,NORMAL
2026-03-14 19:53:20,unknown,,unknown,,,0.0,0.0,0.0,0.0,0.0,0.0,0.0000,LOW,Anomalous Pattern,NORMAL,NORMAL
2026-03-14 19:53:20,unknown,,unknown,,,0.0,0.0,0.0,0.0,0.0,0.0,0.0000,LOW,Anomalous Pattern,NORMAL,NORMAL
2026-03-14 19:53:21,unknown,,unknown,,,0.0,0.0,0.0,0.0,0.0,0.0,0.0000,LOW,Anomalous Pattern,NORMAL,NORMAL
2026-03-14 19:53:21,unknown,,unknown,,,0.0,0.0,0.0,0.0,0.0,0.0,0.0000,LOW,Anomalous Pattern,NORMAL,NORMAL
2026-03-14 19:53:21,unknown,,unknown,,,0.0,0.0,0.0,0.0,0.0,0.0,0.0000,LOW,Anomalous Pattern,NORMAL,NORMAL
2026-03-14 19:53:21,unknown,,unknown,,,0.0,0.0,0.0,0.0,0.0,0.0,0.0000,LOW,Anomalous Pattern,NORMAL,NORMAL
2026-03-14 19:53:21,unknown,,unknown,,,0.0,0.0,0.0,0.0,0.0,0.0,0.0000,LOW,Anomalous Pattern,NORMAL,NORMAL
2026-03-14 19:53:21,unknown,,unknown,,,0.0,0.0,0.0,0.0,0.0,0.0,0.0000,LOW,Anomalous Pattern,NORMAL,NORMAL
2026-03-14 19:53:22,unknown,,unknown,,,0.0,0.0,0.0,0.0,0.0,0.0,0.0000,LOW,Anomalous Pattern,NORMAL,NORMAL
2026-03-14 19:53:22,unknown,,unknown,,,0.0,0.0,0.0,0.0,0.0,0.0,0.0000,LOW,Anomalous Pattern,NORMAL,NORMAL
2026-03-14 19:53:22,unknown,,unknown,,,0.0,0.0,0.0,0.0,0.0,0.0,0.0000,LOW,Anomalous Pattern,NORMAL,NORMAL
2026-03-14 19:53:23,unknown,,unknown,,,0.0,0.0,0.0,0.0,0.0,0.0,0.0000,LOW,Anomalous Pattern,NORMAL,NORMAL
2026-03-14 19:53:23,unknown,,unknown,,,0.0,0.0,0.0,0.0,0.0,0.0,0.0000,LOW,Anomalous Pattern,NORMAL,NORMAL
2026-03-14 19:53:23,unknown,,unknown,,,0.0,0.0,0.0,0.0,0.0,0.0,0.0000,LOW,Anomalous Pattern,NORMAL,NORMAL
2026-03-14 19:53:24,unknown,,unknown,,,0.0,0.0,0.0,0.0,0.0,0.0,0.0000,LOW,Anomalous Pattern,NORMAL,NORMAL
2026-03-14 19:53:24,unknown,,unknown,,,0.0,0.0,0.0,0.0,0.0,0.0,0.0000,LOW,Anomalous Pattern,NORMAL,NORMAL
2026-03-14 19:53:24,unknown,,unknown,,,0.0,0.0,0.0,0.0,0.0,0.0,0.0000,LOW,Anomalous Pattern,NORMAL,NORMAL
2026-03-14 19:53:24,unknown,,unknown,,,0.0,0.0,0.0,0.0,0.0,0.0,0.0000,LOW,Anomalous Pattern,NORMAL,NORMAL
2026-03-14 19:53:25,unknown,,unknown,,,0.0,0.0,0.0,0.0,0.0,0.0,0.0000,LOW,Anomalous Pattern,NORMAL,NORMAL
2026-03-14 19:53:25,unknown,,unknown,,,0.0,0.0,0.0,0.0,0.0,0.0,0.0000,LOW,Anomalous Pattern,NORMAL,NORMAL
2026-03-14 19:53:25,unknown,,unknown,,,0.0,0.0,0.0,0.0,0.0,0.0,0.0000,LOW,Anomalous Pattern,NORMAL,NORMAL
2026-03-14 19:53:26,unknown,,unknown,,,0.0,0.0,0.0,0.0,0.0,0.0,0.0000,LOW,Anomalous Pattern,NORMAL,NORMAL
2026-03-14 19:53:26,unknown,,unknown,,,0.0,0.0,0.0,0.0,0.0,0.0,0.0000,LOW,Anomalous Pattern,NORMAL,NORMAL
2026-03-14 19:53:26,unknown,,unknown,,,0.0,0.0,0.0,0.0,0.0,0.0,0.0000,LOW,Anomalous Pattern,NORMAL,NORMAL
2026-03-14 19:53:26,unknown,,unknown,,,0.0,0.0,0.0,0.0,0.0,0.0,0.0000,LOW,Anomalous Pattern,NORMAL,NORMAL
2026-03-14 19:53:27,unknown,,unknown,,,0.0,0.0,0.0,0.0,0.0,0.0,0.0000,LOW,Anomalous Pattern,NORMAL,NORMAL
2026-03-14 19:53:27,unknown,,unknown,,,0.0,0.0,0.0,0.0,0.0,0.0,0.0000,LOW,Anomalous Pattern,NORMAL,NORMAL
2026-03-14 19:53:27,unknown,,unknown,,,0.0,0.0,0.0,0.0,0.0,0.0,0.0000,LOW,Anomalous Pattern,NORMAL,NORMAL
2026-03-14 19:53:27,unknown,,unknown,,,0.0,0.0,0.0,0.0,0.0,0.0,0.0000,LOW,Anomalous Pattern,NORMAL,NORMAL
2026-03-14 19:53:28,unknown,,unknown,,,0.0,0.0,0.0,0.0,0.0,0.0,0.0000,LOW,Anomalous Pattern,NORMAL,NORMAL
2026-03-14 19:53:28,unknown,,unknown,,,0.0,0.0,0.0,0.0,0.0,0.0,0.0000,LOW,Anomalous Pattern,NORMAL,NORMAL
2026-03-14 19:53:28,unknown,,unknown,,,0.0,0.0,0.0,0.0,0.0,0.0,0.0000,LOW,Anomalous Pattern,NORMAL,NORMAL
2026-03-14 19:53:28,unknown,,unknown,,,0.0,0.0,0.0,0.0,0.0,0.0,0.0000,LOW,Anomalous Pattern,NORMAL,NORMAL
2026-03-14 19:53:28,unknown,,unknown,,,0.0,0.0,0.0,0.0,0.0,0.0,0.0000,LOW,Anomalous Pattern,NORMAL,NORMAL
2026-03-14 19:53:29,unknown,,unknown,,,0.0,0.0,0.0,0.0,0.0,0.0,0.0000,LOW,Anomalous Pattern,NORMAL,NORMAL
2026-03-14 19:53:29,unknown,,unknown,,,0.0,0.0,0.0,0.0,0.0,0.0,0.0000,LOW,Anomalous Pattern,NORMAL,NORMAL
2026-03-14 19:53:29,unknown,,unknown,,,0.0,0.0,0.0,0.0,0.0,0.0,0.0000,LOW,Anomalous Pattern,NORMAL,NORMAL
2026-03-14 19:53:29,unknown,,unknown,,,0.0,0.0,0.0,0.0,0.0,0.0,0.0000,LOW,Anomalous Pattern,NORMAL,NORMAL
2026-03-14 19:53:30,unknown,,unknown,,,0.0,0.0,0.0,0.0,0.0,0.0,0.0000,LOW,Anomalous Pattern,NORMAL,NORMAL
2026-03-14 19:53:30,unknown,,unknown,,,0.0,0.0,0.0,0.0,0.0,0.0,0.0000,LOW,Anomalous Pattern,NORMAL,NORMAL
2026-03-14 19:53:30,unknown,,unknown,,,0.0,0.0,0.0,0.0,0.0,0.0,0.0000,LOW,Anomalous Pattern,NORMAL,NORMAL
2026-03-14 19:53:30,unknown,,unknown,,,0.0,0.0,0.0,0.0,0.0,0.0,0.0000,LOW,Anomalous Pattern,NORMAL,NORMAL
2026-03-14 19:53:31,unknown,,unknown,,,0.0,0.0,0.0,0.0,0.0,0.0,0.0000,LOW,Anomalous Pattern,NORMAL,NORMAL
2026-03-14 19:53:31,unknown,,unknown,,,0.0,0.0,0.0,0.0,0.0,0.0,0.0000,LOW,Anomalous Pattern,NORMAL,NORMAL
2026-03-14 19:53:31,unknown,,unknown,,,0.0,0.0,0.0,0.0,0.0,0.0,0.0000,LOW,Anomalous Pattern,NORMAL,NORMAL
2026-03-14 19:53:31,unknown,,unknown,,,0.0,0.0,0.0,0.0,0.0,0.0,0.0000,LOW,Anomalous Pattern,NORMAL,NORMAL
2026-03-14 19:53:31,unknown,,unknown,,,0.0,0.0,0.0,0.0,0.0,0.0,0.0000,LOW,Anomalous Pattern,NORMAL,NORMAL
2026-03-14 19:53:32,unknown,,unknown,,,0.0,0.0,0.0,0.0,0.0,0.0,0.0000,LOW,Anomalous Pattern,NORMAL,NORMAL
2026-03-14 19:53:32,unknown,,unknown,,,0.0,0.0,0.0,0.0,0.0,0.0,0.0000,LOW,Anomalous Pattern,NORMAL,NORMAL
2026-03-14 19:53:32,unknown,,unknown,,,0.0,0.0,0.0,0.0,0.0,0.0,0.0000,LOW,Anomalous Pattern,NORMAL,NORMAL
2026-03-14 19:53:32,unknown,,unknown,,,0.0,0.0,0.0,0.0,0.0,0.0,0.0000,LOW,Anomalous Pattern,NORMAL,NORMAL
2026-03-14 19:53:33,unknown,,unknown,,,0.0,0.0,0.0,0.0,0.0,0.0,0.0000,LOW,Anomalous Pattern,NORMAL,NORMAL
2026-03-14 19:53:33,unknown,,unknown,,,0.0,0.0,0.0,0.0,0.0,0.0,0.0000,LOW,Anomalous Pattern,NORMAL,NORMAL
2026-03-14 19:53:33,unknown,,unknown,,,0.0,0.0,0.0,0.0,0.0,0.0,0.0000,LOW,Anomalous Pattern,NORMAL,NORMAL
2026-03-14 19:53:33,unknown,,unknown,,,0.0,0.0,0.0,0.0,0.0,0.0,0.0000,LOW,Anomalous Pattern,NORMAL,NORMAL
2026-03-14 19:53:34,unknown,,unknown,,,0.0,0.0,0.0,0.0,0.0,0.0,0.0000,LOW,Anomalous Pattern,NORMAL,NORMAL
2026-03-14 19:53:34,unknown,,unknown,,,0.0,0.0,0.0,0.0,0.0,0.0,0.0000,LOW,Anomalous Pattern,NORMAL,NORMAL
2026-03-14 19:53:34,unknown,,unknown,,,0.0,0.0,0.0,0.0,0.0,0.0,0.0000,LOW,Anomalous Pattern,NORMAL,NORMAL
2026-03-14 19:53:34,unknown,,unknown,,,0.0,0.0,0.0,0.0,0.0,0.0,0.0000,LOW,Anomalous Pattern,NORMAL,NORMAL
2026-03-14 19:53:34,unknown,,unknown,,,0.0,0.0,0.0,0.0,0.0,0.0,0.0000,LOW,Anomalous Pattern,NORMAL,NORMAL
2026-03-14 19:53:34,unknown,,unknown,,,0.0,0.0,0.0,0.0,0.0,0.0,0.0000,LOW,Anomalous Pattern,NORMAL,NORMAL
2026-03-14 19:53:35,unknown,,unknown,,,0.0,0.0,0.0,0.0,0.0,0.0,0.0000,LOW,Anomalous Pattern,NORMAL,NORMAL
2026-03-14 19:53:35,unknown,,unknown,,,0.0,0.0,0.0,0.0,0.0,0.0,0.0000,LOW,Anomalous Pattern,NORMAL,NORMAL
2026-03-14 19:53:35,unknown,,unknown,,,0.0,0.0,0.0,0.0,0.0,0.0,0.0000,LOW,Anomalous Pattern,NORMAL,NORMAL
2026-03-14 19:53:35,unknown,,unknown,,,0.0,0.0,0.0,0.0,0.0,0.0,0.0000,LOW,Anomalous Pattern,NORMAL,NORMAL
2026-03-14 19:53:35,unknown,,unknown,,,0.0,0.0,0.0,0.0,0.0,0.0,0.0000,LOW,Anomalous Pattern,NORMAL,NORMAL
2026-03-14 19:53:36,unknown,,unknown,,,0.0,0.0,0.0,0.0,0.0,0.0,0.0000,LOW,Anomalous Pattern,NORMAL,NORMAL
2026-03-14 19:53:36,unknown,,unknown,,,0.0,0.0,0.0,0.0,0.0,0.0,0.0000,LOW,Anomalous Pattern,NORMAL,NORMAL
2026-03-14 19:53:36,unknown,,unknown,,,0.0,0.0,0.0,0.0,0.0,0.0,0.0000,LOW,Anomalous Pattern,NORMAL,NORMAL
2026-03-14 19:53:36,unknown,,unknown,,,0.0,0.0,0.0,0.0,0.0,0.0,0.0000,LOW,Anomalous Pattern,NORMAL,NORMAL
2026-03-14 19:53:36,unknown,,unknown,,,0.0,0.0,0.0,0.0,0.0,0.0,0.0000,LOW,Anomalous Pattern,NORMAL,NORMAL
2026-03-14 19:53:37,unknown,,unknown,,,0.0,0.0,0.0,0.0,0.0,0.0,0.0000,LOW,Anomalous Pattern,NORMAL,NORMAL
2026-03-14 19:53:37,unknown,,unknown,,,0.0,0.0,0.0,0.0,0.0,0.0,0.0000,LOW,Anomalous Pattern,NORMAL,NORMAL
2026-03-14 19:53:37,unknown,,unknown,,,0.0,0.0,0.0,0.0,0.0,0.0,0.0000,LOW,Anomalous Pattern,NORMAL,NORMAL
2026-03-14 19:53:37,unknown,,unknown,,,0.0,0.0,0.0,0.0,0.0,0.0,0.0000,LOW,Anomalous Pattern,NORMAL,NORMAL
2026-03-14 19:53:37,unknown,,unknown,,,0.0,0.0,0.0,0.0,0.0,0.0,0.0000,LOW,Anomalous Pattern,NORMAL,NORMAL
2026-03-14 19:53:38,unknown,,unknown,,,0.0,0.0,0.0,0.0,0.0,0.0,0.0000,LOW,Anomalous Pattern,NORMAL,NORMAL
2026-03-14 19:53:38,unknown,,unknown,,,0.0,0.0,0.0,0.0,0.0,0.0,0.0000,LOW,Anomalous Pattern,NORMAL,NORMAL
2026-03-14 19:53:38,unknown,,unknown,,,0.0,0.0,0.0,0.0,0.0,0.0,0.0000,LOW,Anomalous Pattern,NORMAL,NORMAL
2026-03-14 19:53:38,unknown,,unknown,,,0.0,0.0,0.0,0.0,0.0,0.0,0.0000,LOW,Anomalous Pattern,NORMAL,NORMAL
2026-03-14 19:53:38,unknown,,unknown,,,0.0,0.0,0.0,0.0,0.0,0.0,0.0000,LOW,Anomalous Pattern,NORMAL,NORMAL
2026-03-14 19:53:39,unknown,,unknown,,,0.0,0.0,0.0,0.0,0.0,0.0,0.0000,LOW,Anomalous Pattern,NORMAL,NORMAL
2026-03-14 19:53:39,unknown,,unknown,,,0.0,0.0,0.0,0.0,0.0,0.0,0.0000,LOW,Anomalous Pattern,NORMAL,NORMAL
2026-03-14 19:53:39,unknown,,unknown,,,0.0,0.0,0.0,0.0,0.0,0.0,0.0000,LOW,Anomalous Pattern,NORMAL,NORMAL
2026-03-14 19:53:39,unknown,,unknown,,,0.0,0.0,0.0,0.0,0.0,0.0,0.0000,LOW,Anomalous Pattern,NORMAL,NORMAL
2026-03-14 19:53:39,unknown,,unknown,,,0.0,0.0,0.0,0.0,0.0,0.0,0.0000,LOW,Anomalous Pattern,NORMAL,NORMAL
2026-03-14 19:53:39,unknown,,unknown,,,0.0,0.0,0.0,0.0,0.0,0.0,0.0000,LOW,Anomalous Pattern,NORMAL,NORMAL
2026-03-14 19:53:40,unknown,,unknown,,,0.0,0.0,0.0,0.0,0.0,0.0,0.0000,LOW,Anomalous Pattern,NORMAL,NORMAL
2026-03-14 19:53:40,unknown,,unknown,,,0.0,0.0,0.0,0.0,0.0,0.0,0.0000,LOW,Anomalous Pattern,NORMAL,NORMAL
2026-03-14 19:53:40,unknown,,unknown,,,0.0,0.0,0.0,0.0,0.0,0.0,0.0000,LOW,Anomalous Pattern,NORMAL,NORMAL
2026-03-14 19:53:40,unknown,,unknown,,,0.0,0.0,0.0,0.0,0.0,0.0,0.0000,LOW,Anomalous Pattern,NORMAL,NORMAL
2026-03-14 19:53:41,unknown,,unknown,,,0.0,0.0,0.0,0.0,0.0,0.0,0.0000,LOW,Anomalous Pattern,NORMAL,NORMAL
2026-03-14 19:53:41,unknown,,unknown,,,0.0,0.0,0.0,0.0,0.0,0.0,0.0000,LOW,Anomalous Pattern,NORMAL,NORMAL
2026-03-14 19:53:41,unknown,,unknown,,,0.0,0.0,0.0,0.0,0.0,0.0,0.0000,LOW,Anomalous Pattern,NORMAL,NORMAL
2026-03-14 19:53:41,unknown,,unknown,,,0.0,0.0,0.0,0.0,0.0,0.0,0.0000,LOW,Anomalous Pattern,NORMAL,NORMAL
2026-03-14 19:53:41,unknown,,unknown,,,0.0,0.0,0.0,0.0,0.0,0.0,0.0000,LOW,Anomalous Pattern,NORMAL,NORMAL
2026-03-14 19:53:41,unknown,,unknown,,,0.0,0.0,0.0,0.0,0.0,0.0,0.0000,LOW,Anomalous Pattern,NORMAL,NORMAL
2026-03-14 19:53:42,unknown,,unknown,,,0.0,0.0,0.0,0.0,0.0,0.0,0.0000,LOW,Anomalous Pattern,NORMAL,NORMAL
2026-03-14 19:53:42,unknown,,unknown,,,0.0,0.0,0.0,0.0,0.0,0.0,0.0000,LOW,Anomalous Pattern,NORMAL,NORMAL
2026-03-14 19:53:42,unknown,,unknown,,,0.0,0.0,0.0,0.0,0.0,0.0,0.0000,LOW,Anomalous Pattern,NORMAL,NORMAL
2026-03-14 19:53:42,unknown,,unknown,,,0.0,0.0,0.0,0.0,0.0,0.0,0.0000,LOW,Anomalous Pattern,NORMAL,NORMAL
2026-03-14 19:53:42,unknown,,unknown,,,0.0,0.0,0.0,0.0,0.0,0.0,0.0000,LOW,Anomalous Pattern,NORMAL,NORMAL
2026-03-14 19:53:42,unknown,,unknown,,,0.0,0.0,0.0,0.0,0.0,0.0,0.0000,LOW,Anomalous Pattern,NORMAL,NORMAL
2026-03-14 19:53:43,unknown,,unknown,,,0.0,0.0,0.0,0.0,0.0,0.0,0.0000,LOW,Anomalous Pattern,NORMAL,NORMAL
2026-03-14 19:53:43,unknown,,unknown,,,0.0,0.0,0.0,0.0,0.0,0.0,0.0000,LOW,Anomalous Pattern,NORMAL,NORMAL
2026-03-14 19:53:43,unknown,,unknown,,,0.0,0.0,0.0,0.0,0.0,0.0,0.0000,LOW,Anomalous Pattern,NORMAL,NORMAL
2026-03-14 19:53:43,unknown,,unknown,,,0.0,0.0,0.0,0.0,0.0,0.0,0.0000,LOW,Anomalous Pattern,NORMAL,NORMAL
2026-03-14 19:53:43,unknown,,unknown,,,0.0,0.0,0.0,0.0,0.0,0.0,0.0000,LOW,Anomalous Pattern,NORMAL,NORMAL
2026-03-14 19:53:43,unknown,,unknown,,,0.0,0.0,0.0,0.0,0.0,0.0,0.0000,LOW,Anomalous Pattern,NORMAL,NORMAL
2026-03-14 19:53:44,unknown,,unknown,,,0.0,0.0,0.0,0.0,0.0,0.0,0.0000,LOW,Anomalous Pattern,NORMAL,NORMAL
2026-03-14 19:53:44,unknown,,unknown,,,0.0,0.0,0.0,0.0,0.0,0.0,0.0000,LOW,Anomalous Pattern,NORMAL,NORMAL
2026-03-14 19:53:44,unknown,,unknown,,,0.0,0.0,0.0,0.0,0.0,0.0,0.0000,LOW,Anomalous Pattern,NORMAL,NORMAL
2026-03-14 19:53:44,unknown,,unknown,,,0.0,0.0,0.0,0.0,0.0,0.0,0.0000,LOW,Anomalous Pattern,NORMAL,NORMAL
2026-03-14 19:53:44,unknown,,unknown,,,0.0,0.0,0.0,0.0,0.0,0.0,0.0000,LOW,Anomalous Pattern,NORMAL,NORMAL
2026-03-14 19:53:44,unknown,,unknown,,,0.0,0.0,0.0,0.0,0.0,0.0,0.0000,LOW,Anomalous Pattern,NORMAL,NORMAL
2026-03-14 19:53:45,unknown,,unknown,,,0.0,0.0,0.0,0.0,0.0,0.0,0.0000,LOW,Anomalous Pattern,NORMAL,NORMAL
2026-03-14 19:53:45,unknown,,unknown,,,0.0,0.0,0.0,0.0,0.0,0.0,0.0000,LOW,Anomalous Pattern,NORMAL,NORMAL
2026-03-14 19:53:45,unknown,,unknown,,,0.0,0.0,0.0,0.0,0.0,0.0,0.0000,LOW,Anomalous Pattern,NORMAL,NORMAL
2026-03-14 19:53:45,unknown,,unknown,,,0.0,0.0,0.0,0.0,0.0,0.0,0.0000,LOW,Anomalous Pattern,NORMAL,NORMAL
2026-03-14 19:53:45,unknown,,unknown,,,0.0,0.0,0.0,0.0,0.0,0.0,0.0000,LOW,Anomalous Pattern,NORMAL,NORMAL
2026-03-14 19:53:46,unknown,,unknown,,,0.0,0.0,0.0,0.0,0.0,0.0,0.0000,LOW,Anomalous Pattern,NORMAL,NORMAL
2026-03-14 19:53:46,unknown,,unknown,,,0.0,0.0,0.0,0.0,0.0,0.0,0.0000,LOW,Anomalous Pattern,NORMAL,NORMAL
2026-03-14 19:53:46,unknown,,unknown,,,0.0,0.0,0.0,0.0,0.0,0.0,0.0000,LOW,Anomalous Pattern,NORMAL,NORMAL
2026-03-14 19:53:46,unknown,,unknown,,,0.0,0.0,0.0,0.0,0.0,0.0,0.0000,LOW,Anomalous Pattern,NORMAL,NORMAL
2026-03-14 19:53:46,unknown,,unknown,,,0.0,0.0,0.0,0.0,0.0,0.0,0.0000,LOW,Anomalous Pattern,NORMAL,NORMAL
2026-03-14 19:53:47,unknown,,unknown,,,0.0,0.0,0.0,0.0,0.0,0.0,0.0000,LOW,Anomalous Pattern,NORMAL,NORMAL
2026-03-14 19:53:47,unknown,,unknown,,,0.0,0.0,0.0,0.0,0.0,0.0,0.0000,LOW,Anomalous Pattern,NORMAL,NORMAL
2026-03-14 19:53:47,unknown,,unknown,,,0.0,0.0,0.0,0.0,0.0,0.0,0.0000,LOW,Anomalous Pattern,NORMAL,NORMAL
2026-03-14 19:53:47,unknown,,unknown,,,0.0,0.0,0.0,0.0,0.0,0.0,0.0000,LOW,Anomalous Pattern,NORMAL,NORMAL
2026-03-14 19:53:47,unknown,,unknown,,,0.0,0.0,0.0,0.0,0.0,0.0,0.0000,LOW,Anomalous Pattern,NORMAL,NORMAL
2026-03-14 19:53:47,unknown,,unknown,,,0.0,0.0,0.0,0.0,0.0,0.0,0.0000,LOW,Anomalous Pattern,NORMAL,NORMAL
2026-03-14 19:53:48,unknown,,unknown,,,0.0,0.0,0.0,0.0,0.0,0.0,0.0000,LOW,Anomalous Pattern,NORMAL,NORMAL
2026-03-14 19:53:48,unknown,,unknown,,,0.0,0.0,0.0,0.0,0.0,0.0,0.0000,LOW,Anomalous Pattern,NORMAL,NORMAL
2026-03-14 19:53:48,unknown,,unknown,,,0.0,0.0,0.0,0.0,0.0,0.0,0.0000,LOW,Anomalous Pattern,NORMAL,NORMAL
2026-03-14 19:53:48,unknown,,unknown,,,0.0,0.0,0.0,0.0,0.0,0.0,0.0000,LOW,Anomalous Pattern,NORMAL,NORMAL
2026-03-14 19:53:48,unknown,,unknown,,,0.0,0.0,0.0,0.0,0.0,0.0,0.0000,LOW,Anomalous Pattern,NORMAL,NORMAL
2026-03-14 19:53:49,unknown,,unknown,,,0.0,0.0,0.0,0.0,0.0,0.0,0.0000,LOW,Anomalous Pattern,NORMAL,NORMAL
2026-03-14 19:53:49,unknown,,unknown,,,0.0,0.0,0.0,0.0,0.0,0.0,0.0000,LOW,Anomalous Pattern,NORMAL,NORMAL
2026-03-14 19:53:49,unknown,,unknown,,,0.0,0.0,0.0,0.0,0.0,0.0,0.0000,LOW,Anomalous Pattern,NORMAL,NORMAL
2026-03-14 19:53:49,unknown,,unknown,,,0.0,0.0,0.0,0.0,0.0,0.0,0.0000,LOW,Anomalous Pattern,NORMAL,NORMAL
2026-03-14 19:53:49,unknown,,unknown,,,0.0,0.0,0.0,0.0,0.0,0.0,0.0000,LOW,Anomalous Pattern,NORMAL,NORMAL
2026-03-14 19:53:49,unknown,,unknown,,,0.0,0.0,0.0,0.0,0.0,0.0,0.0000,LOW,Anomalous Pattern,NORMAL,NORMAL
2026-03-14 19:53:50,unknown,,unknown,,,0.0,0.0,0.0,0.0,0.0,0.0,0.0000,LOW,Anomalous Pattern,NORMAL,NORMAL
2026-03-14 19:53:50,unknown,,unknown,,,0.0,0.0,0.0,0.0,0.0,0.0,0.0000,LOW,Anomalous Pattern,NORMAL,NORMAL
2026-03-14 19:53:50,unknown,,unknown,,,0.0,0.0,0.0,0.0,0.0,0.0,0.0000,LOW,Anomalous Pattern,NORMAL,NORMAL
2026-03-14 19:53:50,unknown,,unknown,,,0.0,0.0,0.0,0.0,0.0,0.0,0.0000,LOW,Anomalous Pattern,NORMAL,NORMAL
2026-03-14 19:53:51,unknown,,unknown,,,0.0,0.0,0.0,0.0,0.0,0.0,0.0000,LOW,Anomalous Pattern,NORMAL,NORMAL
2026-03-14 19:53:51,unknown,,unknown,,,0.0,0.0,0.0,0.0,0.0,0.0,0.0000,LOW,Anomalous Pattern,NORMAL,NORMAL
2026-03-14 19:53:51,unknown,,unknown,,,0.0,0.0,0.0,0.0,0.0,0.0,0.0000,LOW,Anomalous Pattern,NORMAL,NORMAL
2026-03-14 19:53:51,unknown,,unknown,,,0.0,0.0,0.0,0.0,0.0,0.0,0.0000,LOW,Anomalous Pattern,NORMAL,NORMAL
2026-03-14 19:53:51,unknown,,unknown,,,0.0,0.0,0.0,0.0,0.0,0.0,0.0000,LOW,Anomalous Pattern,NORMAL,NORMAL
2026-03-14 19:53:52,unknown,,unknown,,,0.0,0.0,0.0,0.0,0.0,0.0,0.0000,LOW,Anomalous Pattern,NORMAL,NORMAL
2026-03-14 19:53:52,unknown,,unknown,,,0.0,0.0,0.0,0.0,0.0,0.0,0.0000,LOW,Anomalous Pattern,NORMAL,NORMAL
2026-03-14 19:53:52,unknown,,unknown,,,0.0,0.0,0.0,0.0,0.0,0.0,0.0000,LOW,Anomalous Pattern,NORMAL,NORMAL
2026-03-14 19:53:52,unknown,,unknown,,,0.0,0.0,0.0,0.0,0.0,0.0,0.0000,LOW,Anomalous Pattern,NORMAL,NORMAL
2026-03-14 19:53:53,unknown,,unknown,,,0.0,0.0,0.0,0.0,0.0,0.0,0.0000,LOW,Anomalous Pattern,NORMAL,NORMAL
2026-03-14 19:53:53,unknown,,unknown,,,0.0,0.0,0.0,0.0,0.0,0.0,0.0000,LOW,Anomalous Pattern,NORMAL,NORMAL
2026-03-14 19:53:53,unknown,,unknown,,,0.0,0.0,0.0,0.0,0.0,0.0,0.0000,LOW,Anomalous Pattern,NORMAL,NORMAL
2026-03-14 19:53:53,unknown,,unknown,,,0.0,0.0,0.0,0.0,0.0,0.0,0.0000,LOW,Anomalous Pattern,NORMAL,NORMAL
2026-03-14 19:53:54,unknown,,unknown,,,0.0,0.0,0.0,0.0,0.0,0.0,0.0000,LOW,Anomalous Pattern,NORMAL,NORMAL
2026-03-14 19:53:54,unknown,,unknown,,,0.0,0.0,0.0,0.0,0.0,0.0,0.0000,LOW,Anomalous Pattern,NORMAL,NORMAL
2026-03-14 19:53:54,unknown,,unknown,,,0.0,0.0,0.0,0.0,0.0,0.0,0.0000,LOW,Anomalous Pattern,NORMAL,NORMAL
2026-03-14 19:53:54,unknown,,unknown,,,0.0,0.0,0.0,0.0,0.0,0.0,0.0000,LOW,Anomalous Pattern,NORMAL,NORMAL
2026-03-14 19:53:54,unknown,,unknown,,,0.0,0.0,0.0,0.0,0.0,0.0,0.0000,LOW,Anomalous Pattern,NORMAL,NORMAL
2026-03-14 19:53:55,unknown,,unknown,,,0.0,0.0,0.0,0.0,0.0,0.0,0.0000,LOW,Anomalous Pattern,NORMAL,NORMAL
2026-03-14 19:53:55,unknown,,unknown,,,0.0,0.0,0.0,0.0,0.0,0.0,0.0000,LOW,Anomalous Pattern,NORMAL,NORMAL
2026-03-14 19:53:55,unknown,,unknown,,,0.0,0.0,0.0,0.0,0.0,0.0,0.0000,LOW,Anomalous Pattern,NORMAL,NORMAL
2026-03-14 19:53:56,unknown,,unknown,,,0.0,0.0,0.0,0.0,0.0,0.0,0.0000,LOW,Anomalous Pattern,NORMAL,NORMAL
2026-03-14 19:53:56,unknown,,unknown,,,0.0,0.0,0.0,0.0,0.0,0.0,0.0000,LOW,Anomalous Pattern,NORMAL,NORMAL
2026-03-14 19:53:56,unknown,,unknown,,,0.0,0.0,0.0,0.0,0.0,0.0,0.0000,LOW,Anomalous Pattern,NORMAL,NORMAL
2026-03-14 19:53:56,unknown,,unknown,,,0.0,0.0,0.0,0.0,0.0,0.0,0.0000,LOW,Anomalous Pattern,NORMAL,NORMAL
2026-03-14 19:53:56,unknown,,unknown,,,0.0,0.0,0.0,0.0,0.0,0.0,0.0000,LOW,Anomalous Pattern,NORMAL,NORMAL
2026-03-14 19:53:57,unknown,,unknown,,,0.0,0.0,0.0,0.0,0.0,0.0,0.0000,LOW,Anomalous Pattern,NORMAL,NORMAL
2026-03-14 19:53:57,unknown,,unknown,,,0.0,0.0,0.0,0.0,0.0,0.0,0.0000,LOW,Anomalous Pattern,NORMAL,NORMAL
2026-03-14 19:53:57,unknown,,unknown,,,0.0,0.0,0.0,0.0,0.0,0.0,0.0000,LOW,Anomalous Pattern,NORMAL,NORMAL
2026-03-14 19:53:57,unknown,,unknown,,,0.0,0.0,0.0,0.0,0.0,0.0,0.0000,LOW,Anomalous Pattern,NORMAL,NORMAL
2026-03-14 19:53:58,unknown,,unknown,,,0.0,0.0,0.0,0.0,0.0,0.0,0.0000,LOW,Anomalous Pattern,NORMAL,NORMAL
2026-03-14 19:53:58,unknown,,unknown,,,0.0,0.0,0.0,0.0,0.0,0.0,0.0000,LOW,Anomalous Pattern,NORMAL,NORMAL
2026-03-14 19:53:58,unknown,,unknown,,,0.0,0.0,0.0,0.0,0.0,0.0,0.0000,LOW,Anomalous Pattern,NORMAL,NORMAL
2026-03-14 19:53:58,unknown,,unknown,,,0.0,0.0,0.0,0.0,0.0,0.0,0.0000,LOW,Anomalous Pattern,NORMAL,NORMAL
2026-03-14 19:53:58,unknown,,unknown,,,0.0,0.0,0.0,0.0,0.0,0.0,0.0000,LOW,Anomalous Pattern,NORMAL,NORMAL
2026-03-14 19:53:59,unknown,,unknown,,,0.0,0.0,0.0,0.0,0.0,0.0,0.0000,LOW,Anomalous Pattern,NORMAL,NORMAL
2026-03-14 19:53:59,unknown,,unknown,,,0.0,0.0,0.0,0.0,0.0,0.0,0.0000,LOW,Anomalous Pattern,NORMAL,NORMAL
2026-03-14 19:53:59,unknown,,unknown,,,0.0,0.0,0.0,0.0,0.0,0.0,0.0000,LOW,Anomalous Pattern,NORMAL,NORMAL
2026-03-14 19:53:59,unknown,,unknown,,,0.0,0.0,0.0,0.0,0.0,0.0,0.0000,LOW,Anomalous Pattern,NORMAL,NORMAL
2026-03-14 19:53:59,unknown,,unknown,,,0.0,0.0,0.0,0.0,0.0,0.0,0.0000,LOW,Anomalous Pattern,NORMAL,NORMAL
2026-03-14 19:54:00,unknown,,unknown,,,0.0,0.0,0.0,0.0,0.0,0.0,0.0000,LOW,Anomalous Pattern,NORMAL,NORMAL
2026-03-14 19:54:00,unknown,,unknown,,,0.0,0.0,0.0,0.0,0.0,0.0,0.0000,LOW,Anomalous Pattern,NORMAL,NORMAL
2026-03-14 19:54:00,unknown,,unknown,,,0.0,0.0,0.0,0.0,0.0,0.0,0.0000,LOW,Anomalous Pattern,NORMAL,NORMAL
2026-03-14 19:54:00,unknown,,unknown,,,0.0,0.0,0.0,0.0,0.0,0.0,0.0000,LOW,Anomalous Pattern,NORMAL,NORMAL
2026-03-14 19:54:00,unknown,,unknown,,,0.0,0.0,0.0,0.0,0.0,0.0,0.0000,LOW,Anomalous Pattern,NORMAL,NORMAL
2026-03-14 19:54:01,unknown,,unknown,,,0.0,0.0,0.0,0.0,0.0,0.0,0.0000,LOW,Anomalous Pattern,NORMAL,NORMAL
2026-03-14 19:54:01,unknown,,unknown,,,0.0,0.0,0.0,0.0,0.0,0.0,0.0000,LOW,Anomalous Pattern,NORMAL,NORMAL
2026-03-14 19:54:01,unknown,,unknown,,,0.0,0.0,0.0,0.0,0.0,0.0,0.0000,LOW,Anomalous Pattern,NORMAL,NORMAL
2026-03-14 19:54:01,unknown,,unknown,,,0.0,0.0,0.0,0.0,0.0,0.0,0.0000,LOW,Anomalous Pattern,NORMAL,NORMAL
2026-03-14 19:54:02,unknown,,unknown,,,0.0,0.0,0.0,0.0,0.0,0.0,0.0000,LOW,Anomalous Pattern,NORMAL,NORMAL
2026-03-14 19:54:02,unknown,,unknown,,,0.0,0.0,0.0,0.0,0.0,0.0,0.0000,LOW,Anomalous Pattern,NORMAL,NORMAL
2026-03-14 19:54:02,unknown,,unknown,,,0.0,0.0,0.0,0.0,0.0,0.0,0.0000,LOW,Anomalous Pattern,NORMAL,NORMAL
2026-03-14 19:54:02,unknown,,unknown,,,0.0,0.0,0.0,0.0,0.0,0.0,0.0000,LOW,Anomalous Pattern,NORMAL,NORMAL
2026-03-14 19:54:03,unknown,,unknown,,,0.0,0.0,0.0,0.0,0.0,0.0,0.0000,LOW,Anomalous Pattern,NORMAL,NORMAL
2026-03-14 19:54:03,unknown,,unknown,,,0.0,0.0,0.0,0.0,0.0,0.0,0.0000,LOW,Anomalous Pattern,NORMAL,NORMAL
2026-03-14 19:54:03,unknown,,unknown,,,0.0,0.0,0.0,0.0,0.0,0.0,0.0000,LOW,Anomalous Pattern,NORMAL,NORMAL
2026-03-14 19:54:03,unknown,,unknown,,,0.0,0.0,0.0,0.0,0.0,0.0,0.0000,LOW,Anomalous Pattern,NORMAL,NORMAL
2026-03-14 19:54:03,unknown,,unknown,,,0.0,0.0,0.0,0.0,0.0,0.0,0.0000,LOW,Anomalous Pattern,NORMAL,NORMAL
2026-03-14 19:54:04,unknown,,unknown,,,0.0,0.0,0.0,0.0,0.0,0.0,0.0000,LOW,Anomalous Pattern,NORMAL,NORMAL
2026-03-14 19:54:04,unknown,,unknown,,,0.0,0.0,0.0,0.0,0.0,0.0,0.0000,LOW,Anomalous Pattern,NORMAL,NORMAL
2026-03-14 19:54:04,unknown,,unknown,,,0.0,0.0,0.0,0.0,0.0,0.0,0.0000,LOW,Anomalous Pattern,NORMAL,NORMAL
2026-03-14 19:54:04,unknown,,unknown,,,0.0,0.0,0.0,0.0,0.0,0.0,0.0000,LOW,Anomalous Pattern,NORMAL,NORMAL
2026-03-14 19:54:04,unknown,,unknown,,,0.0,0.0,0.0,0.0,0.0,0.0,0.0000,LOW,Anomalous Pattern,NORMAL,NORMAL
2026-03-14 19:54:04,unknown,,unknown,,,0.0,0.0,0.0,0.0,0.0,0.0,0.0000,LOW,Anomalous Pattern,NORMAL,NORMAL
2026-03-14 19:54:04,unknown,,unknown,,,0.0,0.0,0.0,0.0,0.0,0.0,0.0000,LOW,Anomalous Pattern,NORMAL,NORMAL
2026-03-14 19:54:05,unknown,,unknown,,,0.0,0.0,0.0,0.0,0.0,0.0,0.0000,LOW,Anomalous Pattern,NORMAL,NORMAL
2026-03-14 19:54:05,unknown,,unknown,,,0.0,0.0,0.0,0.0,0.0,0.0,0.0000,LOW,Anomalous Pattern,NORMAL,NORMAL
2026-03-14 19:54:05,unknown,,unknown,,,0.0,0.0,0.0,0.0,0.0,0.0,0.0000,LOW,Anomalous Pattern,NORMAL,NORMAL
2026-03-14 19:54:05,unknown,,unknown,,,0.0,0.0,0.0,0.0,0.0,0.0,0.0000,LOW,Anomalous Pattern,NORMAL,NORMAL
2026-03-14 19:54:05,unknown,,unknown,,,0.0,0.0,0.0,0.0,0.0,0.0,0.0000,LOW,Anomalous Pattern,NORMAL,NORMAL
2026-03-14 19:54:05,unknown,,unknown,,,0.0,0.0,0.0,0.0,0.0,0.0,0.0000,LOW,Anomalous Pattern,NORMAL,NORMAL
2026-03-14 19:54:05,unknown,,unknown,,,0.0,0.0,0.0,0.0,0.0,0.0,0.0000,LOW,Anomalous Pattern,NORMAL,NORMAL
2026-03-14 19:54:05,unknown,,unknown,,,0.0,0.0,0.0,0.0,0.0,0.0,0.0000,LOW,Anomalous Pattern,NORMAL,NORMAL
2026-03-14 19:54:05,unknown,,unknown,,,0.0,0.0,0.0,0.0,0.0,0.0,0.0000,LOW,Anomalous Pattern,NORMAL,NORMAL
2026-03-14 19:54:05,unknown,,unknown,,,0.0,0.0,0.0,0.0,0.0,0.0,0.0000,LOW,Anomalous Pattern,NORMAL,NORMAL
2026-03-14 19:54:05,unknown,,unknown,,,0.0,0.0,0.0,0.0,0.0,0.0,0.0000,LOW,Anomalous Pattern,NORMAL,NORMAL
2026-03-14 19:54:06,unknown,,unknown,,,0.0,0.0,0.0,0.0,0.0,0.0,0.0000,LOW,Anomalous Pattern,NORMAL,NORMAL
2026-03-14 19:54:06,unknown,,unknown,,,0.0,0.0,0.0,0.0,0.0,0.0,0.0000,LOW,Anomalous Pattern,NORMAL,NORMAL
2026-03-14 19:54:06,unknown,,unknown,,,0.0,0.0,0.0,0.0,0.0,0.0,0.0000,LOW,Anomalous Pattern,NORMAL,NORMAL
2026-03-14 19:54:06,unknown,,unknown,,,0.0,0.0,0.0,0.0,0.0,0.0,0.0000,LOW,Anomalous Pattern,NORMAL,NORMAL
2026-03-14 19:54:06,unknown,,unknown,,,0.0,0.0,0.0,0.0,0.0,0.0,0.0000,LOW,Anomalous Pattern,NORMAL,NORMAL
2026-03-14 19:54:06,unknown,,unknown,,,0.0,0.0,0.0,0.0,0.0,0.0,0.0000,LOW,Anomalous Pattern,NORMAL,NORMAL
2026-03-14 19:54:06,unknown,,unknown,,,0.0,0.0,0.0,0.0,0.0,0.0,0.0000,LOW,Anomalous Pattern,NORMAL,NORMAL
2026-03-14 19:54:06,unknown,,unknown,,,0.0,0.0,0.0,0.0,0.0,0.0,0.0000,LOW,Anomalous Pattern,NORMAL,NORMAL
2026-03-14 19:54:07,unknown,,unknown,,,0.0,0.0,0.0,0.0,0.0,0.0,0.0000,LOW,Anomalous Pattern,NORMAL,NORMAL
2026-03-14 19:54:07,unknown,,unknown,,,0.0,0.0,0.0,0.0,0.0,0.0,0.0000,LOW,Anomalous Pattern,NORMAL,NORMAL
2026-03-14 19:54:07,unknown,,unknown,,,0.0,0.0,0.0,0.0,0.0,0.0,0.0000,LOW,Anomalous Pattern,NORMAL,NORMAL
2026-03-14 19:54:07,unknown,,unknown,,,0.0,0.0,0.0,0.0,0.0,0.0,0.0000,LOW,Anomalous Pattern,NORMAL,NORMAL
2026-03-14 19:54:07,unknown,,unknown,,,0.0,0.0,0.0,0.0,0.0,0.0,0.0000,LOW,Anomalous Pattern,NORMAL,NORMAL
2026-03-14 19:54:07,unknown,,unknown,,,0.0,0.0,0.0,0.0,0.0,0.0,0.0000,LOW,Anomalous Pattern,NORMAL,NORMAL
2026-03-14 19:54:08,unknown,,unknown,,,0.0,0.0,0.0,0.0,0.0,0.0,0.0000,LOW,Anomalous Pattern,NORMAL,NORMAL
2026-03-14 19:54:08,unknown,,unknown,,,0.0,0.0,0.0,0.0,0.0,0.0,0.0000,LOW,Anomalous Pattern,NORMAL,NORMAL
2026-03-14 19:54:08,unknown,,unknown,,,0.0,0.0,0.0,0.0,0.0,0.0,0.0000,LOW,Anomalous Pattern,NORMAL,NORMAL
2026-03-14 19:54:08,unknown,,unknown,,,0.0,0.0,0.0,0.0,0.0,0.0,0.0000,LOW,Anomalous Pattern,NORMAL,NORMAL
2026-03-14 19:54:08,unknown,,unknown,,,0.0,0.0,0.0,0.0,0.0,0.0,0.0000,LOW,Anomalous Pattern,NORMAL,NORMAL
2026-03-14 19:54:09,unknown,,unknown,,,0.0,0.0,0.0,0.0,0.0,0.0,0.0000,LOW,Anomalous Pattern,NORMAL,NORMAL
2026-03-14 19:54:09,unknown,,unknown,,,0.0,0.0,0.0,0.0,0.0,0.0,0.0000,LOW,Anomalous Pattern,NORMAL,NORMAL
2026-03-14 19:54:09,unknown,,unknown,,,0.0,0.0,0.0,0.0,0.0,0.0,0.0000,LOW,Anomalous Pattern,NORMAL,NORMAL
2026-03-14 19:54:09,unknown,,unknown,,,0.0,0.0,0.0,0.0,0.0,0.0,0.0000,LOW,Anomalous Pattern,NORMAL,NORMAL
2026-03-14 19:54:09,unknown,,unknown,,,0.0,0.0,0.0,0.0,0.0,0.0,0.0000,LOW,Anomalous Pattern,NORMAL,NORMAL
2026-03-14 19:54:09,unknown,,unknown,,,0.0,0.0,0.0,0.0,0.0,0.0,0.0000,LOW,Anomalous Pattern,NORMAL,NORMAL
2026-03-14 19:54:10,unknown,,unknown,,,0.0,0.0,0.0,0.0,0.0,0.0,0.0000,LOW,Anomalous Pattern,NORMAL,NORMAL
2026-03-14 19:54:10,unknown,,unknown,,,0.0,0.0,0.0,0.0,0.0,0.0,0.0000,LOW,Anomalous Pattern,NORMAL,NORMAL
2026-03-14 19:54:10,unknown,,unknown,,,0.0,0.0,0.0,0.0,0.0,0.0,0.0000,LOW,Anomalous Pattern,NORMAL,NORMAL
2026-03-14 19:54:10,unknown,,unknown,,,0.0,0.0,0.0,0.0,0.0,0.0,0.0000,LOW,Anomalous Pattern,NORMAL,NORMAL
2026-03-14 19:54:10,unknown,,unknown,,,0.0,0.0,0.0,0.0,0.0,0.0,0.0000,LOW,Anomalous Pattern,NORMAL,NORMAL
2026-03-14 19:54:11,unknown,,unknown,,,0.0,0.0,0.0,0.0,0.0,0.0,0.0000,LOW,Anomalous Pattern,NORMAL,NORMAL
2026-03-14 19:54:11,unknown,,unknown,,,0.0,0.0,0.0,0.0,0.0,0.0,0.0000,LOW,Anomalous Pattern,NORMAL,NORMAL
2026-03-14 19:54:11,unknown,,unknown,,,0.0,0.0,0.0,0.0,0.0,0.0,0.0000,LOW,Anomalous Pattern,NORMAL,NORMAL
2026-03-14 19:54:12,unknown,,unknown,,,0.0,0.0,0.0,0.0,0.0,0.0,0.0000,LOW,Anomalous Pattern,NORMAL,NORMAL
2026-03-14 19:54:12,unknown,,unknown,,,0.0,0.0,0.0,0.0,0.0,0.0,0.0000,LOW,Anomalous Pattern,NORMAL,NORMAL
2026-03-14 19:54:12,unknown,,unknown,,,0.0,0.0,0.0,0.0,0.0,0.0,0.0000,LOW,Anomalous Pattern,NORMAL,NORMAL
2026-03-14 19:54:12,unknown,,unknown,,,0.0,0.0,0.0,0.0,0.0,0.0,0.0000,LOW,Anomalous Pattern,NORMAL,NORMAL
2026-03-14 19:54:12,unknown,,unknown,,,0.0,0.0,0.0,0.0,0.0,0.0,0.0000,LOW,Anomalous Pattern,NORMAL,NORMAL
2026-03-14 19:54:13,unknown,,unknown,,,0.0,0.0,0.0,0.0,0.0,0.0,0.0000,LOW,Anomalous Pattern,NORMAL,NORMAL
2026-03-14 19:54:13,unknown,,unknown,,,0.0,0.0,0.0,0.0,0.0,0.0,0.0000,LOW,Anomalous Pattern,NORMAL,NORMAL
2026-03-14 19:54:13,unknown,,unknown,,,0.0,0.0,0.0,0.0,0.0,0.0,0.0000,LOW,Anomalous Pattern,NORMAL,NORMAL
2026-03-14 19:54:13,unknown,,unknown,,,0.0,0.0,0.0,0.0,0.0,0.0,0.0000,LOW,Anomalous Pattern,NORMAL,NORMAL
2026-03-14 19:54:13,unknown,,unknown,,,0.0,0.0,0.0,0.0,0.0,0.0,0.0000,LOW,Anomalous Pattern,NORMAL,NORMAL
2026-03-14 19:54:13,unknown,,unknown,,,0.0,0.0,0.0,0.0,0.0,0.0,0.0000,LOW,Anomalous Pattern,NORMAL,NORMAL
2026-03-14 19:54:14,unknown,,unknown,,,0.0,0.0,0.0,0.0,0.0,0.0,0.0000,LOW,Anomalous Pattern,NORMAL,NORMAL
2026-03-14 19:54:14,unknown,,unknown,,,0.0,0.0,0.0,0.0,0.0,0.0,0.0000,LOW,Anomalous Pattern,NORMAL,NORMAL
2026-03-14 19:54:14,unknown,,unknown,,,0.0,0.0,0.0,0.0,0.0,0.0,0.0000,LOW,Anomalous Pattern,NORMAL,NORMAL
2026-03-14 19:54:15,unknown,,unknown,,,0.0,0.0,0.0,0.0,0.0,0.0,0.0000,LOW,Anomalous Pattern,NORMAL,NORMAL
2026-03-14 19:54:15,unknown,,unknown,,,0.0,0.0,0.0,0.0,0.0,0.0,0.0000,LOW,Anomalous Pattern,NORMAL,NORMAL
2026-03-14 19:54:15,unknown,,unknown,,,0.0,0.0,0.0,0.0,0.0,0.0,0.0000,LOW,Anomalous Pattern,NORMAL,NORMAL
2026-03-14 19:54:16,unknown,,unknown,,,0.0,0.0,0.0,0.0,0.0,0.0,0.0000,LOW,Anomalous Pattern,NORMAL,NORMAL
2026-03-14 19:54:16,unknown,,unknown,,,0.0,0.0,0.0,0.0,0.0,0.0,0.0000,LOW,Anomalous Pattern,NORMAL,NORMAL
2026-03-14 19:54:16,unknown,,unknown,,,0.0,0.0,0.0,0.0,0.0,0.0,0.0000,LOW,Anomalous Pattern,NORMAL,NORMAL
2026-03-14 19:54:16,unknown,,unknown,,,0.0,0.0,0.0,0.0,0.0,0.0,0.0000,LOW,Anomalous Pattern,NORMAL,NORMAL
2026-03-14 19:54:16,unknown,,unknown,,,0.0,0.0,0.0,0.0,0.0,0.0,0.0000,LOW,Anomalous Pattern,NORMAL,NORMAL
2026-03-14 19:54:17,unknown,,unknown,,,0.0,0.0,0.0,0.0,0.0,0.0,0.0000,LOW,Anomalous Pattern,NORMAL,NORMAL
2026-03-14 19:54:18,unknown,,unknown,,,0.0,0.0,0.0,0.0,0.0,0.0,0.0000,LOW,Anomalous Pattern,NORMAL,NORMAL
2026-03-14 19:54:18,unknown,,unknown,,,0.0,0.0,0.0,0.0,0.0,0.0,0.0000,LOW,Anomalous Pattern,NORMAL,NORMAL
2026-03-14 19:54:18,unknown,,unknown,,,0.0,0.0,0.0,0.0,0.0,0.0,0.0000,LOW,Anomalous Pattern,NORMAL,NORMAL
2026-03-14 19:54:19,unknown,,unknown,,,0.0,0.0,0.0,0.0,0.0,0.0,0.0000,LOW,Anomalous Pattern,NORMAL,NORMAL
2026-03-14 19:54:19,unknown,,unknown,,,0.0,0.0,0.0,0.0,0.0,0.0,0.0000,LOW,Anomalous Pattern,NORMAL,NORMAL
2026-03-14 19:54:19,unknown,,unknown,,,0.0,0.0,0.0,0.0,0.0,0.0,0.0000,LOW,Anomalous Pattern,NORMAL,NORMAL
2026-03-14 19:54:20,unknown,,unknown,,,0.0,0.0,0.0,0.0,0.0,0.0,0.0000,LOW,Anomalous Pattern,NORMAL,NORMAL
2026-03-14 19:54:21,unknown,,unknown,,,0.0,0.0,0.0,0.0,0.0,0.0,0.0000,LOW,Anomalous Pattern,NORMAL,NORMAL
2026-03-14 19:54:21,unknown,,unknown,,,0.0,0.0,0.0,0.0,0.0,0.0,0.0000,LOW,Anomalous Pattern,NORMAL,NORMAL
2026-03-14 19:54:21,unknown,,unknown,,,0.0,0.0,0.0,0.0,0.0,0.0,0.0000,LOW,Anomalous Pattern,NORMAL,NORMAL
2026-03-14 19:54:22,unknown,,unknown,,,0.0,0.0,0.0,0.0,0.0,0.0,0.0000,LOW,Anomalous Pattern,NORMAL,NORMAL
2026-03-14 19:54:22,unknown,,unknown,,,0.0,0.0,0.0,0.0,0.0,0.0,0.0000,LOW,Anomalous Pattern,NORMAL,NORMAL
2026-03-14 19:54:22,unknown,,unknown,,,0.0,0.0,0.0,0.0,0.0,0.0,0.0000,LOW,Anomalous Pattern,NORMAL,NORMAL
2026-03-14 19:54:23,unknown,,unknown,,,0.0,0.0,0.0,0.0,0.0,0.0,0.0000,LOW,Anomalous Pattern,NORMAL,NORMAL
2026-03-14 19:54:23,unknown,,unknown,,,0.0,0.0,0.0,0.0,0.0,0.0,0.0000,LOW,Anomalous Pattern,NORMAL,NORMAL
2026-03-14 19:54:23,unknown,,unknown,,,0.0,0.0,0.0,0.0,0.0,0.0,0.0000,LOW,Anomalous Pattern,NORMAL,NORMAL
2026-03-14 19:54:23,unknown,,unknown,,,0.0,0.0,0.0,0.0,0.0,0.0,0.0000,LOW,Anomalous Pattern,NORMAL,NORMAL
2026-03-14 19:54:24,unknown,,unknown,,,0.0,0.0,0.0,0.0,0.0,0.0,0.0000,LOW,Anomalous Pattern,NORMAL,NORMAL
2026-03-14 19:54:24,unknown,,unknown,,,0.0,0.0,0.0,0.0,0.0,0.0,0.0000,LOW,Anomalous Pattern,NORMAL,NORMAL
2026-03-14 19:54:24,unknown,,unknown,,,0.0,0.0,0.0,0.0,0.0,0.0,0.0000,LOW,Anomalous Pattern,NORMAL,NORMAL
2026-03-14 19:54:24,unknown,,unknown,,,0.0,0.0,0.0,0.0,0.0,0.0,0.0000,LOW,Anomalous Pattern,NORMAL,NORMAL
2026-03-14 19:54:24,unknown,,unknown,,,0.0,0.0,0.0,0.0,0.0,0.0,0.0000,LOW,Anomalous Pattern,NORMAL,NORMAL
2026-03-14 19:54:24,unknown,,unknown,,,0.0,0.0,0.0,0.0,0.0,0.0,0.0000,LOW,Anomalous Pattern,NORMAL,NORMAL
2026-03-14 19:54:25,unknown,,unknown,,,0.0,0.0,0.0,0.0,0.0,0.0,0.0000,LOW,Anomalous Pattern,NORMAL,NORMAL
2026-03-14 19:54:25,unknown,,unknown,,,0.0,0.0,0.0,0.0,0.0,0.0,0.0000,LOW,Anomalous Pattern,NORMAL,NORMAL
2026-03-14 19:54:25,unknown,,unknown,,,0.0,0.0,0.0,0.0,0.0,0.0,0.0000,LOW,Anomalous Pattern,NORMAL,NORMAL
2026-03-14 19:54:25,unknown,,unknown,,,0.0,0.0,0.0,0.0,0.0,0.0,0.0000,LOW,Anomalous Pattern,NORMAL,NORMAL
2026-03-14 19:54:25,unknown,,unknown,,,0.0,0.0,0.0,0.0,0.0,0.0,0.0000,LOW,Anomalous Pattern,NORMAL,NORMAL
2026-03-14 19:54:25,unknown,,unknown,,,0.0,0.0,0.0,0.0,0.0,0.0,0.0000,LOW,Anomalous Pattern,NORMAL,NORMAL
2026-03-14 19:54:25,unknown,,unknown,,,0.0,0.0,0.0,0.0,0.0,0.0,0.0000,LOW,Anomalous Pattern,NORMAL,NORMAL
2026-03-14 19:54:25,unknown,,unknown,,,0.0,0.0,0.0,0.0,0.0,0.0,0.0000,LOW,Anomalous Pattern,NORMAL,NORMAL
2026-03-14 19:54:25,unknown,,unknown,,,0.0,0.0,0.0,0.0,0.0,0.0,0.0000,LOW,Anomalous Pattern,NORMAL,NORMAL
2026-03-14 19:54:26,unknown,,unknown,,,0.0,0.0,0.0,0.0,0.0,0.0,0.0000,LOW,Anomalous Pattern,NORMAL,NORMAL
2026-03-14 19:54:26,unknown,,unknown,,,0.0,0.0,0.0,0.0,0.0,0.0,0.0000,LOW,Anomalous Pattern,NORMAL,NORMAL
2026-03-14 19:54:26,unknown,,unknown,,,0.0,0.0,0.0,0.0,0.0,0.0,0.0000,LOW,Anomalous Pattern,NORMAL,NORMAL
2026-03-14 19:54:26,unknown,,unknown,,,0.0,0.0,0.0,0.0,0.0,0.0,0.0000,LOW,Anomalous Pattern,NORMAL,NORMAL
2026-03-14 19:54:26,unknown,,unknown,,,0.0,0.0,0.0,0.0,0.0,0.0,0.0000,LOW,Anomalous Pattern,NORMAL,NORMAL
2026-03-14 19:54:26,unknown,,unknown,,,0.0,0.0,0.0,0.0,0.0,0.0,0.0000,LOW,Anomalous Pattern,NORMAL,NORMAL
2026-03-14 19:54:26,unknown,,unknown,,,0.0,0.0,0.0,0.0,0.0,0.0,0.0000,LOW,Anomalous Pattern,NORMAL,NORMAL
2026-03-14 19:54:26,unknown,,unknown,,,0.0,0.0,0.0,0.0,0.0,0.0,0.0000,LOW,Anomalous Pattern,NORMAL,NORMAL
2026-03-14 19:54:26,unknown,,unknown,,,0.0,0.0,0.0,0.0,0.0,0.0,0.0000,LOW,Anomalous Pattern,NORMAL,NORMAL
2026-03-14 19:54:26,unknown,,unknown,,,0.0,0.0,0.0,0.0,0.0,0.0,0.0000,LOW,Anomalous Pattern,NORMAL,NORMAL
2026-03-14 19:54:26,unknown,,unknown,,,0.0,0.0,0.0,0.0,0.0,0.0,0.0000,LOW,Anomalous Pattern,NORMAL,NORMAL
2026-03-14 19:54:27,unknown,,unknown,,,0.0,0.0,0.0,0.0,0.0,0.0,0.0000,LOW,Anomalous Pattern,NORMAL,NORMAL
2026-03-14 19:54:27,unknown,,unknown,,,0.0,0.0,0.0,0.0,0.0,0.0,0.0000,LOW,Anomalous Pattern,NORMAL,NORMAL
2026-03-14 19:54:27,unknown,,unknown,,,0.0,0.0,0.0,0.0,0.0,0.0,0.0000,LOW,Anomalous Pattern,NORMAL,NORMAL
2026-03-14 19:54:27,unknown,,unknown,,,0.0,0.0,0.0,0.0,0.0,0.0,0.0000,LOW,Anomalous Pattern,NORMAL,NORMAL
2026-03-14 19:54:27,unknown,,unknown,,,0.0,0.0,0.0,0.0,0.0,0.0,0.0000,LOW,Anomalous Pattern,NORMAL,NORMAL
2026-03-14 19:54:27,unknown,,unknown,,,0.0,0.0,0.0,0.0,0.0,0.0,0.0000,LOW,Anomalous Pattern,NORMAL,NORMAL
2026-03-14 19:54:27,unknown,,unknown,,,0.0,0.0,0.0,0.0,0.0,0.0,0.0000,LOW,Anomalous Pattern,NORMAL,NORMAL
2026-03-14 19:54:27,unknown,,unknown,,,0.0,0.0,0.0,0.0,0.0,0.0,0.0000,LOW,Anomalous Pattern,NORMAL,NORMAL
2026-03-14 19:54:28,unknown,,unknown,,,0.0,0.0,0.0,0.0,0.0,0.0,0.0000,LOW,Anomalous Pattern,NORMAL,NORMAL
2026-03-14 19:54:28,unknown,,unknown,,,0.0,0.0,0.0,0.0,0.0,0.0,0.0000,LOW,Anomalous Pattern,NORMAL,NORMAL
2026-03-14 19:54:28,unknown,,unknown,,,0.0,0.0,0.0,0.0,0.0,0.0,0.0000,LOW,Anomalous Pattern,NORMAL,NORMAL
2026-03-14 19:54:28,unknown,,unknown,,,0.0,0.0,0.0,0.0,0.0,0.0,0.0000,LOW,Anomalous Pattern,NORMAL,NORMAL
2026-03-14 19:54:28,unknown,,unknown,,,0.0,0.0,0.0,0.0,0.0,0.0,0.0000,LOW,Anomalous Pattern,NORMAL,NORMAL
2026-03-14 19:54:29,unknown,,unknown,,,0.0,0.0,0.0,0.0,0.0,0.0,0.0000,LOW,Anomalous Pattern,NORMAL,NORMAL
2026-03-14 19:54:29,unknown,,unknown,,,0.0,0.0,0.0,0.0,0.0,0.0,0.0000,LOW,Anomalous Pattern,NORMAL,NORMAL
2026-03-14 19:54:29,unknown,,unknown,,,0.0,0.0,0.0,0.0,0.0,0.0,0.0000,LOW,Anomalous Pattern,NORMAL,NORMAL
2026-03-14 19:54:29,unknown,,unknown,,,0.0,0.0,0.0,0.0,0.0,0.0,0.0000,LOW,Anomalous Pattern,NORMAL,NORMAL
2026-03-14 19:54:29,unknown,,unknown,,,0.0,0.0,0.0,0.0,0.0,0.0,0.0000,LOW,Anomalous Pattern,NORMAL,NORMAL
2026-03-14 19:54:30,unknown,,unknown,,,0.0,0.0,0.0,0.0,0.0,0.0,0.0000,LOW,Anomalous Pattern,NORMAL,NORMAL
2026-03-14 19:54:30,unknown,,unknown,,,0.0,0.0,0.0,0.0,0.0,0.0,0.0000,LOW,Anomalous Pattern,NORMAL,NORMAL
2026-03-14 19:54:30,unknown,,unknown,,,0.0,0.0,0.0,0.0,0.0,0.0,0.0000,LOW,Anomalous Pattern,NORMAL,NORMAL
2026-03-14 19:54:30,unknown,,unknown,,,0.0,0.0,0.0,0.0,0.0,0.0,0.0000,LOW,Anomalous Pattern,NORMAL,NORMAL
2026-03-14 19:54:30,unknown,,unknown,,,0.0,0.0,0.0,0.0,0.0,0.0,0.0000,LOW,Anomalous Pattern,NORMAL,NORMAL
2026-03-14 19:54:31,unknown,,unknown,,,0.0,0.0,0.0,0.0,0.0,0.0,0.0000,LOW,Anomalous Pattern,NORMAL,NORMAL
2026-03-14 19:54:31,unknown,,unknown,,,0.0,0.0,0.0,0.0,0.0,0.0,0.0000,LOW,Anomalous Pattern,NORMAL,NORMAL
2026-03-14 19:54:31,unknown,,unknown,,,0.0,0.0,0.0,0.0,0.0,0.0,0.0000,LOW,Anomalous Pattern,NORMAL,NORMAL
2026-03-14 19:54:31,unknown,,unknown,,,0.0,0.0,0.0,0.0,0.0,0.0,0.0000,LOW,Anomalous Pattern,NORMAL,NORMAL
2026-03-14 19:54:31,unknown,,unknown,,,0.0,0.0,0.0,0.0,0.0,0.0,0.0000,LOW,Anomalous Pattern,NORMAL,NORMAL
2026-03-14 19:54:32,unknown,,unknown,,,0.0,0.0,0.0,0.0,0.0,0.0,0.0000,LOW,Anomalous Pattern,NORMAL,NORMAL
2026-03-14 19:54:32,unknown,,unknown,,,0.0,0.0,0.0,0.0,0.0,0.0,0.0000,LOW,Anomalous Pattern,NORMAL,NORMAL
2026-03-14 19:54:32,unknown,,unknown,,,0.0,0.0,0.0,0.0,0.0,0.0,0.0000,LOW,Anomalous Pattern,NORMAL,NORMAL
2026-03-14 19:54:32,unknown,,unknown,,,0.0,0.0,0.0,0.0,0.0,0.0,0.0000,LOW,Anomalous Pattern,NORMAL,NORMAL
2026-03-14 19:54:33,unknown,,unknown,,,0.0,0.0,0.0,0.0,0.0,0.0,0.0000,LOW,Anomalous Pattern,NORMAL,NORMAL
2026-03-14 19:54:33,unknown,,unknown,,,0.0,0.0,0.0,0.0,0.0,0.0,0.0000,LOW,Anomalous Pattern,NORMAL,NORMAL
2026-03-14 19:54:33,unknown,,unknown,,,0.0,0.0,0.0,0.0,0.0,0.0,0.0000,LOW,Anomalous Pattern,NORMAL,NORMAL
2026-03-14 19:54:33,unknown,,unknown,,,0.0,0.0,0.0,0.0,0.0,0.0,0.0000,LOW,Anomalous Pattern,NORMAL,NORMAL
2026-03-14 19:54:33,unknown,,unknown,,,0.0,0.0,0.0,0.0,0.0,0.0,0.0000,LOW,Anomalous Pattern,NORMAL,NORMAL
2026-03-14 19:54:33,unknown,,unknown,,,0.0,0.0,0.0,0.0,0.0,0.0,0.0000,LOW,Anomalous Pattern,NORMAL,NORMAL
2026-03-14 19:54:34,unknown,,unknown,,,0.0,0.0,0.0,0.0,0.0,0.0,0.0000,LOW,Anomalous Pattern,NORMAL,NORMAL
2026-03-14 19:54:34,unknown,,unknown,,,0.0,0.0,0.0,0.0,0.0,0.0,0.0000,LOW,Anomalous Pattern,NORMAL,NORMAL
2026-03-14 19:54:34,unknown,,unknown,,,0.0,0.0,0.0,0.0,0.0,0.0,0.0000,LOW,Anomalous Pattern,NORMAL,NORMAL
2026-03-14 19:54:34,unknown,,unknown,,,0.0,0.0,0.0,0.0,0.0,0.0,0.0000,LOW,Anomalous Pattern,NORMAL,NORMAL
2026-03-14 19:54:34,unknown,,unknown,,,0.0,0.0,0.0,0.0,0.0,0.0,0.0000,LOW,Anomalous Pattern,NORMAL,NORMAL
2026-03-14 19:54:35,unknown,,unknown,,,0.0,0.0,0.0,0.0,0.0,0.0,0.0000,LOW,Anomalous Pattern,NORMAL,NORMAL
2026-03-14 19:54:35,unknown,,unknown,,,0.0,0.0,0.0,0.0,0.0,0.0,0.0000,LOW,Anomalous Pattern,NORMAL,NORMAL
2026-03-14 19:54:35,unknown,,unknown,,,0.0,0.0,0.0,0.0,0.0,0.0,0.0000,LOW,Anomalous Pattern,NORMAL,NORMAL
2026-03-14 19:54:35,unknown,,unknown,,,0.0,0.0,0.0,0.0,0.0,0.0,0.0000,LOW,Anomalous Pattern,NORMAL,NORMAL
2026-03-14 19:54:36,unknown,,unknown,,,0.0,0.0,0.0,0.0,0.0,0.0,0.0000,LOW,Anomalous Pattern,NORMAL,NORMAL
2026-03-14 19:54:36,unknown,,unknown,,,0.0,0.0,0.0,0.0,0.0,0.0,0.0000,LOW,Anomalous Pattern,NORMAL,NORMAL
2026-03-14 19:54:36,unknown,,unknown,,,0.0,0.0,0.0,0.0,0.0,0.0,0.0000,LOW,Anomalous Pattern,NORMAL,NORMAL
2026-03-14 19:54:36,unknown,,unknown,,,0.0,0.0,0.0,0.0,0.0,0.0,0.0000,LOW,Anomalous Pattern,NORMAL,NORMAL
2026-03-14 19:54:37,unknown,,unknown,,,0.0,0.0,0.0,0.0,0.0,0.0,0.0000,LOW,Anomalous Pattern,NORMAL,NORMAL
2026-03-14 19:54:37,unknown,,unknown,,,0.0,0.0,0.0,0.0,0.0,0.0,0.0000,LOW,Anomalous Pattern,NORMAL,NORMAL
2026-03-14 19:54:37,unknown,,unknown,,,0.0,0.0,0.0,0.0,0.0,0.0,0.0000,LOW,Anomalous Pattern,NORMAL,NORMAL
2026-03-14 19:54:37,unknown,,unknown,,,0.0,0.0,0.0,0.0,0.0,0.0,0.0000,LOW,Anomalous Pattern,NORMAL,NORMAL
2026-03-14 19:54:38,unknown,,unknown,,,0.0,0.0,0.0,0.0,0.0,0.0,0.0000,LOW,Anomalous Pattern,NORMAL,NORMAL
2026-03-14 19:54:38,unknown,,unknown,,,0.0,0.0,0.0,0.0,0.0,0.0,0.0000,LOW,Anomalous Pattern,NORMAL,NORMAL
2026-03-14 19:54:38,unknown,,unknown,,,0.0,0.0,0.0,0.0,0.0,0.0,0.0000,LOW,Anomalous Pattern,NORMAL,NORMAL
2026-03-14 19:54:38,unknown,,unknown,,,0.0,0.0,0.0,0.0,0.0,0.0,0.0000,LOW,Anomalous Pattern,NORMAL,NORMAL
2026-03-14 19:54:39,unknown,,unknown,,,0.0,0.0,0.0,0.0,0.0,0.0,0.0000,LOW,Anomalous Pattern,NORMAL,NORMAL
2026-03-14 19:54:39,unknown,,unknown,,,0.0,0.0,0.0,0.0,0.0,0.0,0.0000,LOW,Anomalous Pattern,NORMAL,NORMAL
2026-03-14 19:54:39,unknown,,unknown,,,0.0,0.0,0.0,0.0,0.0,0.0,0.0000,LOW,Anomalous Pattern,NORMAL,NORMAL
2026-03-14 19:54:39,unknown,,unknown,,,0.0,0.0,0.0,0.0,0.0,0.0,0.0000,LOW,Anomalous Pattern,NORMAL,NORMAL
2026-03-14 19:54:40,unknown,,unknown,,,0.0,0.0,0.0,0.0,0.0,0.0,0.0000,LOW,Anomalous Pattern,NORMAL,NORMAL
2026-03-14 19:54:40,unknown,,unknown,,,0.0,0.0,0.0,0.0,0.0,0.0,0.0000,LOW,Anomalous Pattern,NORMAL,NORMAL
2026-03-14 19:54:40,unknown,,unknown,,,0.0,0.0,0.0,0.0,0.0,0.0,0.0000,LOW,Anomalous Pattern,NORMAL,NORMAL
2026-03-14 19:54:40,unknown,,unknown,,,0.0,0.0,0.0,0.0,0.0,0.0,0.0000,LOW,Anomalous Pattern,NORMAL,NORMAL
2026-03-14 19:54:41,unknown,,unknown,,,0.0,0.0,0.0,0.0,0.0,0.0,0.0000,LOW,Anomalous Pattern,NORMAL,NORMAL
2026-03-14 19:54:41,unknown,,unknown,,,0.0,0.0,0.0,0.0,0.0,0.0,0.0000,LOW,Anomalous Pattern,NORMAL,NORMAL
2026-03-14 19:54:42,unknown,,unknown,,,0.0,0.0,0.0,0.0,0.0,0.0,0.0000,LOW,Anomalous Pattern,NORMAL,NORMAL
2026-03-14 19:54:42,unknown,,unknown,,,0.0,0.0,0.0,0.0,0.0,0.0,0.0000,LOW,Anomalous Pattern,NORMAL,NORMAL
2026-03-14 19:54:42,unknown,,unknown,,,0.0,0.0,0.0,0.0,0.0,0.0,0.0000,LOW,Anomalous Pattern,NORMAL,NORMAL
2026-03-14 19:54:42,unknown,,unknown,,,0.0,0.0,0.0,0.0,0.0,0.0,0.0000,LOW,Anomalous Pattern,NORMAL,NORMAL
2026-03-14 19:54:42,unknown,,unknown,,,0.0,0.0,0.0,0.0,0.0,0.0,0.0000,LOW,Anomalous Pattern,NORMAL,NORMAL
2026-03-14 19:54:43,unknown,,unknown,,,0.0,0.0,0.0,0.0,0.0,0.0,0.0000,LOW,Anomalous Pattern,NORMAL,NORMAL
2026-03-14 19:54:43,unknown,,unknown,,,0.0,0.0,0.0,0.0,0.0,0.0,0.0000,LOW,Anomalous Pattern,NORMAL,NORMAL
2026-03-14 19:54:43,unknown,,unknown,,,0.0,0.0,0.0,0.0,0.0,0.0,0.0000,LOW,Anomalous Pattern,NORMAL,NORMAL
2026-03-14 19:54:44,unknown,,unknown,,,0.0,0.0,0.0,0.0,0.0,0.0,0.0000,LOW,Anomalous Pattern,NORMAL,NORMAL
2026-03-14 19:54:44,unknown,,unknown,,,0.0,0.0,0.0,0.0,0.0,0.0,0.0000,LOW,Anomalous Pattern,NORMAL,NORMAL
2026-03-14 19:54:44,unknown,,unknown,,,0.0,0.0,0.0,0.0,0.0,0.0,0.0000,LOW,Anomalous Pattern,NORMAL,NORMAL
2026-03-14 19:54:44,unknown,,unknown,,,0.0,0.0,0.0,0.0,0.0,0.0,0.0000,LOW,Anomalous Pattern,NORMAL,NORMAL
2026-03-14 19:54:44,unknown,,unknown,,,0.0,0.0,0.0,0.0,0.0,0.0,0.0000,LOW,Anomalous Pattern,NORMAL,NORMAL
2026-03-14 19:54:45,unknown,,unknown,,,0.0,0.0,0.0,0.0,0.0,0.0,0.0000,LOW,Anomalous Pattern,NORMAL,NORMAL
2026-03-14 19:54:45,unknown,,unknown,,,0.0,0.0,0.0,0.0,0.0,0.0,0.0000,LOW,Anomalous Pattern,NORMAL,NORMAL
2026-03-14 19:54:45,unknown,,unknown,,,0.0,0.0,0.0,0.0,0.0,0.0,0.0000,LOW,Anomalous Pattern,NORMAL,NORMAL
2026-03-14 19:54:46,unknown,,unknown,,,0.0,0.0,0.0,0.0,0.0,0.0,0.0000,LOW,Anomalous Pattern,NORMAL,NORMAL
2026-03-14 19:54:46,unknown,,unknown,,,0.0,0.0,0.0,0.0,0.0,0.0,0.0000,LOW,Anomalous Pattern,NORMAL,NORMAL
2026-03-14 19:54:46,unknown,,unknown,,,0.0,0.0,0.0,0.0,0.0,0.0,0.0000,LOW,Anomalous Pattern,NORMAL,NORMAL
2026-03-14 19:54:46,unknown,,unknown,,,0.0,0.0,0.0,0.0,0.0,0.0,0.0000,LOW,Anomalous Pattern,NORMAL,NORMAL
2026-03-14 19:54:46,unknown,,unknown,,,0.0,0.0,0.0,0.0,0.0,0.0,0.0000,LOW,Anomalous Pattern,NORMAL,NORMAL
2026-03-14 19:54:46,unknown,,unknown,,,0.0,0.0,0.0,0.0,0.0,0.0,0.0000,LOW,Anomalous Pattern,NORMAL,NORMAL
2026-03-14 19:54:47,unknown,,unknown,,,0.0,0.0,0.0,0.0,0.0,0.0,0.0000,LOW,Anomalous Pattern,NORMAL,NORMAL
2026-03-14 19:54:47,unknown,,unknown,,,0.0,0.0,0.0,0.0,0.0,0.0,0.0000,LOW,Anomalous Pattern,NORMAL,NORMAL
2026-03-14 19:54:47,unknown,,unknown,,,0.0,0.0,0.0,0.0,0.0,0.0,0.0000,LOW,Anomalous Pattern,NORMAL,NORMAL
2026-03-14 19:54:47,unknown,,unknown,,,0.0,0.0,0.0,0.0,0.0,0.0,0.0000,LOW,Anomalous Pattern,NORMAL,NORMAL
2026-03-14 19:54:47,unknown,,unknown,,,0.0,0.0,0.0,0.0,0.0,0.0,0.0000,LOW,Anomalous Pattern,NORMAL,NORMAL
2026-03-14 19:54:47,unknown,,unknown,,,0.0,0.0,0.0,0.0,0.0,0.0,0.0000,LOW,Anomalous Pattern,NORMAL,NORMAL
2026-03-14 19:54:47,unknown,,unknown,,,0.0,0.0,0.0,0.0,0.0,0.0,0.0000,LOW,Anomalous Pattern,NORMAL,NORMAL
2026-03-14 19:54:48,unknown,,unknown,,,0.0,0.0,0.0,0.0,0.0,0.0,0.0000,LOW,Anomalous Pattern,NORMAL,NORMAL
2026-03-14 19:54:48,unknown,,unknown,,,0.0,0.0,0.0,0.0,0.0,0.0,0.0000,LOW,Anomalous Pattern,NORMAL,NORMAL
2026-03-14 19:54:48,unknown,,unknown,,,0.0,0.0,0.0,0.0,0.0,0.0,0.0000,LOW,Anomalous Pattern,NORMAL,NORMAL
2026-03-14 19:54:48,unknown,,unknown,,,0.0,0.0,0.0,0.0,0.0,0.0,0.0000,LOW,Anomalous Pattern,NORMAL,NORMAL
2026-03-14 19:54:48,unknown,,unknown,,,0.0,0.0,0.0,0.0,0.0,0.0,0.0000,LOW,Anomalous Pattern,NORMAL,NORMAL
2026-03-14 19:54:48,unknown,,unknown,,,0.0,0.0,0.0,0.0,0.0,0.0,0.0000,LOW,Anomalous Pattern,NORMAL,NORMAL
2026-03-14 19:54:48,unknown,,unknown,,,0.0,0.0,0.0,0.0,0.0,0.0,0.0000,LOW,Anomalous Pattern,NORMAL,NORMAL
2026-03-14 19:54:48,unknown,,unknown,,,0.0,0.0,0.0,0.0,0.0,0.0,0.0000,LOW,Anomalous Pattern,NORMAL,NORMAL
2026-03-14 19:54:48,unknown,,unknown,,,0.0,0.0,0.0,0.0,0.0,0.0,0.0000,LOW,Anomalous Pattern,NORMAL,NORMAL
2026-03-14 19:54:48,unknown,,unknown,,,0.0,0.0,0.0,0.0,0.0,0.0,0.0000,LOW,Anomalous Pattern,NORMAL,NORMAL
2026-03-14 19:54:49,unknown,,unknown,,,0.0,0.0,0.0,0.0,0.0,0.0,0.0000,LOW,Anomalous Pattern,NORMAL,NORMAL
2026-03-14 19:54:49,unknown,,unknown,,,0.0,0.0,0.0,0.0,0.0,0.0,0.0000,LOW,Anomalous Pattern,NORMAL,NORMAL
2026-03-14 19:54:49,unknown,,unknown,,,0.0,0.0,0.0,0.0,0.0,0.0,0.0000,LOW,Anomalous Pattern,NORMAL,NORMAL
2026-03-14 19:54:49,unknown,,unknown,,,0.0,0.0,0.0,0.0,0.0,0.0,0.0000,LOW,Anomalous Pattern,NORMAL,NORMAL
2026-03-14 19:54:49,unknown,,unknown,,,0.0,0.0,0.0,0.0,0.0,0.0,0.0000,LOW,Anomalous Pattern,NORMAL,NORMAL
2026-03-14 19:54:49,unknown,,unknown,,,0.0,0.0,0.0,0.0,0.0,0.0,0.0000,LOW,Anomalous Pattern,NORMAL,NORMAL
2026-03-14 19:54:49,unknown,,unknown,,,0.0,0.0,0.0,0.0,0.0,0.0,0.0000,LOW,Anomalous Pattern,NORMAL,NORMAL
2026-03-14 19:54:49,unknown,,unknown,,,0.0,0.0,0.0,0.0,0.0,0.0,0.0000,LOW,Anomalous Pattern,NORMAL,NORMAL
2026-03-14 19:54:49,unknown,,unknown,,,0.0,0.0,0.0,0.0,0.0,0.0,0.0000,LOW,Anomalous Pattern,NORMAL,NORMAL
2026-03-14 19:54:49,unknown,,unknown,,,0.0,0.0,0.0,0.0,0.0,0.0,0.0000,LOW,Anomalous Pattern,NORMAL,NORMAL
2026-03-14 19:54:49,unknown,,unknown,,,0.0,0.0,0.0,0.0,0.0,0.0,0.0000,LOW,Anomalous Pattern,NORMAL,NORMAL
2026-03-14 19:54:49,unknown,,unknown,,,0.0,0.0,0.0,0.0,0.0,0.0,0.0000,LOW,Anomalous Pattern,NORMAL,NORMAL
2026-03-14 19:54:50,unknown,,unknown,,,0.0,0.0,0.0,0.0,0.0,0.0,0.0000,LOW,Anomalous Pattern,NORMAL,NORMAL
2026-03-14 19:54:50,unknown,,unknown,,,0.0,0.0,0.0,0.0,0.0,0.0,0.0000,LOW,Anomalous Pattern,NORMAL,NORMAL
2026-03-14 19:54:50,unknown,,unknown,,,0.0,0.0,0.0,0.0,0.0,0.0,0.0000,LOW,Anomalous Pattern,NORMAL,NORMAL
2026-03-14 19:54:50,unknown,,unknown,,,0.0,0.0,0.0,0.0,0.0,0.0,0.0000,LOW,Anomalous Pattern,NORMAL,NORMAL
2026-03-14 19:54:50,unknown,,unknown,,,0.0,0.0,0.0,0.0,0.0,0.0,0.0000,LOW,Anomalous Pattern,NORMAL,NORMAL
2026-03-14 19:54:50,unknown,,unknown,,,0.0,0.0,0.0,0.0,0.0,0.0,0.0000,LOW,Anomalous Pattern,NORMAL,NORMAL
2026-03-14 19:54:50,unknown,,unknown,,,0.0,0.0,0.0,0.0,0.0,0.0,0.0000,LOW,Anomalous Pattern,NORMAL,NORMAL
2026-03-14 19:54:50,unknown,,unknown,,,0.0,0.0,0.0,0.0,0.0,0.0,0.0000,LOW,Anomalous Pattern,NORMAL,NORMAL
2026-03-14 19:54:50,unknown,,unknown,,,0.0,0.0,0.0,0.0,0.0,0.0,0.0000,LOW,Anomalous Pattern,NORMAL,NORMAL
2026-03-14 19:54:50,unknown,,unknown,,,0.0,0.0,0.0,0.0,0.0,0.0,0.0000,LOW,Anomalous Pattern,NORMAL,NORMAL
2026-03-14 19:54:51,unknown,,unknown,,,0.0,0.0,0.0,0.0,0.0,0.0,0.0000,LOW,Anomalous Pattern,NORMAL,NORMAL
2026-03-14 19:54:51,unknown,,unknown,,,0.0,0.0,0.0,0.0,0.0,0.0,0.0000,LOW,Anomalous Pattern,NORMAL,NORMAL
2026-03-14 19:54:51,unknown,,unknown,,,0.0,0.0,0.0,0.0,0.0,0.0,0.0000,LOW,Anomalous Pattern,NORMAL,NORMAL
2026-03-14 19:54:51,unknown,,unknown,,,0.0,0.0,0.0,0.0,0.0,0.0,0.0000,LOW,Anomalous Pattern,NORMAL,NORMAL
2026-03-14 19:54:51,unknown,,unknown,,,0.0,0.0,0.0,0.0,0.0,0.0,0.0000,LOW,Anomalous Pattern,NORMAL,NORMAL
2026-03-14 19:54:51,unknown,,unknown,,,0.0,0.0,0.0,0.0,0.0,0.0,0.0000,LOW,Anomalous Pattern,NORMAL,NORMAL
2026-03-14 19:54:51,unknown,,unknown,,,0.0,0.0,0.0,0.0,0.0,0.0,0.0000,LOW,Anomalous Pattern,NORMAL,NORMAL
2026-03-14 19:54:51,unknown,,unknown,,,0.0,0.0,0.0,0.0,0.0,0.0,0.0000,LOW,Anomalous Pattern,NORMAL,NORMAL
2026-03-14 19:54:51,unknown,,unknown,,,0.0,0.0,0.0,0.0,0.0,0.0,0.0000,LOW,Anomalous Pattern,NORMAL,NORMAL
2026-03-14 19:54:51,unknown,,unknown,,,0.0,0.0,0.0,0.0,0.0,0.0,0.0000,LOW,Anomalous Pattern,NORMAL,NORMAL
2026-03-14 19:54:51,unknown,,unknown,,,0.0,0.0,0.0,0.0,0.0,0.0,0.0000,LOW,Anomalous Pattern,NORMAL,NORMAL
2026-03-14 19:54:52,unknown,,unknown,,,0.0,0.0,0.0,0.0,0.0,0.0,0.0000,LOW,Anomalous Pattern,NORMAL,NORMAL
2026-03-14 19:54:52,unknown,,unknown,,,0.0,0.0,0.0,0.0,0.0,0.0,0.0000,LOW,Anomalous Pattern,NORMAL,NORMAL
2026-03-14 19:54:52,unknown,,unknown,,,0.0,0.0,0.0,0.0,0.0,0.0,0.0000,LOW,Anomalous Pattern,NORMAL,NORMAL
2026-03-14 19:54:52,unknown,,unknown,,,0.0,0.0,0.0,0.0,0.0,0.0,0.0000,LOW,Anomalous Pattern,NORMAL,NORMAL
2026-03-14 19:54:52,unknown,,unknown,,,0.0,0.0,0.0,0.0,0.0,0.0,0.0000,LOW,Anomalous Pattern,NORMAL,NORMAL
2026-03-14 19:54:52,unknown,,unknown,,,0.0,0.0,0.0,0.0,0.0,0.0,0.0000,LOW,Anomalous Pattern,NORMAL,NORMAL
2026-03-14 19:54:52,unknown,,unknown,,,0.0,0.0,0.0,0.0,0.0,0.0,0.0000,LOW,Anomalous Pattern,NORMAL,NORMAL
2026-03-14 19:54:52,unknown,,unknown,,,0.0,0.0,0.0,0.0,0.0,0.0,0.0000,LOW,Anomalous Pattern,NORMAL,NORMAL
2026-03-14 19:54:52,unknown,,unknown,,,0.0,0.0,0.0,0.0,0.0,0.0,0.0000,LOW,Anomalous Pattern,NORMAL,NORMAL
2026-03-14 19:54:52,unknown,,unknown,,,0.0,0.0,0.0,0.0,0.0,0.0,0.0000,LOW,Anomalous Pattern,NORMAL,NORMAL
2026-03-14 19:54:52,unknown,,unknown,,,0.0,0.0,0.0,0.0,0.0,0.0,0.0000,LOW,Anomalous Pattern,NORMAL,NORMAL
2026-03-14 19:54:52,unknown,,unknown,,,0.0,0.0,0.0,0.0,0.0,0.0,0.0000,LOW,Anomalous Pattern,NORMAL,NORMAL
2026-03-14 19:54:52,unknown,,unknown,,,0.0,0.0,0.0,0.0,0.0,0.0,0.0000,LOW,Anomalous Pattern,NORMAL,NORMAL
2026-03-14 19:54:53,unknown,,unknown,,,0.0,0.0,0.0,0.0,0.0,0.0,0.0000,LOW,Anomalous Pattern,NORMAL,NORMAL
2026-03-14 19:54:53,unknown,,unknown,,,0.0,0.0,0.0,0.0,0.0,0.0,0.0000,LOW,Anomalous Pattern,NORMAL,NORMAL
2026-03-14 19:54:53,unknown,,unknown,,,0.0,0.0,0.0,0.0,0.0,0.0,0.0000,LOW,Anomalous Pattern,NORMAL,NORMAL
2026-03-14 19:54:53,unknown,,unknown,,,0.0,0.0,0.0,0.0,0.0,0.0,0.0000,LOW,Anomalous Pattern,NORMAL,NORMAL
2026-03-14 19:54:53,unknown,,unknown,,,0.0,0.0,0.0,0.0,0.0,0.0,0.0000,LOW,Anomalous Pattern,NORMAL,NORMAL
2026-03-14 19:54:53,unknown,,unknown,,,0.0,0.0,0.0,0.0,0.0,0.0,0.0000,LOW,Anomalous Pattern,NORMAL,NORMAL
2026-03-14 19:54:53,unknown,,unknown,,,0.0,0.0,0.0,0.0,0.0,0.0,0.0000,LOW,Anomalous Pattern,NORMAL,NORMAL
2026-03-14 19:54:54,unknown,,unknown,,,0.0,0.0,0.0,0.0,0.0,0.0,0.0000,LOW,Anomalous Pattern,NORMAL,NORMAL
2026-03-14 19:54:54,unknown,,unknown,,,0.0,0.0,0.0,0.0,0.0,0.0,0.0000,LOW,Anomalous Pattern,NORMAL,NORMAL
2026-03-14 19:54:54,unknown,,unknown,,,0.0,0.0,0.0,0.0,0.0,0.0,0.0000,LOW,Anomalous Pattern,NORMAL,NORMAL
2026-03-14 19:54:54,unknown,,unknown,,,0.0,0.0,0.0,0.0,0.0,0.0,0.0000,LOW,Anomalous Pattern,NORMAL,NORMAL
2026-03-14 19:54:54,unknown,,unknown,,,0.0,0.0,0.0,0.0,0.0,0.0,0.0000,LOW,Anomalous Pattern,NORMAL,NORMAL
2026-03-14 19:54:54,unknown,,unknown,,,0.0,0.0,0.0,0.0,0.0,0.0,0.0000,LOW,Anomalous Pattern,NORMAL,NORMAL
2026-03-14 19:54:54,unknown,,unknown,,,0.0,0.0,0.0,0.0,0.0,0.0,0.0000,LOW,Anomalous Pattern,NORMAL,NORMAL
2026-03-14 19:54:55,unknown,,unknown,,,0.0,0.0,0.0,0.0,0.0,0.0,0.0000,LOW,Anomalous Pattern,NORMAL,NORMAL
2026-03-14 19:54:55,unknown,,unknown,,,0.0,0.0,0.0,0.0,0.0,0.0,0.0000,LOW,Anomalous Pattern,NORMAL,NORMAL
2026-03-14 19:54:55,unknown,,unknown,,,0.0,0.0,0.0,0.0,0.0,0.0,0.0000,LOW,Anomalous Pattern,NORMAL,NORMAL
2026-03-14 19:54:55,unknown,,unknown,,,0.0,0.0,0.0,0.0,0.0,0.0,0.0000,LOW,Anomalous Pattern,NORMAL,NORMAL
2026-03-14 19:54:55,unknown,,unknown,,,0.0,0.0,0.0,0.0,0.0,0.0,0.0000,LOW,Anomalous Pattern,NORMAL,NORMAL
2026-03-14 19:54:55,unknown,,unknown,,,0.0,0.0,0.0,0.0,0.0,0.0,0.0000,LOW,Anomalous Pattern,NORMAL,NORMAL
2026-03-14 19:54:55,unknown,,unknown,,,0.0,0.0,0.0,0.0,0.0,0.0,0.0000,LOW,Anomalous Pattern,NORMAL,NORMAL
2026-03-14 19:54:56,unknown,,unknown,,,0.0,0.0,0.0,0.0,0.0,0.0,0.0000,LOW,Anomalous Pattern,NORMAL,NORMAL
2026-03-14 19:54:56,unknown,,unknown,,,0.0,0.0,0.0,0.0,0.0,0.0,0.0000,LOW,Anomalous Pattern,NORMAL,NORMAL
2026-03-14 19:54:56,unknown,,unknown,,,0.0,0.0,0.0,0.0,0.0,0.0,0.0000,LOW,Anomalous Pattern,NORMAL,NORMAL
2026-03-14 19:54:56,unknown,,unknown,,,0.0,0.0,0.0,0.0,0.0,0.0,0.0000,LOW,Anomalous Pattern,NORMAL,NORMAL
2026-03-14 19:54:56,unknown,,unknown,,,0.0,0.0,0.0,0.0,0.0,0.0,0.0000,LOW,Anomalous Pattern,NORMAL,NORMAL
2026-03-14 19:54:56,unknown,,unknown,,,0.0,0.0,0.0,0.0,0.0,0.0,0.0000,LOW,Anomalous Pattern,NORMAL,NORMAL
2026-03-14 19:54:56,unknown,,unknown,,,0.0,0.0,0.0,0.0,0.0,0.0,0.0000,LOW,Anomalous Pattern,NORMAL,NORMAL
2026-03-14 19:54:56,unknown,,unknown,,,0.0,0.0,0.0,0.0,0.0,0.0,0.0000,LOW,Anomalous Pattern,NORMAL,NORMAL
2026-03-14 19:54:56,unknown,,unknown,,,0.0,0.0,0.0,0.0,0.0,0.0,0.0000,LOW,Anomalous Pattern,NORMAL,NORMAL
2026-03-14 19:54:57,unknown,,unknown,,,0.0,0.0,0.0,0.0,0.0,0.0,0.0000,LOW,Anomalous Pattern,NORMAL,NORMAL
2026-03-14 19:54:57,unknown,,unknown,,,0.0,0.0,0.0,0.0,0.0,0.0,0.0000,LOW,Anomalous Pattern,NORMAL,NORMAL
2026-03-14 19:54:57,unknown,,unknown,,,0.0,0.0,0.0,0.0,0.0,0.0,0.0000,LOW,Anomalous Pattern,NORMAL,NORMAL
2026-03-14 19:54:57,unknown,,unknown,,,0.0,0.0,0.0,0.0,0.0,0.0,0.0000,LOW,Anomalous Pattern,NORMAL,NORMAL
2026-03-14 19:54:57,unknown,,unknown,,,0.0,0.0,0.0,0.0,0.0,0.0,0.0000,LOW,Anomalous Pattern,NORMAL,NORMAL
2026-03-14 19:54:57,unknown,,unknown,,,0.0,0.0,0.0,0.0,0.0,0.0,0.0000,LOW,Anomalous Pattern,NORMAL,NORMAL
2026-03-14 19:54:57,unknown,,unknown,,,0.0,0.0,0.0,0.0,0.0,0.0,0.0000,LOW,Anomalous Pattern,NORMAL,NORMAL
2026-03-14 19:54:57,unknown,,unknown,,,0.0,0.0,0.0,0.0,0.0,0.0,0.0000,LOW,Anomalous Pattern,NORMAL,NORMAL
2026-03-14 19:54:58,unknown,,unknown,,,0.0,0.0,0.0,0.0,0.0,0.0,0.0000,LOW,Anomalous Pattern,NORMAL,NORMAL
2026-03-14 19:54:58,unknown,,unknown,,,0.0,0.0,0.0,0.0,0.0,0.0,0.0000,LOW,Anomalous Pattern,NORMAL,NORMAL
2026-03-14 19:54:58,unknown,,unknown,,,0.0,0.0,0.0,0.0,0.0,0.0,0.0000,LOW,Anomalous Pattern,NORMAL,NORMAL
2026-03-14 19:54:58,unknown,,unknown,,,0.0,0.0,0.0,0.0,0.0,0.0,0.0000,LOW,Anomalous Pattern,NORMAL,NORMAL
2026-03-14 19:54:58,unknown,,unknown,,,0.0,0.0,0.0,0.0,0.0,0.0,0.0000,LOW,Anomalous Pattern,NORMAL,NORMAL
2026-03-14 19:54:58,unknown,,unknown,,,0.0,0.0,0.0,0.0,0.0,0.0,0.0000,LOW,Anomalous Pattern,NORMAL,NORMAL
2026-03-14 19:54:58,unknown,,unknown,,,0.0,0.0,0.0,0.0,0.0,0.0,0.0000,LOW,Anomalous Pattern,NORMAL,NORMAL
2026-03-14 19:54:58,unknown,,unknown,,,0.0,0.0,0.0,0.0,0.0,0.0,0.0000,LOW,Anomalous Pattern,NORMAL,NORMAL
2026-03-14 19:54:58,unknown,,unknown,,,0.0,0.0,0.0,0.0,0.0,0.0,0.0000,LOW,Anomalous Pattern,NORMAL,NORMAL
2026-03-14 19:54:58,unknown,,unknown,,,0.0,0.0,0.0,0.0,0.0,0.0,0.0000,LOW,Anomalous Pattern,NORMAL,NORMAL
2026-03-14 19:54:58,unknown,,unknown,,,0.0,0.0,0.0,0.0,0.0,0.0,0.0000,LOW,Anomalous Pattern,NORMAL,NORMAL
2026-03-14 19:54:59,unknown,,unknown,,,0.0,0.0,0.0,0.0,0.0,0.0,0.0000,LOW,Anomalous Pattern,NORMAL,NORMAL
2026-03-14 19:54:59,unknown,,unknown,,,0.0,0.0,0.0,0.0,0.0,0.0,0.0000,LOW,Anomalous Pattern,NORMAL,NORMAL
2026-03-14 19:54:59,unknown,,unknown,,,0.0,0.0,0.0,0.0,0.0,0.0,0.0000,LOW,Anomalous Pattern,NORMAL,NORMAL
2026-03-14 19:54:59,unknown,,unknown,,,0.0,0.0,0.0,0.0,0.0,0.0,0.0000,LOW,Anomalous Pattern,NORMAL,NORMAL
2026-03-14 19:54:59,unknown,,unknown,,,0.0,0.0,0.0,0.0,0.0,0.0,0.0000,LOW,Anomalous Pattern,NORMAL,NORMAL
2026-03-14 19:54:59,unknown,,unknown,,,0.0,0.0,0.0,0.0,0.0,0.0,0.0000,LOW,Anomalous Pattern,NORMAL,NORMAL
2026-03-14 19:54:59,unknown,,unknown,,,0.0,0.0,0.0,0.0,0.0,0.0,0.0000,LOW,Anomalous Pattern,NORMAL,NORMAL
2026-03-14 19:54:59,unknown,,unknown,,,0.0,0.0,0.0,0.0,0.0,0.0,0.0000,LOW,Anomalous Pattern,NORMAL,NORMAL
2026-03-14 19:54:59,unknown,,unknown,,,0.0,0.0,0.0,0.0,0.0,0.0,0.0000,LOW,Anomalous Pattern,NORMAL,NORMAL
2026-03-14 19:55:00,unknown,,unknown,,,0.0,0.0,0.0,0.0,0.0,0.0,0.0000,LOW,Anomalous Pattern,NORMAL,NORMAL
2026-03-14 19:55:00,unknown,,unknown,,,0.0,0.0,0.0,0.0,0.0,0.0,0.0000,LOW,Anomalous Pattern,NORMAL,NORMAL
2026-03-14 19:55:00,unknown,,unknown,,,0.0,0.0,0.0,0.0,0.0,0.0,0.0000,LOW,Anomalous Pattern,NORMAL,NORMAL
2026-03-14 19:55:00,unknown,,unknown,,,0.0,0.0,0.0,0.0,0.0,0.0,0.0000,LOW,Anomalous Pattern,NORMAL,NORMAL
2026-03-14 19:55:00,unknown,,unknown,,,0.0,0.0,0.0,0.0,0.0,0.0,0.0000,LOW,Anomalous Pattern,NORMAL,NORMAL
2026-03-14 19:55:00,unknown,,unknown,,,0.0,0.0,0.0,0.0,0.0,0.0,0.0000,LOW,Anomalous Pattern,NORMAL,NORMAL
2026-03-14 19:55:00,unknown,,unknown,,,0.0,0.0,0.0,0.0,0.0,0.0,0.0000,LOW,Anomalous Pattern,NORMAL,NORMAL
2026-03-14 19:55:00,unknown,,unknown,,,0.0,0.0,0.0,0.0,0.0,0.0,0.0000,LOW,Anomalous Pattern,NORMAL,NORMAL
2026-03-14 19:55:00,unknown,,unknown,,,0.0,0.0,0.0,0.0,0.0,0.0,0.0000,LOW,Anomalous Pattern,NORMAL,NORMAL
2026-03-14 19:55:01,unknown,,unknown,,,0.0,0.0,0.0,0.0,0.0,0.0,0.0000,LOW,Anomalous Pattern,NORMAL,NORMAL
2026-03-14 19:55:01,unknown,,unknown,,,0.0,0.0,0.0,0.0,0.0,0.0,0.0000,LOW,Anomalous Pattern,NORMAL,NORMAL
2026-03-14 19:55:01,unknown,,unknown,,,0.0,0.0,0.0,0.0,0.0,0.0,0.0000,LOW,Anomalous Pattern,NORMAL,NORMAL
2026-03-14 19:55:01,unknown,,unknown,,,0.0,0.0,0.0,0.0,0.0,0.0,0.0000,LOW,Anomalous Pattern,NORMAL,NORMAL
2026-03-14 19:55:01,unknown,,unknown,,,0.0,0.0,0.0,0.0,0.0,0.0,0.0000,LOW,Anomalous Pattern,NORMAL,NORMAL
2026-03-14 19:55:01,unknown,,unknown,,,0.0,0.0,0.0,0.0,0.0,0.0,0.0000,LOW,Anomalous Pattern,NORMAL,NORMAL
2026-03-14 19:55:02,unknown,,unknown,,,0.0,0.0,0.0,0.0,0.0,0.0,0.0000,LOW,Anomalous Pattern,NORMAL,NORMAL
2026-03-14 19:55:02,unknown,,unknown,,,0.0,0.0,0.0,0.0,0.0,0.0,0.0000,LOW,Anomalous Pattern,NORMAL,NORMAL
2026-03-14 19:55:02,unknown,,unknown,,,0.0,0.0,0.0,0.0,0.0,0.0,0.0000,LOW,Anomalous Pattern,NORMAL,NORMAL
2026-03-14 19:55:02,unknown,,unknown,,,0.0,0.0,0.0,0.0,0.0,0.0,0.0000,LOW,Anomalous Pattern,NORMAL,NORMAL
2026-03-14 19:55:02,unknown,,unknown,,,0.0,0.0,0.0,0.0,0.0,0.0,0.0000,LOW,Anomalous Pattern,NORMAL,NORMAL
2026-03-14 19:55:02,unknown,,unknown,,,0.0,0.0,0.0,0.0,0.0,0.0,0.0000,LOW,Anomalous Pattern,NORMAL,NORMAL
2026-03-14 19:55:02,unknown,,unknown,,,0.0,0.0,0.0,0.0,0.0,0.0,0.0000,LOW,Anomalous Pattern,NORMAL,NORMAL
2026-03-14 19:55:02,unknown,,unknown,,,0.0,0.0,0.0,0.0,0.0,0.0,0.0000,LOW,Anomalous Pattern,NORMAL,NORMAL
2026-03-14 19:55:02,unknown,,unknown,,,0.0,0.0,0.0,0.0,0.0,0.0,0.0000,LOW,Anomalous Pattern,NORMAL,NORMAL
2026-03-14 19:55:02,unknown,,unknown,,,0.0,0.0,0.0,0.0,0.0,0.0,0.0000,LOW,Anomalous Pattern,NORMAL,NORMAL
2026-03-14 19:55:02,unknown,,unknown,,,0.0,0.0,0.0,0.0,0.0,0.0,0.0000,LOW,Anomalous Pattern,NORMAL,NORMAL
2026-03-14 19:55:02,unknown,,unknown,,,0.0,0.0,0.0,0.0,0.0,0.0,0.0000,LOW,Anomalous Pattern,NORMAL,NORMAL
2026-03-14 19:55:03,unknown,,unknown,,,0.0,0.0,0.0,0.0,0.0,0.0,0.0000,LOW,Anomalous Pattern,NORMAL,NORMAL
2026-03-14 19:55:03,unknown,,unknown,,,0.0,0.0,0.0,0.0,0.0,0.0,0.0000,LOW,Anomalous Pattern,NORMAL,NORMAL
2026-03-14 19:55:03,unknown,,unknown,,,0.0,0.0,0.0,0.0,0.0,0.0,0.0000,LOW,Anomalous Pattern,NORMAL,NORMAL
2026-03-14 19:55:03,unknown,,unknown,,,0.0,0.0,0.0,0.0,0.0,0.0,0.0000,LOW,Anomalous Pattern,NORMAL,NORMAL
2026-03-14 19:55:03,unknown,,unknown,,,0.0,0.0,0.0,0.0,0.0,0.0,0.0000,LOW,Anomalous Pattern,NORMAL,NORMAL
2026-03-14 19:55:03,unknown,,unknown,,,0.0,0.0,0.0,0.0,0.0,0.0,0.0000,LOW,Anomalous Pattern,NORMAL,NORMAL
2026-03-14 19:55:03,unknown,,unknown,,,0.0,0.0,0.0,0.0,0.0,0.0,0.0000,LOW,Anomalous Pattern,NORMAL,NORMAL
2026-03-14 19:55:03,unknown,,unknown,,,0.0,0.0,0.0,0.0,0.0,0.0,0.0000,LOW,Anomalous Pattern,NORMAL,NORMAL
2026-03-14 19:55:03,unknown,,unknown,,,0.0,0.0,0.0,0.0,0.0,0.0,0.0000,LOW,Anomalous Pattern,NORMAL,NORMAL
2026-03-14 19:55:03,unknown,,unknown,,,0.0,0.0,0.0,0.0,0.0,0.0,0.0000,LOW,Anomalous Pattern,NORMAL,NORMAL
2026-03-14 19:55:04,unknown,,unknown,,,0.0,0.0,0.0,0.0,0.0,0.0,0.0000,LOW,Anomalous Pattern,NORMAL,NORMAL
2026-03-14 19:55:04,unknown,,unknown,,,0.0,0.0,0.0,0.0,0.0,0.0,0.0000,LOW,Anomalous Pattern,NORMAL,NORMAL
2026-03-14 19:55:04,unknown,,unknown,,,0.0,0.0,0.0,0.0,0.0,0.0,0.0000,LOW,Anomalous Pattern,NORMAL,NORMAL
2026-03-14 19:55:04,unknown,,unknown,,,0.0,0.0,0.0,0.0,0.0,0.0,0.0000,LOW,Anomalous Pattern,NORMAL,NORMAL
2026-03-14 19:55:04,unknown,,unknown,,,0.0,0.0,0.0,0.0,0.0,0.0,0.0000,LOW,Anomalous Pattern,NORMAL,NORMAL
2026-03-14 19:55:04,unknown,,unknown,,,0.0,0.0,0.0,0.0,0.0,0.0,0.0000,LOW,Anomalous Pattern,NORMAL,NORMAL
2026-03-14 19:55:04,unknown,,unknown,,,0.0,0.0,0.0,0.0,0.0,0.0,0.0000,LOW,Anomalous Pattern,NORMAL,NORMAL
2026-03-14 19:55:04,unknown,,unknown,,,0.0,0.0,0.0,0.0,0.0,0.0,0.0000,LOW,Anomalous Pattern,NORMAL,NORMAL
2026-03-14 19:55:04,unknown,,unknown,,,0.0,0.0,0.0,0.0,0.0,0.0,0.0000,LOW,Anomalous Pattern,NORMAL,NORMAL
2026-03-14 19:55:04,unknown,,unknown,,,0.0,0.0,0.0,0.0,0.0,0.0,0.0000,LOW,Anomalous Pattern,NORMAL,NORMAL
2026-03-14 19:55:05,unknown,,unknown,,,0.0,0.0,0.0,0.0,0.0,0.0,0.0000,LOW,Anomalous Pattern,NORMAL,NORMAL
2026-03-14 19:55:05,unknown,,unknown,,,0.0,0.0,0.0,0.0,0.0,0.0,0.0000,LOW,Anomalous Pattern,NORMAL,NORMAL
2026-03-14 19:55:05,unknown,,unknown,,,0.0,0.0,0.0,0.0,0.0,0.0,0.0000,LOW,Anomalous Pattern,NORMAL,NORMAL
2026-03-14 19:55:05,unknown,,unknown,,,0.0,0.0,0.0,0.0,0.0,0.0,0.0000,LOW,Anomalous Pattern,NORMAL,NORMAL
2026-03-14 19:55:05,unknown,,unknown,,,0.0,0.0,0.0,0.0,0.0,0.0,0.0000,LOW,Anomalous Pattern,NORMAL,NORMAL
2026-03-14 19:55:05,unknown,,unknown,,,0.0,0.0,0.0,0.0,0.0,0.0,0.0000,LOW,Anomalous Pattern,NORMAL,NORMAL
2026-03-14 19:55:05,unknown,,unknown,,,0.0,0.0,0.0,0.0,0.0,0.0,0.0000,LOW,Anomalous Pattern,NORMAL,NORMAL
2026-03-14 19:55:06,unknown,,unknown,,,0.0,0.0,0.0,0.0,0.0,0.0,0.0000,LOW,Anomalous Pattern,NORMAL,NORMAL
2026-03-14 19:55:06,unknown,,unknown,,,0.0,0.0,0.0,0.0,0.0,0.0,0.0000,LOW,Anomalous Pattern,NORMAL,NORMAL
2026-03-14 19:55:06,unknown,,unknown,,,0.0,0.0,0.0,0.0,0.0,0.0,0.0000,LOW,Anomalous Pattern,NORMAL,NORMAL
2026-03-14 19:55:06,unknown,,unknown,,,0.0,0.0,0.0,0.0,0.0,0.0,0.0000,LOW,Anomalous Pattern,NORMAL,NORMAL
2026-03-14 19:55:06,unknown,,unknown,,,0.0,0.0,0.0,0.0,0.0,0.0,0.0000,LOW,Anomalous Pattern,NORMAL,NORMAL
2026-03-14 19:55:06,unknown,,unknown,,,0.0,0.0,0.0,0.0,0.0,0.0,0.0000,LOW,Anomalous Pattern,NORMAL,NORMAL
2026-03-14 19:55:06,unknown,,unknown,,,0.0,0.0,0.0,0.0,0.0,0.0,0.0000,LOW,Anomalous Pattern,NORMAL,NORMAL
2026-03-14 19:55:07,unknown,,unknown,,,0.0,0.0,0.0,0.0,0.0,0.0,0.0000,LOW,Anomalous Pattern,NORMAL,NORMAL
2026-03-14 19:55:07,unknown,,unknown,,,0.0,0.0,0.0,0.0,0.0,0.0,0.0000,LOW,Anomalous Pattern,NORMAL,NORMAL
2026-03-14 19:55:07,unknown,,unknown,,,0.0,0.0,0.0,0.0,0.0,0.0,0.0000,LOW,Anomalous Pattern,NORMAL,NORMAL
2026-03-14 19:55:07,unknown,,unknown,,,0.0,0.0,0.0,0.0,0.0,0.0,0.0000,LOW,Anomalous Pattern,NORMAL,NORMAL
2026-03-14 19:55:07,unknown,,unknown,,,0.0,0.0,0.0,0.0,0.0,0.0,0.0000,LOW,Anomalous Pattern,NORMAL,NORMAL
2026-03-14 19:55:07,unknown,,unknown,,,0.0,0.0,0.0,0.0,0.0,0.0,0.0000,LOW,Anomalous Pattern,NORMAL,NORMAL
2026-03-14 19:55:07,unknown,,unknown,,,0.0,0.0,0.0,0.0,0.0,0.0,0.0000,LOW,Anomalous Pattern,NORMAL,NORMAL
2026-03-14 19:55:07,unknown,,unknown,,,0.0,0.0,0.0,0.0,0.0,0.0,0.0000,LOW,Anomalous Pattern,NORMAL,NORMAL
2026-03-14 19:55:07,unknown,,unknown,,,0.0,0.0,0.0,0.0,0.0,0.0,0.0000,LOW,Anomalous Pattern,NORMAL,NORMAL
2026-03-14 19:55:08,unknown,,unknown,,,0.0,0.0,0.0,0.0,0.0,0.0,0.0000,LOW,Anomalous Pattern,NORMAL,NORMAL
2026-03-14 19:55:08,unknown,,unknown,,,0.0,0.0,0.0,0.0,0.0,0.0,0.0000,LOW,Anomalous Pattern,NORMAL,NORMAL
2026-03-14 19:55:08,unknown,,unknown,,,0.0,0.0,0.0,0.0,0.0,0.0,0.0000,LOW,Anomalous Pattern,NORMAL,NORMAL
2026-03-14 19:55:08,unknown,,unknown,,,0.0,0.0,0.0,0.0,0.0,0.0,0.0000,LOW,Anomalous Pattern,NORMAL,NORMAL
2026-03-14 19:55:08,unknown,,unknown,,,0.0,0.0,0.0,0.0,0.0,0.0,0.0000,LOW,Anomalous Pattern,NORMAL,NORMAL
2026-03-14 19:55:08,unknown,,unknown,,,0.0,0.0,0.0,0.0,0.0,0.0,0.0000,LOW,Anomalous Pattern,NORMAL,NORMAL
2026-03-14 19:55:08,unknown,,unknown,,,0.0,0.0,0.0,0.0,0.0,0.0,0.0000,LOW,Anomalous Pattern,NORMAL,NORMAL
2026-03-14 19:55:08,unknown,,unknown,,,0.0,0.0,0.0,0.0,0.0,0.0,0.0000,LOW,Anomalous Pattern,NORMAL,NORMAL
2026-03-14 19:55:08,unknown,,unknown,,,0.0,0.0,0.0,0.0,0.0,0.0,0.0000,LOW,Anomalous Pattern,NORMAL,NORMAL
2026-03-14 19:55:09,unknown,,unknown,,,0.0,0.0,0.0,0.0,0.0,0.0,0.0000,LOW,Anomalous Pattern,NORMAL,NORMAL
2026-03-14 19:55:09,unknown,,unknown,,,0.0,0.0,0.0,0.0,0.0,0.0,0.0000,LOW,Anomalous Pattern,NORMAL,NORMAL
2026-03-14 19:55:09,unknown,,unknown,,,0.0,0.0,0.0,0.0,0.0,0.0,0.0000,LOW,Anomalous Pattern,NORMAL,NORMAL
2026-03-14 19:55:09,unknown,,unknown,,,0.0,0.0,0.0,0.0,0.0,0.0,0.0000,LOW,Anomalous Pattern,NORMAL,NORMAL
2026-03-14 19:55:09,unknown,,unknown,,,0.0,0.0,0.0,0.0,0.0,0.0,0.0000,LOW,Anomalous Pattern,NORMAL,NORMAL
2026-03-14 19:55:09,unknown,,unknown,,,0.0,0.0,0.0,0.0,0.0,0.0,0.0000,LOW,Anomalous Pattern,NORMAL,NORMAL
2026-03-14 19:55:09,unknown,,unknown,,,0.0,0.0,0.0,0.0,0.0,0.0,0.0000,LOW,Anomalous Pattern,NORMAL,NORMAL
2026-03-14 19:55:10,unknown,,unknown,,,0.0,0.0,0.0,0.0,0.0,0.0,0.0000,LOW,Anomalous Pattern,NORMAL,NORMAL
2026-03-14 19:55:10,unknown,,unknown,,,0.0,0.0,0.0,0.0,0.0,0.0,0.0000,LOW,Anomalous Pattern,NORMAL,NORMAL
2026-03-14 19:55:10,unknown,,unknown,,,0.0,0.0,0.0,0.0,0.0,0.0,0.0000,LOW,Anomalous Pattern,NORMAL,NORMAL
2026-03-14 19:55:10,unknown,,unknown,,,0.0,0.0,0.0,0.0,0.0,0.0,0.0000,LOW,Anomalous Pattern,NORMAL,NORMAL
2026-03-14 19:55:10,unknown,,unknown,,,0.0,0.0,0.0,0.0,0.0,0.0,0.0000,LOW,Anomalous Pattern,NORMAL,NORMAL
2026-03-14 19:55:11,unknown,,unknown,,,0.0,0.0,0.0,0.0,0.0,0.0,0.0000,LOW,Anomalous Pattern,NORMAL,NORMAL
2026-03-14 19:55:11,unknown,,unknown,,,0.0,0.0,0.0,0.0,0.0,0.0,0.0000,LOW,Anomalous Pattern,NORMAL,NORMAL
2026-03-14 19:55:11,unknown,,unknown,,,0.0,0.0,0.0,0.0,0.0,0.0,0.0000,LOW,Anomalous Pattern,NORMAL,NORMAL
2026-03-14 19:55:11,unknown,,unknown,,,0.0,0.0,0.0,0.0,0.0,0.0,0.0000,LOW,Anomalous Pattern,NORMAL,NORMAL
2026-03-14 19:55:11,unknown,,unknown,,,0.0,0.0,0.0,0.0,0.0,0.0,0.0000,LOW,Anomalous Pattern,NORMAL,NORMAL
2026-03-14 19:55:11,unknown,,unknown,,,0.0,0.0,0.0,0.0,0.0,0.0,0.0000,LOW,Anomalous Pattern,NORMAL,NORMAL
2026-03-14 19:55:11,unknown,,unknown,,,0.0,0.0,0.0,0.0,0.0,0.0,0.0000,LOW,Anomalous Pattern,NORMAL,NORMAL
2026-03-14 19:55:12,unknown,,unknown,,,0.0,0.0,0.0,0.0,0.0,0.0,0.0000,LOW,Anomalous Pattern,NORMAL,NORMAL
2026-03-14 19:55:12,unknown,,unknown,,,0.0,0.0,0.0,0.0,0.0,0.0,0.0000,LOW,Anomalous Pattern,NORMAL,NORMAL
2026-03-14 19:55:12,unknown,,unknown,,,0.0,0.0,0.0,0.0,0.0,0.0,0.0000,LOW,Anomalous Pattern,NORMAL,NORMAL
2026-03-14 19:55:12,unknown,,unknown,,,0.0,0.0,0.0,0.0,0.0,0.0,0.0000,LOW,Anomalous Pattern,NORMAL,NORMAL
2026-03-14 19:55:12,unknown,,unknown,,,0.0,0.0,0.0,0.0,0.0,0.0,0.0000,LOW,Anomalous Pattern,NORMAL,NORMAL
2026-03-14 19:55:12,unknown,,unknown,,,0.0,0.0,0.0,0.0,0.0,0.0,0.0000,LOW,Anomalous Pattern,NORMAL,NORMAL
2026-03-14 19:55:12,unknown,,unknown,,,0.0,0.0,0.0,0.0,0.0,0.0,0.0000,LOW,Anomalous Pattern,NORMAL,NORMAL
2026-03-14 19:55:12,unknown,,unknown,,,0.0,0.0,0.0,0.0,0.0,0.0,0.0000,LOW,Anomalous Pattern,NORMAL,NORMAL
2026-03-14 19:55:13,unknown,,unknown,,,0.0,0.0,0.0,0.0,0.0,0.0,0.0000,LOW,Anomalous Pattern,NORMAL,NORMAL
2026-03-14 19:55:13,unknown,,unknown,,,0.0,0.0,0.0,0.0,0.0,0.0,0.0000,LOW,Anomalous Pattern,NORMAL,NORMAL
2026-03-14 19:55:13,unknown,,unknown,,,0.0,0.0,0.0,0.0,0.0,0.0,0.0000,LOW,Anomalous Pattern,NORMAL,NORMAL
2026-03-14 19:55:13,unknown,,unknown,,,0.0,0.0,0.0,0.0,0.0,0.0,0.0000,LOW,Anomalous Pattern,NORMAL,NORMAL
2026-03-14 19:55:13,unknown,,unknown,,,0.0,0.0,0.0,0.0,0.0,0.0,0.0000,LOW,Anomalous Pattern,NORMAL,NORMAL
2026-03-14 19:55:13,unknown,,unknown,,,0.0,0.0,0.0,0.0,0.0,0.0,0.0000,LOW,Anomalous Pattern,NORMAL,NORMAL
2026-03-14 19:55:14,unknown,,unknown,,,0.0,0.0,0.0,0.0,0.0,0.0,0.0000,LOW,Anomalous Pattern,NORMAL,NORMAL
2026-03-14 19:55:14,unknown,,unknown,,,0.0,0.0,0.0,0.0,0.0,0.0,0.0000,LOW,Anomalous Pattern,NORMAL,NORMAL
2026-03-14 19:55:14,unknown,,unknown,,,0.0,0.0,0.0,0.0,0.0,0.0,0.0000,LOW,Anomalous Pattern,NORMAL,NORMAL
2026-03-14 19:55:14,unknown,,unknown,,,0.0,0.0,0.0,0.0,0.0,0.0,0.0000,LOW,Anomalous Pattern,NORMAL,NORMAL
2026-03-14 19:55:14,unknown,,unknown,,,0.0,0.0,0.0,0.0,0.0,0.0,0.0000,LOW,Anomalous Pattern,NORMAL,NORMAL
2026-03-14 19:55:14,unknown,,unknown,,,0.0,0.0,0.0,0.0,0.0,0.0,0.0000,LOW,Anomalous Pattern,NORMAL,NORMAL
2026-03-14 19:55:14,unknown,,unknown,,,0.0,0.0,0.0,0.0,0.0,0.0,0.0000,LOW,Anomalous Pattern,NORMAL,NORMAL
2026-03-14 19:55:14,unknown,,unknown,,,0.0,0.0,0.0,0.0,0.0,0.0,0.0000,LOW,Anomalous Pattern,NORMAL,NORMAL
2026-03-14 19:55:15,unknown,,unknown,,,0.0,0.0,0.0,0.0,0.0,0.0,0.0000,LOW,Anomalous Pattern,NORMAL,NORMAL
2026-03-14 19:55:15,unknown,,unknown,,,0.0,0.0,0.0,0.0,0.0,0.0,0.0000,LOW,Anomalous Pattern,NORMAL,NORMAL
2026-03-14 19:55:15,unknown,,unknown,,,0.0,0.0,0.0,0.0,0.0,0.0,0.0000,LOW,Anomalous Pattern,NORMAL,NORMAL
2026-03-14 19:55:15,unknown,,unknown,,,0.0,0.0,0.0,0.0,0.0,0.0,0.0000,LOW,Anomalous Pattern,NORMAL,NORMAL
2026-03-14 19:55:16,unknown,,unknown,,,0.0,0.0,0.0,0.0,0.0,0.0,0.0000,LOW,Anomalous Pattern,NORMAL,NORMAL
2026-03-14 19:55:16,unknown,,unknown,,,0.0,0.0,0.0,0.0,0.0,0.0,0.0000,LOW,Anomalous Pattern,NORMAL,NORMAL
2026-03-14 19:55:16,unknown,,unknown,,,0.0,0.0,0.0,0.0,0.0,0.0,0.0000,LOW,Anomalous Pattern,NORMAL,NORMAL
2026-03-14 19:55:16,unknown,,unknown,,,0.0,0.0,0.0,0.0,0.0,0.0,0.0000,LOW,Anomalous Pattern,NORMAL,NORMAL
2026-03-14 19:55:16,unknown,,unknown,,,0.0,0.0,0.0,0.0,0.0,0.0,0.0000,LOW,Anomalous Pattern,NORMAL,NORMAL
2026-03-14 19:55:16,unknown,,unknown,,,0.0,0.0,0.0,0.0,0.0,0.0,0.0000,LOW,Anomalous Pattern,NORMAL,NORMAL
2026-03-14 19:55:16,unknown,,unknown,,,0.0,0.0,0.0,0.0,0.0,0.0,0.0000,LOW,Anomalous Pattern,NORMAL,NORMAL
2026-03-14 19:55:17,unknown,,unknown,,,0.0,0.0,0.0,0.0,0.0,0.0,0.0000,LOW,Anomalous Pattern,NORMAL,NORMAL
2026-03-14 19:55:17,unknown,,unknown,,,0.0,0.0,0.0,0.0,0.0,0.0,0.0000,LOW,Anomalous Pattern,NORMAL,NORMAL
2026-03-14 19:55:17,unknown,,unknown,,,0.0,0.0,0.0,0.0,0.0,0.0,0.0000,LOW,Anomalous Pattern,NORMAL,NORMAL
2026-03-14 19:55:17,unknown,,unknown,,,0.0,0.0,0.0,0.0,0.0,0.0,0.0000,LOW,Anomalous Pattern,NORMAL,NORMAL
2026-03-14 19:55:17,unknown,,unknown,,,0.0,0.0,0.0,0.0,0.0,0.0,0.0000,LOW,Anomalous Pattern,NORMAL,NORMAL
2026-03-14 19:55:17,unknown,,unknown,,,0.0,0.0,0.0,0.0,0.0,0.0,0.0000,LOW,Anomalous Pattern,NORMAL,NORMAL
2026-03-14 19:55:17,unknown,,unknown,,,0.0,0.0,0.0,0.0,0.0,0.0,0.0000,LOW,Anomalous Pattern,NORMAL,NORMAL
2026-03-14 19:55:17,unknown,,unknown,,,0.0,0.0,0.0,0.0,0.0,0.0,0.0000,LOW,Anomalous Pattern,NORMAL,NORMAL
2026-03-14 19:55:17,unknown,,unknown,,,0.0,0.0,0.0,0.0,0.0,0.0,0.0000,LOW,Anomalous Pattern,NORMAL,NORMAL
2026-03-14 19:55:18,unknown,,unknown,,,0.0,0.0,0.0,0.0,0.0,0.0,0.0000,LOW,Anomalous Pattern,NORMAL,NORMAL
2026-03-14 19:55:18,unknown,,unknown,,,0.0,0.0,0.0,0.0,0.0,0.0,0.0000,LOW,Anomalous Pattern,NORMAL,NORMAL
2026-03-14 19:55:18,unknown,,unknown,,,0.0,0.0,0.0,0.0,0.0,0.0,0.0000,LOW,Anomalous Pattern,NORMAL,NORMAL
2026-03-14 19:55:18,unknown,,unknown,,,0.0,0.0,0.0,0.0,0.0,0.0,0.0000,LOW,Anomalous Pattern,NORMAL,NORMAL
2026-03-14 19:55:18,unknown,,unknown,,,0.0,0.0,0.0,0.0,0.0,0.0,0.0000,LOW,Anomalous Pattern,NORMAL,NORMAL
2026-03-14 19:55:18,unknown,,unknown,,,0.0,0.0,0.0,0.0,0.0,0.0,0.0000,LOW,Anomalous Pattern,NORMAL,NORMAL
2026-03-14 19:55:18,unknown,,unknown,,,0.0,0.0,0.0,0.0,0.0,0.0,0.0000,LOW,Anomalous Pattern,NORMAL,NORMAL
2026-03-14 19:55:19,unknown,,unknown,,,0.0,0.0,0.0,0.0,0.0,0.0,0.0000,LOW,Anomalous Pattern,NORMAL,NORMAL
2026-03-14 19:55:19,unknown,,unknown,,,0.0,0.0,0.0,0.0,0.0,0.0,0.0000,LOW,Anomalous Pattern,NORMAL,NORMAL
2026-03-14 19:55:19,unknown,,unknown,,,0.0,0.0,0.0,0.0,0.0,0.0,0.0000,LOW,Anomalous Pattern,NORMAL,NORMAL
2026-03-14 19:55:19,unknown,,unknown,,,0.0,0.0,0.0,0.0,0.0,0.0,0.0000,LOW,Anomalous Pattern,NORMAL,NORMAL
2026-03-14 19:55:19,unknown,,unknown,,,0.0,0.0,0.0,0.0,0.0,0.0,0.0000,LOW,Anomalous Pattern,NORMAL,NORMAL
2026-03-14 19:55:19,unknown,,unknown,,,0.0,0.0,0.0,0.0,0.0,0.0,0.0000,LOW,Anomalous Pattern,NORMAL,NORMAL
2026-03-14 19:55:19,unknown,,unknown,,,0.0,0.0,0.0,0.0,0.0,0.0,0.0000,LOW,Anomalous Pattern,NORMAL,NORMAL
2026-03-14 19:55:19,unknown,,unknown,,,0.0,0.0,0.0,0.0,0.0,0.0,0.0000,LOW,Anomalous Pattern,NORMAL,NORMAL
2026-03-14 19:55:19,unknown,,unknown,,,0.0,0.0,0.0,0.0,0.0,0.0,0.0000,LOW,Anomalous Pattern,NORMAL,NORMAL
2026-03-14 19:55:20,unknown,,unknown,,,0.0,0.0,0.0,0.0,0.0,0.0,0.0000,LOW,Anomalous Pattern,NORMAL,NORMAL
2026-03-14 19:55:20,unknown,,unknown,,,0.0,0.0,0.0,0.0,0.0,0.0,0.0000,LOW,Anomalous Pattern,NORMAL,NORMAL
2026-03-14 19:55:20,unknown,,unknown,,,0.0,0.0,0.0,0.0,0.0,0.0,0.0000,LOW,Anomalous Pattern,NORMAL,NORMAL
2026-03-14 19:55:20,unknown,,unknown,,,0.0,0.0,0.0,0.0,0.0,0.0,0.0000,LOW,Anomalous Pattern,NORMAL,NORMAL
2026-03-14 19:55:20,unknown,,unknown,,,0.0,0.0,0.0,0.0,0.0,0.0,0.0000,LOW,Anomalous Pattern,NORMAL,NORMAL
2026-03-14 19:55:21,unknown,,unknown,,,0.0,0.0,0.0,0.0,0.0,0.0,0.0000,LOW,Anomalous Pattern,NORMAL,NORMAL
2026-03-14 19:55:21,unknown,,unknown,,,0.0,0.0,0.0,0.0,0.0,0.0,0.0000,LOW,Anomalous Pattern,NORMAL,NORMAL
2026-03-14 19:55:21,unknown,,unknown,,,0.0,0.0,0.0,0.0,0.0,0.0,0.0000,LOW,Anomalous Pattern,NORMAL,NORMAL
2026-03-14 19:55:21,unknown,,unknown,,,0.0,0.0,0.0,0.0,0.0,0.0,0.0000,LOW,Anomalous Pattern,NORMAL,NORMAL
2026-03-14 19:55:21,unknown,,unknown,,,0.0,0.0,0.0,0.0,0.0,0.0,0.0000,LOW,Anomalous Pattern,NORMAL,NORMAL
2026-03-14 19:55:21,unknown,,unknown,,,0.0,0.0,0.0,0.0,0.0,0.0,0.0000,LOW,Anomalous Pattern,NORMAL,NORMAL
2026-03-14 19:55:22,unknown,,unknown,,,0.0,0.0,0.0,0.0,0.0,0.0,0.0000,LOW,Anomalous Pattern,NORMAL,NORMAL
2026-03-14 19:55:22,unknown,,unknown,,,0.0,0.0,0.0,0.0,0.0,0.0,0.0000,LOW,Anomalous Pattern,NORMAL,NORMAL
2026-03-14 19:55:22,unknown,,unknown,,,0.0,0.0,0.0,0.0,0.0,0.0,0.0000,LOW,Anomalous Pattern,NORMAL,NORMAL
2026-03-14 19:55:22,unknown,,unknown,,,0.0,0.0,0.0,0.0,0.0,0.0,0.0000,LOW,Anomalous Pattern,NORMAL,NORMAL
2026-03-14 19:55:22,unknown,,unknown,,,0.0,0.0,0.0,0.0,0.0,0.0,0.0000,LOW,Anomalous Pattern,NORMAL,NORMAL
2026-03-14 19:55:22,unknown,,unknown,,,0.0,0.0,0.0,0.0,0.0,0.0,0.0000,LOW,Anomalous Pattern,NORMAL,NORMAL
2026-03-14 19:55:22,unknown,,unknown,,,0.0,0.0,0.0,0.0,0.0,0.0,0.0000,LOW,Anomalous Pattern,NORMAL,NORMAL
2026-03-14 19:55:22,unknown,,unknown,,,0.0,0.0,0.0,0.0,0.0,0.0,0.0000,LOW,Anomalous Pattern,NORMAL,NORMAL
2026-03-14 19:55:22,unknown,,unknown,,,0.0,0.0,0.0,0.0,0.0,0.0,0.0000,LOW,Anomalous Pattern,NORMAL,NORMAL
2026-03-14 19:55:23,unknown,,unknown,,,0.0,0.0,0.0,0.0,0.0,0.0,0.0000,LOW,Anomalous Pattern,NORMAL,NORMAL
2026-03-14 19:55:23,unknown,,unknown,,,0.0,0.0,0.0,0.0,0.0,0.0,0.0000,LOW,Anomalous Pattern,NORMAL,NORMAL
2026-03-14 19:55:23,unknown,,unknown,,,0.0,0.0,0.0,0.0,0.0,0.0,0.0000,LOW,Anomalous Pattern,NORMAL,NORMAL
2026-03-14 19:55:23,unknown,,unknown,,,0.0,0.0,0.0,0.0,0.0,0.0,0.0000,LOW,Anomalous Pattern,NORMAL,NORMAL
2026-03-14 19:55:23,unknown,,unknown,,,0.0,0.0,0.0,0.0,0.0,0.0,0.0000,LOW,Anomalous Pattern,NORMAL,NORMAL
2026-03-14 19:55:23,unknown,,unknown,,,0.0,0.0,0.0,0.0,0.0,0.0,0.0000,LOW,Anomalous Pattern,NORMAL,NORMAL
2026-03-14 19:55:23,unknown,,unknown,,,0.0,0.0,0.0,0.0,0.0,0.0,0.0000,LOW,Anomalous Pattern,NORMAL,NORMAL
2026-03-14 19:55:23,unknown,,unknown,,,0.0,0.0,0.0,0.0,0.0,0.0,0.0000,LOW,Anomalous Pattern,NORMAL,NORMAL
2026-03-14 19:55:24,unknown,,unknown,,,0.0,0.0,0.0,0.0,0.0,0.0,0.0000,LOW,Anomalous Pattern,NORMAL,NORMAL
2026-03-14 19:55:24,unknown,,unknown,,,0.0,0.0,0.0,0.0,0.0,0.0,0.0000,LOW,Anomalous Pattern,NORMAL,NORMAL
2026-03-14 19:55:24,unknown,,unknown,,,0.0,0.0,0.0,0.0,0.0,0.0,0.0000,LOW,Anomalous Pattern,NORMAL,NORMAL
2026-03-14 19:55:24,unknown,,unknown,,,0.0,0.0,0.0,0.0,0.0,0.0,0.0000,LOW,Anomalous Pattern,NORMAL,NORMAL
2026-03-14 19:55:24,unknown,,unknown,,,0.0,0.0,0.0,0.0,0.0,0.0,0.0000,LOW,Anomalous Pattern,NORMAL,NORMAL
2026-03-14 19:55:24,unknown,,unknown,,,0.0,0.0,0.0,0.0,0.0,0.0,0.0000,LOW,Anomalous Pattern,NORMAL,NORMAL
2026-03-14 19:55:24,unknown,,unknown,,,0.0,0.0,0.0,0.0,0.0,0.0,0.0000,LOW,Anomalous Pattern,NORMAL,NORMAL
2026-03-14 19:55:24,unknown,,unknown,,,0.0,0.0,0.0,0.0,0.0,0.0,0.0000,LOW,Anomalous Pattern,NORMAL,NORMAL
2026-03-14 19:55:25,unknown,,unknown,,,0.0,0.0,0.0,0.0,0.0,0.0,0.0000,LOW,Anomalous Pattern,NORMAL,NORMAL
2026-03-14 19:55:25,unknown,,unknown,,,0.0,0.0,0.0,0.0,0.0,0.0,0.0000,LOW,Anomalous Pattern,NORMAL,NORMAL
2026-03-14 19:55:25,unknown,,unknown,,,0.0,0.0,0.0,0.0,0.0,0.0,0.0000,LOW,Anomalous Pattern,NORMAL,NORMAL
2026-03-14 19:55:25,unknown,,unknown,,,0.0,0.0,0.0,0.0,0.0,0.0,0.0000,LOW,Anomalous Pattern,NORMAL,NORMAL
2026-03-14 19:55:25,unknown,,unknown,,,0.0,0.0,0.0,0.0,0.0,0.0,0.0000,LOW,Anomalous Pattern,NORMAL,NORMAL
2026-03-14 19:55:25,unknown,,unknown,,,0.0,0.0,0.0,0.0,0.0,0.0,0.0000,LOW,Anomalous Pattern,NORMAL,NORMAL
2026-03-14 19:55:26,unknown,,unknown,,,0.0,0.0,0.0,0.0,0.0,0.0,0.0000,LOW,Anomalous Pattern,NORMAL,NORMAL
2026-03-14 19:55:26,unknown,,unknown,,,0.0,0.0,0.0,0.0,0.0,0.0,0.0000,LOW,Anomalous Pattern,NORMAL,NORMAL
2026-03-14 19:55:26,unknown,,unknown,,,0.0,0.0,0.0,0.0,0.0,0.0,0.0000,LOW,Anomalous Pattern,NORMAL,NORMAL
2026-03-14 19:55:26,unknown,,unknown,,,0.0,0.0,0.0,0.0,0.0,0.0,0.0000,LOW,Anomalous Pattern,NORMAL,NORMAL
2026-03-14 19:55:26,unknown,,unknown,,,0.0,0.0,0.0,0.0,0.0,0.0,0.0000,LOW,Anomalous Pattern,NORMAL,NORMAL
2026-03-14 19:55:27,unknown,,unknown,,,0.0,0.0,0.0,0.0,0.0,0.0,0.0000,LOW,Anomalous Pattern,NORMAL,NORMAL
2026-03-14 19:55:27,unknown,,unknown,,,0.0,0.0,0.0,0.0,0.0,0.0,0.0000,LOW,Anomalous Pattern,NORMAL,NORMAL
2026-03-14 19:55:27,unknown,,unknown,,,0.0,0.0,0.0,0.0,0.0,0.0,0.0000,LOW,Anomalous Pattern,NORMAL,NORMAL
2026-03-14 19:55:27,unknown,,unknown,,,0.0,0.0,0.0,0.0,0.0,0.0,0.0000,LOW,Anomalous Pattern,NORMAL,NORMAL
2026-03-14 19:55:27,unknown,,unknown,,,0.0,0.0,0.0,0.0,0.0,0.0,0.0000,LOW,Anomalous Pattern,NORMAL,NORMAL
2026-03-14 19:55:27,unknown,,unknown,,,0.0,0.0,0.0,0.0,0.0,0.0,0.0000,LOW,Anomalous Pattern,NORMAL,NORMAL
2026-03-14 19:55:27,unknown,,unknown,,,0.0,0.0,0.0,0.0,0.0,0.0,0.0000,LOW,Anomalous Pattern,NORMAL,NORMAL
2026-03-14 19:55:28,unknown,,unknown,,,0.0,0.0,0.0,0.0,0.0,0.0,0.0000,LOW,Anomalous Pattern,NORMAL,NORMAL
2026-03-14 19:55:28,unknown,,unknown,,,0.0,0.0,0.0,0.0,0.0,0.0,0.0000,LOW,Anomalous Pattern,NORMAL,NORMAL
2026-03-14 19:55:28,unknown,,unknown,,,0.0,0.0,0.0,0.0,0.0,0.0,0.0000,LOW,Anomalous Pattern,NORMAL,NORMAL
2026-03-14 19:55:28,unknown,,unknown,,,0.0,0.0,0.0,0.0,0.0,0.0,0.0000,LOW,Anomalous Pattern,NORMAL,NORMAL
2026-03-14 19:55:28,unknown,,unknown,,,0.0,0.0,0.0,0.0,0.0,0.0,0.0000,LOW,Anomalous Pattern,NORMAL,NORMAL
2026-03-14 19:55:28,unknown,,unknown,,,0.0,0.0,0.0,0.0,0.0,0.0,0.0000,LOW,Anomalous Pattern,NORMAL,NORMAL
2026-03-14 19:55:28,unknown,,unknown,,,0.0,0.0,0.0,0.0,0.0,0.0,0.0000,LOW,Anomalous Pattern,NORMAL,NORMAL
2026-03-14 19:55:28,unknown,,unknown,,,0.0,0.0,0.0,0.0,0.0,0.0,0.0000,LOW,Anomalous Pattern,NORMAL,NORMAL
2026-03-14 19:55:29,unknown,,unknown,,,0.0,0.0,0.0,0.0,0.0,0.0,0.0000,LOW,Anomalous Pattern,NORMAL,NORMAL
2026-03-14 19:55:29,unknown,,unknown,,,0.0,0.0,0.0,0.0,0.0,0.0,0.0000,LOW,Anomalous Pattern,NORMAL,NORMAL
2026-03-14 19:55:29,unknown,,unknown,,,0.0,0.0,0.0,0.0,0.0,0.0,0.0000,LOW,Anomalous Pattern,NORMAL,NORMAL
2026-03-14 19:55:29,unknown,,unknown,,,0.0,0.0,0.0,0.0,0.0,0.0,0.0000,LOW,Anomalous Pattern,NORMAL,NORMAL
2026-03-14 19:55:29,unknown,,unknown,,,0.0,0.0,0.0,0.0,0.0,0.0,0.0000,LOW,Anomalous Pattern,NORMAL,NORMAL
2026-03-14 19:55:29,unknown,,unknown,,,0.0,0.0,0.0,0.0,0.0,0.0,0.0000,LOW,Anomalous Pattern,NORMAL,NORMAL
2026-03-14 19:55:30,unknown,,unknown,,,0.0,0.0,0.0,0.0,0.0,0.0,0.0000,LOW,Anomalous Pattern,NORMAL,NORMAL
2026-03-14 19:55:30,unknown,,unknown,,,0.0,0.0,0.0,0.0,0.0,0.0,0.0000,LOW,Anomalous Pattern,NORMAL,NORMAL
2026-03-14 19:55:30,unknown,,unknown,,,0.0,0.0,0.0,0.0,0.0,0.0,0.0000,LOW,Anomalous Pattern,NORMAL,NORMAL
2026-03-14 19:55:30,unknown,,unknown,,,0.0,0.0,0.0,0.0,0.0,0.0,0.0000,LOW,Anomalous Pattern,NORMAL,NORMAL
2026-03-14 19:55:30,unknown,,unknown,,,0.0,0.0,0.0,0.0,0.0,0.0,0.0000,LOW,Anomalous Pattern,NORMAL,NORMAL
2026-03-14 19:55:30,unknown,,unknown,,,0.0,0.0,0.0,0.0,0.0,0.0,0.0000,LOW,Anomalous Pattern,NORMAL,NORMAL
2026-03-14 19:55:31,unknown,,unknown,,,0.0,0.0,0.0,0.0,0.0,0.0,0.0000,LOW,Anomalous Pattern,NORMAL,NORMAL
2026-03-14 19:55:31,unknown,,unknown,,,0.0,0.0,0.0,0.0,0.0,0.0,0.0000,LOW,Anomalous Pattern,NORMAL,NORMAL
2026-03-14 19:55:31,unknown,,unknown,,,0.0,0.0,0.0,0.0,0.0,0.0,0.0000,LOW,Anomalous Pattern,NORMAL,NORMAL
2026-03-14 19:55:31,unknown,,unknown,,,0.0,0.0,0.0,0.0,0.0,0.0,0.0000,LOW,Anomalous Pattern,NORMAL,NORMAL
2026-03-14 19:55:31,unknown,,unknown,,,0.0,0.0,0.0,0.0,0.0,0.0,0.0000,LOW,Anomalous Pattern,NORMAL,NORMAL
2026-03-14 19:55:32,unknown,,unknown,,,0.0,0.0,0.0,0.0,0.0,0.0,0.0000,LOW,Anomalous Pattern,NORMAL,NORMAL
2026-03-14 19:55:32,unknown,,unknown,,,0.0,0.0,0.0,0.0,0.0,0.0,0.0000,LOW,Anomalous Pattern,NORMAL,NORMAL
2026-03-14 19:55:32,unknown,,unknown,,,0.0,0.0,0.0,0.0,0.0,0.0,0.0000,LOW,Anomalous Pattern,NORMAL,NORMAL
2026-03-14 19:55:32,unknown,,unknown,,,0.0,0.0,0.0,0.0,0.0,0.0,0.0000,LOW,Anomalous Pattern,NORMAL,NORMAL
2026-03-14 19:55:32,unknown,,unknown,,,0.0,0.0,0.0,0.0,0.0,0.0,0.0000,LOW,Anomalous Pattern,NORMAL,NORMAL
2026-03-14 19:55:32,unknown,,unknown,,,0.0,0.0,0.0,0.0,0.0,0.0,0.0000,LOW,Anomalous Pattern,NORMAL,NORMAL
2026-03-14 19:55:33,unknown,,unknown,,,0.0,0.0,0.0,0.0,0.0,0.0,0.0000,LOW,Anomalous Pattern,NORMAL,NORMAL
2026-03-14 19:55:33,unknown,,unknown,,,0.0,0.0,0.0,0.0,0.0,0.0,0.0000,LOW,Anomalous Pattern,NORMAL,NORMAL
2026-03-14 19:55:33,unknown,,unknown,,,0.0,0.0,0.0,0.0,0.0,0.0,0.0000,LOW,Anomalous Pattern,NORMAL,NORMAL
2026-03-14 19:55:33,unknown,,unknown,,,0.0,0.0,0.0,0.0,0.0,0.0,0.0000,LOW,Anomalous Pattern,NORMAL,NORMAL
2026-03-14 19:55:33,unknown,,unknown,,,0.0,0.0,0.0,0.0,0.0,0.0,0.0000,LOW,Anomalous Pattern,NORMAL,NORMAL
2026-03-14 19:55:33,unknown,,unknown,,,0.0,0.0,0.0,0.0,0.0,0.0,0.0000,LOW,Anomalous Pattern,NORMAL,NORMAL
2026-03-14 19:55:33,unknown,,unknown,,,0.0,0.0,0.0,0.0,0.0,0.0,0.0000,LOW,Anomalous Pattern,NORMAL,NORMAL
2026-03-14 19:55:33,unknown,,unknown,,,0.0,0.0,0.0,0.0,0.0,0.0,0.0000,LOW,Anomalous Pattern,NORMAL,NORMAL
2026-03-14 19:55:34,unknown,,unknown,,,0.0,0.0,0.0,0.0,0.0,0.0,0.0000,LOW,Anomalous Pattern,NORMAL,NORMAL
2026-03-14 19:55:34,unknown,,unknown,,,0.0,0.0,0.0,0.0,0.0,0.0,0.0000,LOW,Anomalous Pattern,NORMAL,NORMAL
2026-03-14 19:55:34,unknown,,unknown,,,0.0,0.0,0.0,0.0,0.0,0.0,0.0000,LOW,Anomalous Pattern,NORMAL,NORMAL
2026-03-14 19:55:34,unknown,,unknown,,,0.0,0.0,0.0,0.0,0.0,0.0,0.0000,LOW,Anomalous Pattern,NORMAL,NORMAL
2026-03-14 19:55:34,unknown,,unknown,,,0.0,0.0,0.0,0.0,0.0,0.0,0.0000,LOW,Anomalous Pattern,NORMAL,NORMAL
2026-03-14 19:55:35,unknown,,unknown,,,0.0,0.0,0.0,0.0,0.0,0.0,0.0000,LOW,Anomalous Pattern,NORMAL,NORMAL
2026-03-14 19:55:35,unknown,,unknown,,,0.0,0.0,0.0,0.0,0.0,0.0,0.0000,LOW,Anomalous Pattern,NORMAL,NORMAL
2026-03-14 19:55:35,unknown,,unknown,,,0.0,0.0,0.0,0.0,0.0,0.0,0.0000,LOW,Anomalous Pattern,NORMAL,NORMAL
2026-03-14 19:55:35,unknown,,unknown,,,0.0,0.0,0.0,0.0,0.0,0.0,0.0000,LOW,Anomalous Pattern,NORMAL,NORMAL
2026-03-14 19:55:35,unknown,,unknown,,,0.0,0.0,0.0,0.0,0.0,0.0,0.0000,LOW,Anomalous Pattern,NORMAL,NORMAL
2026-03-14 19:55:35,unknown,,unknown,,,0.0,0.0,0.0,0.0,0.0,0.0,0.0000,LOW,Anomalous Pattern,NORMAL,NORMAL
2026-03-14 19:55:35,unknown,,unknown,,,0.0,0.0,0.0,0.0,0.0,0.0,0.0000,LOW,Anomalous Pattern,NORMAL,NORMAL
2026-03-14 19:55:35,unknown,,unknown,,,0.0,0.0,0.0,0.0,0.0,0.0,0.0000,LOW,Anomalous Pattern,NORMAL,NORMAL
2026-03-14 19:55:36,unknown,,unknown,,,0.0,0.0,0.0,0.0,0.0,0.0,0.0000,LOW,Anomalous Pattern,NORMAL,NORMAL
2026-03-14 19:55:36,unknown,,unknown,,,0.0,0.0,0.0,0.0,0.0,0.0,0.0000,LOW,Anomalous Pattern,NORMAL,NORMAL
2026-03-14 19:55:36,unknown,,unknown,,,0.0,0.0,0.0,0.0,0.0,0.0,0.0000,LOW,Anomalous Pattern,NORMAL,NORMAL
2026-03-14 19:55:36,unknown,,unknown,,,0.0,0.0,0.0,0.0,0.0,0.0,0.0000,LOW,Anomalous Pattern,NORMAL,NORMAL
2026-03-14 19:55:36,unknown,,unknown,,,0.0,0.0,0.0,0.0,0.0,0.0,0.0000,LOW,Anomalous Pattern,NORMAL,NORMAL
2026-03-14 19:55:36,unknown,,unknown,,,0.0,0.0,0.0,0.0,0.0,0.0,0.0000,LOW,Anomalous Pattern,NORMAL,NORMAL
2026-03-14 19:55:37,unknown,,unknown,,,0.0,0.0,0.0,0.0,0.0,0.0,0.0000,LOW,Anomalous Pattern,NORMAL,NORMAL
2026-03-14 19:55:37,unknown,,unknown,,,0.0,0.0,0.0,0.0,0.0,0.0,0.0000,LOW,Anomalous Pattern,NORMAL,NORMAL
2026-03-14 19:55:37,unknown,,unknown,,,0.0,0.0,0.0,0.0,0.0,0.0,0.0000,LOW,Anomalous Pattern,NORMAL,NORMAL
2026-03-14 19:55:37,unknown,,unknown,,,0.0,0.0,0.0,0.0,0.0,0.0,0.0000,LOW,Anomalous Pattern,NORMAL,NORMAL
2026-03-14 19:55:37,unknown,,unknown,,,0.0,0.0,0.0,0.0,0.0,0.0,0.0000,LOW,Anomalous Pattern,NORMAL,NORMAL
2026-03-14 19:55:37,unknown,,unknown,,,0.0,0.0,0.0,0.0,0.0,0.0,0.0000,LOW,Anomalous Pattern,NORMAL,NORMAL
2026-03-14 19:55:38,unknown,,unknown,,,0.0,0.0,0.0,0.0,0.0,0.0,0.0000,LOW,Anomalous Pattern,NORMAL,NORMAL
2026-03-14 19:55:38,unknown,,unknown,,,0.0,0.0,0.0,0.0,0.0,0.0,0.0000,LOW,Anomalous Pattern,NORMAL,NORMAL
2026-03-14 19:55:38,unknown,,unknown,,,0.0,0.0,0.0,0.0,0.0,0.0,0.0000,LOW,Anomalous Pattern,NORMAL,NORMAL
2026-03-14 19:55:38,unknown,,unknown,,,0.0,0.0,0.0,0.0,0.0,0.0,0.0000,LOW,Anomalous Pattern,NORMAL,NORMAL
2026-03-14 19:55:38,unknown,,unknown,,,0.0,0.0,0.0,0.0,0.0,0.0,0.0000,LOW,Anomalous Pattern,NORMAL,NORMAL
2026-03-14 19:55:38,unknown,,unknown,,,0.0,0.0,0.0,0.0,0.0,0.0,0.0000,LOW,Anomalous Pattern,NORMAL,NORMAL
2026-03-14 19:55:38,unknown,,unknown,,,0.0,0.0,0.0,0.0,0.0,0.0,0.0000,LOW,Anomalous Pattern,NORMAL,NORMAL
2026-03-14 19:55:38,unknown,,unknown,,,0.0,0.0,0.0,0.0,0.0,0.0,0.0000,LOW,Anomalous Pattern,NORMAL,NORMAL
2026-03-14 19:55:39,unknown,,unknown,,,0.0,0.0,0.0,0.0,0.0,0.0,0.0000,LOW,Anomalous Pattern,NORMAL,NORMAL
2026-03-14 19:55:39,unknown,,unknown,,,0.0,0.0,0.0,0.0,0.0,0.0,0.0000,LOW,Anomalous Pattern,NORMAL,NORMAL
2026-03-14 19:55:39,unknown,,unknown,,,0.0,0.0,0.0,0.0,0.0,0.0,0.0000,LOW,Anomalous Pattern,NORMAL,NORMAL
2026-03-14 19:55:39,unknown,,unknown,,,0.0,0.0,0.0,0.0,0.0,0.0,0.0000,LOW,Anomalous Pattern,NORMAL,NORMAL
2026-03-14 19:55:39,unknown,,unknown,,,0.0,0.0,0.0,0.0,0.0,0.0,0.0000,LOW,Anomalous Pattern,NORMAL,NORMAL
2026-03-14 19:55:39,unknown,,unknown,,,0.0,0.0,0.0,0.0,0.0,0.0,0.0000,LOW,Anomalous Pattern,NORMAL,NORMAL
2026-03-14 19:55:40,unknown,,unknown,,,0.0,0.0,0.0,0.0,0.0,0.0,0.0000,LOW,Anomalous Pattern,NORMAL,NORMAL
2026-03-14 19:55:40,unknown,,unknown,,,0.0,0.0,0.0,0.0,0.0,0.0,0.0000,LOW,Anomalous Pattern,NORMAL,NORMAL
2026-03-14 19:55:40,unknown,,unknown,,,0.0,0.0,0.0,0.0,0.0,0.0,0.0000,LOW,Anomalous Pattern,NORMAL,NORMAL
2026-03-14 19:55:40,unknown,,unknown,,,0.0,0.0,0.0,0.0,0.0,0.0,0.0000,LOW,Anomalous Pattern,NORMAL,NORMAL
2026-03-14 19:55:40,unknown,,unknown,,,0.0,0.0,0.0,0.0,0.0,0.0,0.0000,LOW,Anomalous Pattern,NORMAL,NORMAL
2026-03-14 19:55:40,unknown,,unknown,,,0.0,0.0,0.0,0.0,0.0,0.0,0.0000,LOW,Anomalous Pattern,NORMAL,NORMAL
2026-03-14 19:55:40,unknown,,unknown,,,0.0,0.0,0.0,0.0,0.0,0.0,0.0000,LOW,Anomalous Pattern,NORMAL,NORMAL
2026-03-14 19:55:40,unknown,,unknown,,,0.0,0.0,0.0,0.0,0.0,0.0,0.0000,LOW,Anomalous Pattern,NORMAL,NORMAL
2026-03-14 19:55:40,unknown,,unknown,,,0.0,0.0,0.0,0.0,0.0,0.0,0.0000,LOW,Anomalous Pattern,NORMAL,NORMAL
2026-03-14 19:55:41,unknown,,unknown,,,0.0,0.0,0.0,0.0,0.0,0.0,0.0000,LOW,Anomalous Pattern,NORMAL,NORMAL
2026-03-14 19:55:41,unknown,,unknown,,,0.0,0.0,0.0,0.0,0.0,0.0,0.0000,LOW,Anomalous Pattern,NORMAL,NORMAL
2026-03-14 19:55:41,unknown,,unknown,,,0.0,0.0,0.0,0.0,0.0,0.0,0.0000,LOW,Anomalous Pattern,NORMAL,NORMAL
2026-03-14 19:55:41,unknown,,unknown,,,0.0,0.0,0.0,0.0,0.0,0.0,0.0000,LOW,Anomalous Pattern,NORMAL,NORMAL
2026-03-14 19:55:41,unknown,,unknown,,,0.0,0.0,0.0,0.0,0.0,0.0,0.0000,LOW,Anomalous Pattern,NORMAL,NORMAL
2026-03-14 19:55:41,unknown,,unknown,,,0.0,0.0,0.0,0.0,0.0,0.0,0.0000,LOW,Anomalous Pattern,NORMAL,NORMAL
2026-03-14 19:55:41,unknown,,unknown,,,0.0,0.0,0.0,0.0,0.0,0.0,0.0000,LOW,Anomalous Pattern,NORMAL,NORMAL
2026-03-14 19:55:42,unknown,,unknown,,,0.0,0.0,0.0,0.0,0.0,0.0,0.0000,LOW,Anomalous Pattern,NORMAL,NORMAL
2026-03-14 19:55:42,unknown,,unknown,,,0.0,0.0,0.0,0.0,0.0,0.0,0.0000,LOW,Anomalous Pattern,NORMAL,NORMAL
2026-03-14 19:55:42,unknown,,unknown,,,0.0,0.0,0.0,0.0,0.0,0.0,0.0000,LOW,Anomalous Pattern,NORMAL,NORMAL
2026-03-14 19:55:42,unknown,,unknown,,,0.0,0.0,0.0,0.0,0.0,0.0,0.0000,LOW,Anomalous Pattern,NORMAL,NORMAL
2026-03-14 19:55:42,unknown,,unknown,,,0.0,0.0,0.0,0.0,0.0,0.0,0.0000,LOW,Anomalous Pattern,NORMAL,NORMAL
2026-03-14 19:55:42,unknown,,unknown,,,0.0,0.0,0.0,0.0,0.0,0.0,0.0000,LOW,Anomalous Pattern,NORMAL,NORMAL
2026-03-14 19:55:43,unknown,,unknown,,,0.0,0.0,0.0,0.0,0.0,0.0,0.0000,LOW,Anomalous Pattern,NORMAL,NORMAL
2026-03-14 19:55:43,unknown,,unknown,,,0.0,0.0,0.0,0.0,0.0,0.0,0.0000,LOW,Anomalous Pattern,NORMAL,NORMAL
2026-03-14 19:55:43,unknown,,unknown,,,0.0,0.0,0.0,0.0,0.0,0.0,0.0000,LOW,Anomalous Pattern,NORMAL,NORMAL
2026-03-14 19:55:43,unknown,,unknown,,,0.0,0.0,0.0,0.0,0.0,0.0,0.0000,LOW,Anomalous Pattern,NORMAL,NORMAL
2026-03-14 19:55:43,unknown,,unknown,,,0.0,0.0,0.0,0.0,0.0,0.0,0.0000,LOW,Anomalous Pattern,NORMAL,NORMAL
2026-03-14 19:55:43,unknown,,unknown,,,0.0,0.0,0.0,0.0,0.0,0.0,0.0000,LOW,Anomalous Pattern,NORMAL,NORMAL
2026-03-14 19:55:43,unknown,,unknown,,,0.0,0.0,0.0,0.0,0.0,0.0,0.0000,LOW,Anomalous Pattern,NORMAL,NORMAL
2026-03-14 19:55:43,unknown,,unknown,,,0.0,0.0,0.0,0.0,0.0,0.0,0.0000,LOW,Anomalous Pattern,NORMAL,NORMAL
2026-03-14 19:55:44,unknown,,unknown,,,0.0,0.0,0.0,0.0,0.0,0.0,0.0000,LOW,Anomalous Pattern,NORMAL,NORMAL
2026-03-14 19:55:44,unknown,,unknown,,,0.0,0.0,0.0,0.0,0.0,0.0,0.0000,LOW,Anomalous Pattern,NORMAL,NORMAL
2026-03-14 19:55:44,unknown,,unknown,,,0.0,0.0,0.0,0.0,0.0,0.0,0.0000,LOW,Anomalous Pattern,NORMAL,NORMAL
2026-03-14 19:55:44,unknown,,unknown,,,0.0,0.0,0.0,0.0,0.0,0.0,0.0000,LOW,Anomalous Pattern,NORMAL,NORMAL
2026-03-14 19:55:44,unknown,,unknown,,,0.0,0.0,0.0,0.0,0.0,0.0,0.0000,LOW,Anomalous Pattern,NORMAL,NORMAL
2026-03-14 19:55:44,unknown,,unknown,,,0.0,0.0,0.0,0.0,0.0,0.0,0.0000,LOW,Anomalous Pattern,NORMAL,NORMAL
2026-03-14 19:55:44,unknown,,unknown,,,0.0,0.0,0.0,0.0,0.0,0.0,0.0000,LOW,Anomalous Pattern,NORMAL,NORMAL
2026-03-14 19:55:44,unknown,,unknown,,,0.0,0.0,0.0,0.0,0.0,0.0,0.0000,LOW,Anomalous Pattern,NORMAL,NORMAL
2026-03-14 19:55:45,unknown,,unknown,,,0.0,0.0,0.0,0.0,0.0,0.0,0.0000,LOW,Anomalous Pattern,NORMAL,NORMAL
2026-03-14 19:55:45,unknown,,unknown,,,0.0,0.0,0.0,0.0,0.0,0.0,0.0000,LOW,Anomalous Pattern,NORMAL,NORMAL
2026-03-14 19:55:45,unknown,,unknown,,,0.0,0.0,0.0,0.0,0.0,0.0,0.0000,LOW,Anomalous Pattern,NORMAL,NORMAL
2026-03-14 19:55:45,unknown,,unknown,,,0.0,0.0,0.0,0.0,0.0,0.0,0.0000,LOW,Anomalous Pattern,NORMAL,NORMAL
2026-03-14 19:55:45,unknown,,unknown,,,0.0,0.0,0.0,0.0,0.0,0.0,0.0000,LOW,Anomalous Pattern,NORMAL,NORMAL
2026-03-14 19:55:45,unknown,,unknown,,,0.0,0.0,0.0,0.0,0.0,0.0,0.0000,LOW,Anomalous Pattern,NORMAL,NORMAL
2026-03-14 19:55:46,unknown,,unknown,,,0.0,0.0,0.0,0.0,0.0,0.0,0.0000,LOW,Anomalous Pattern,NORMAL,NORMAL
2026-03-14 19:55:46,unknown,,unknown,,,0.0,0.0,0.0,0.0,0.0,0.0,0.0000,LOW,Anomalous Pattern,NORMAL,NORMAL
2026-03-14 19:55:46,unknown,,unknown,,,0.0,0.0,0.0,0.0,0.0,0.0,0.0000,LOW,Anomalous Pattern,NORMAL,NORMAL
2026-03-14 19:55:46,unknown,,unknown,,,0.0,0.0,0.0,0.0,0.0,0.0,0.0000,LOW,Anomalous Pattern,NORMAL,NORMAL
2026-03-14 19:55:46,unknown,,unknown,,,0.0,0.0,0.0,0.0,0.0,0.0,0.0000,LOW,Anomalous Pattern,NORMAL,NORMAL
2026-03-14 19:55:46,unknown,,unknown,,,0.0,0.0,0.0,0.0,0.0,0.0,0.0000,LOW,Anomalous Pattern,NORMAL,NORMAL
2026-03-14 19:55:46,unknown,,unknown,,,0.0,0.0,0.0,0.0,0.0,0.0,0.0000,LOW,Anomalous Pattern,NORMAL,NORMAL
2026-03-14 19:55:46,unknown,,unknown,,,0.0,0.0,0.0,0.0,0.0,0.0,0.0000,LOW,Anomalous Pattern,NORMAL,NORMAL
2026-03-14 19:55:47,unknown,,unknown,,,0.0,0.0,0.0,0.0,0.0,0.0,0.0000,LOW,Anomalous Pattern,NORMAL,NORMAL
2026-03-14 19:55:47,unknown,,unknown,,,0.0,0.0,0.0,0.0,0.0,0.0,0.0000,LOW,Anomalous Pattern,NORMAL,NORMAL
2026-03-14 19:55:47,unknown,,unknown,,,0.0,0.0,0.0,0.0,0.0,0.0,0.0000,LOW,Anomalous Pattern,NORMAL,NORMAL
2026-03-14 19:55:47,unknown,,unknown,,,0.0,0.0,0.0,0.0,0.0,0.0,0.0000,LOW,Anomalous Pattern,NORMAL,NORMAL
2026-03-14 19:55:47,unknown,,unknown,,,0.0,0.0,0.0,0.0,0.0,0.0,0.0000,LOW,Anomalous Pattern,NORMAL,NORMAL
2026-03-14 19:55:48,unknown,,unknown,,,0.0,0.0,0.0,0.0,0.0,0.0,0.0000,LOW,Anomalous Pattern,NORMAL,NORMAL
2026-03-14 19:55:48,unknown,,unknown,,,0.0,0.0,0.0,0.0,0.0,0.0,0.0000,LOW,Anomalous Pattern,NORMAL,NORMAL
2026-03-14 19:55:48,unknown,,unknown,,,0.0,0.0,0.0,0.0,0.0,0.0,0.0000,LOW,Anomalous Pattern,NORMAL,NORMAL
2026-03-14 19:55:48,unknown,,unknown,,,0.0,0.0,0.0,0.0,0.0,0.0,0.0000,LOW,Anomalous Pattern,NORMAL,NORMAL
2026-03-14 19:55:48,unknown,,unknown,,,0.0,0.0,0.0,0.0,0.0,0.0,0.0000,LOW,Anomalous Pattern,NORMAL,NORMAL
2026-03-14 19:55:49,unknown,,unknown,,,0.0,0.0,0.0,0.0,0.0,0.0,0.0000,LOW,Anomalous Pattern,NORMAL,NORMAL
2026-03-14 19:55:49,unknown,,unknown,,,0.0,0.0,0.0,0.0,0.0,0.0,0.0000,LOW,Anomalous Pattern,NORMAL,NORMAL
2026-03-14 19:55:49,unknown,,unknown,,,0.0,0.0,0.0,0.0,0.0,0.0,0.0000,LOW,Anomalous Pattern,NORMAL,NORMAL
2026-03-14 19:55:49,unknown,,unknown,,,0.0,0.0,0.0,0.0,0.0,0.0,0.0000,LOW,Anomalous Pattern,NORMAL,NORMAL
2026-03-14 19:55:49,unknown,,unknown,,,0.0,0.0,0.0,0.0,0.0,0.0,0.0000,LOW,Anomalous Pattern,NORMAL,NORMAL
2026-03-14 19:55:49,unknown,,unknown,,,0.0,0.0,0.0,0.0,0.0,0.0,0.0000,LOW,Anomalous Pattern,NORMAL,NORMAL
2026-03-14 19:55:49,unknown,,unknown,,,0.0,0.0,0.0,0.0,0.0,0.0,0.0000,LOW,Anomalous Pattern,NORMAL,NORMAL
2026-03-14 19:55:49,unknown,,unknown,,,0.0,0.0,0.0,0.0,0.0,0.0,0.0000,LOW,Anomalous Pattern,NORMAL,NORMAL
2026-03-14 19:55:50,unknown,,unknown,,,0.0,0.0,0.0,0.0,0.0,0.0,0.0000,LOW,Anomalous Pattern,NORMAL,NORMAL
2026-03-14 19:55:50,unknown,,unknown,,,0.0,0.0,0.0,0.0,0.0,0.0,0.0000,LOW,Anomalous Pattern,NORMAL,NORMAL
2026-03-14 19:55:50,unknown,,unknown,,,0.0,0.0,0.0,0.0,0.0,0.0,0.0000,LOW,Anomalous Pattern,NORMAL,NORMAL
2026-03-14 19:55:50,unknown,,unknown,,,0.0,0.0,0.0,0.0,0.0,0.0,0.0000,LOW,Anomalous Pattern,NORMAL,NORMAL
2026-03-14 19:55:50,unknown,,unknown,,,0.0,0.0,0.0,0.0,0.0,0.0,0.0000,LOW,Anomalous Pattern,NORMAL,NORMAL
2026-03-14 19:55:51,unknown,,unknown,,,0.0,0.0,0.0,0.0,0.0,0.0,0.0000,LOW,Anomalous Pattern,NORMAL,NORMAL
2026-03-14 19:55:51,unknown,,unknown,,,0.0,0.0,0.0,0.0,0.0,0.0,0.0000,LOW,Anomalous Pattern,NORMAL,NORMAL
2026-03-14 19:55:51,unknown,,unknown,,,0.0,0.0,0.0,0.0,0.0,0.0,0.0000,LOW,Anomalous Pattern,NORMAL,NORMAL
2026-03-14 19:55:51,unknown,,unknown,,,0.0,0.0,0.0,0.0,0.0,0.0,0.0000,LOW,Anomalous Pattern,NORMAL,NORMAL
2026-03-14 19:55:51,unknown,,unknown,,,0.0,0.0,0.0,0.0,0.0,0.0,0.0000,LOW,Anomalous Pattern,NORMAL,NORMAL
2026-03-14 19:55:51,unknown,,unknown,,,0.0,0.0,0.0,0.0,0.0,0.0,0.0000,LOW,Anomalous Pattern,NORMAL,NORMAL
2026-03-14 19:55:51,unknown,,unknown,,,0.0,0.0,0.0,0.0,0.0,0.0,0.0000,LOW,Anomalous Pattern,NORMAL,NORMAL
2026-03-14 19:55:51,unknown,,unknown,,,0.0,0.0,0.0,0.0,0.0,0.0,0.0000,LOW,Anomalous Pattern,NORMAL,NORMAL
2026-03-14 19:55:52,unknown,,unknown,,,0.0,0.0,0.0,0.0,0.0,0.0,0.0000,LOW,Anomalous Pattern,NORMAL,NORMAL
2026-03-14 19:55:52,unknown,,unknown,,,0.0,0.0,0.0,0.0,0.0,0.0,0.0000,LOW,Anomalous Pattern,NORMAL,NORMAL
2026-03-14 19:55:52,unknown,,unknown,,,0.0,0.0,0.0,0.0,0.0,0.0,0.0000,LOW,Anomalous Pattern,NORMAL,NORMAL
2026-03-14 19:55:52,unknown,,unknown,,,0.0,0.0,0.0,0.0,0.0,0.0,0.0000,LOW,Anomalous Pattern,NORMAL,NORMAL
2026-03-14 19:55:52,unknown,,unknown,,,0.0,0.0,0.0,0.0,0.0,0.0,0.0000,LOW,Anomalous Pattern,NORMAL,NORMAL
2026-03-14 19:55:52,unknown,,unknown,,,0.0,0.0,0.0,0.0,0.0,0.0,0.0000,LOW,Anomalous Pattern,NORMAL,NORMAL
2026-03-14 19:55:52,unknown,,unknown,,,0.0,0.0,0.0,0.0,0.0,0.0,0.0000,LOW,Anomalous Pattern,NORMAL,NORMAL
2026-03-14 19:55:52,unknown,,unknown,,,0.0,0.0,0.0,0.0,0.0,0.0,0.0000,LOW,Anomalous Pattern,NORMAL,NORMAL
2026-03-14 19:55:52,unknown,,unknown,,,0.0,0.0,0.0,0.0,0.0,0.0,0.0000,LOW,Anomalous Pattern,NORMAL,NORMAL
2026-03-14 19:55:53,unknown,,unknown,,,0.0,0.0,0.0,0.0,0.0,0.0,0.0000,LOW,Anomalous Pattern,NORMAL,NORMAL
2026-03-14 19:55:53,unknown,,unknown,,,0.0,0.0,0.0,0.0,0.0,0.0,0.0000,LOW,Anomalous Pattern,NORMAL,NORMAL
2026-03-14 19:55:53,unknown,,unknown,,,0.0,0.0,0.0,0.0,0.0,0.0,0.0000,LOW,Anomalous Pattern,NORMAL,NORMAL
2026-03-14 19:55:53,unknown,,unknown,,,0.0,0.0,0.0,0.0,0.0,0.0,0.0000,LOW,Anomalous Pattern,NORMAL,NORMAL
2026-03-14 19:55:53,unknown,,unknown,,,0.0,0.0,0.0,0.0,0.0,0.0,0.0000,LOW,Anomalous Pattern,NORMAL,NORMAL
2026-03-14 19:55:54,unknown,,unknown,,,0.0,0.0,0.0,0.0,0.0,0.0,0.0000,LOW,Anomalous Pattern,NORMAL,NORMAL
2026-03-14 19:55:54,unknown,,unknown,,,0.0,0.0,0.0,0.0,0.0,0.0,0.0000,LOW,Anomalous Pattern,NORMAL,NORMAL
2026-03-14 19:55:54,unknown,,unknown,,,0.0,0.0,0.0,0.0,0.0,0.0,0.0000,LOW,Anomalous Pattern,NORMAL,NORMAL
2026-03-14 19:55:54,unknown,,unknown,,,0.0,0.0,0.0,0.0,0.0,0.0,0.0000,LOW,Anomalous Pattern,NORMAL,NORMAL
2026-03-14 19:55:54,unknown,,unknown,,,0.0,0.0,0.0,0.0,0.0,0.0,0.0000,LOW,Anomalous Pattern,NORMAL,NORMAL
2026-03-14 19:55:54,unknown,,unknown,,,0.0,0.0,0.0,0.0,0.0,0.0,0.0000,LOW,Anomalous Pattern,NORMAL,NORMAL
2026-03-14 19:55:54,unknown,,unknown,,,0.0,0.0,0.0,0.0,0.0,0.0,0.0000,LOW,Anomalous Pattern,NORMAL,NORMAL
2026-03-14 19:55:55,unknown,,unknown,,,0.0,0.0,0.0,0.0,0.0,0.0,0.0000,LOW,Anomalous Pattern,NORMAL,NORMAL
2026-03-14 19:55:55,unknown,,unknown,,,0.0,0.0,0.0,0.0,0.0,0.0,0.0000,LOW,Anomalous Pattern,NORMAL,NORMAL
2026-03-14 19:55:55,unknown,,unknown,,,0.0,0.0,0.0,0.0,0.0,0.0,0.0000,LOW,Anomalous Pattern,NORMAL,NORMAL
2026-03-14 19:55:55,unknown,,unknown,,,0.0,0.0,0.0,0.0,0.0,0.0,0.0000,LOW,Anomalous Pattern,NORMAL,NORMAL
2026-03-14 19:55:55,unknown,,unknown,,,0.0,0.0,0.0,0.0,0.0,0.0,0.0000,LOW,Anomalous Pattern,NORMAL,NORMAL
2026-03-14 19:55:55,unknown,,unknown,,,0.0,0.0,0.0,0.0,0.0,0.0,0.0000,LOW,Anomalous Pattern,NORMAL,NORMAL
2026-03-14 19:55:55,unknown,,unknown,,,0.0,0.0,0.0,0.0,0.0,0.0,0.0000,LOW,Anomalous Pattern,NORMAL,NORMAL
2026-03-14 19:55:55,unknown,,unknown,,,0.0,0.0,0.0,0.0,0.0,0.0,0.0000,LOW,Anomalous Pattern,NORMAL,NORMAL
2026-03-14 19:55:56,unknown,,unknown,,,0.0,0.0,0.0,0.0,0.0,0.0,0.0000,LOW,Anomalous Pattern,NORMAL,NORMAL
2026-03-14 19:55:56,unknown,,unknown,,,0.0,0.0,0.0,0.0,0.0,0.0,0.0000,LOW,Anomalous Pattern,NORMAL,NORMAL
2026-03-14 19:55:56,unknown,,unknown,,,0.0,0.0,0.0,0.0,0.0,0.0,0.0000,LOW,Anomalous Pattern,NORMAL,NORMAL
2026-03-14 19:55:56,unknown,,unknown,,,0.0,0.0,0.0,0.0,0.0,0.0,0.0000,LOW,Anomalous Pattern,NORMAL,NORMAL
2026-03-14 19:55:56,unknown,,unknown,,,0.0,0.0,0.0,0.0,0.0,0.0,0.0000,LOW,Anomalous Pattern,NORMAL,NORMAL
2026-03-14 19:55:56,unknown,,unknown,,,0.0,0.0,0.0,0.0,0.0,0.0,0.0000,LOW,Anomalous Pattern,NORMAL,NORMAL
2026-03-14 19:55:56,unknown,,unknown,,,0.0,0.0,0.0,0.0,0.0,0.0,0.0000,LOW,Anomalous Pattern,NORMAL,NORMAL
2026-03-14 19:55:57,unknown,,unknown,,,0.0,0.0,0.0,0.0,0.0,0.0,0.0000,LOW,Anomalous Pattern,NORMAL,NORMAL
2026-03-14 19:55:57,unknown,,unknown,,,0.0,0.0,0.0,0.0,0.0,0.0,0.0000,LOW,Anomalous Pattern,NORMAL,NORMAL
2026-03-14 19:55:57,unknown,,unknown,,,0.0,0.0,0.0,0.0,0.0,0.0,0.0000,LOW,Anomalous Pattern,NORMAL,NORMAL
2026-03-14 19:55:57,unknown,,unknown,,,0.0,0.0,0.0,0.0,0.0,0.0,0.0000,LOW,Anomalous Pattern,NORMAL,NORMAL
2026-03-14 19:55:57,unknown,,unknown,,,0.0,0.0,0.0,0.0,0.0,0.0,0.0000,LOW,Anomalous Pattern,NORMAL,NORMAL
2026-03-14 19:55:58,unknown,,unknown,,,0.0,0.0,0.0,0.0,0.0,0.0,0.0000,LOW,Anomalous Pattern,NORMAL,NORMAL
2026-03-14 19:55:58,unknown,,unknown,,,0.0,0.0,0.0,0.0,0.0,0.0,0.0000,LOW,Anomalous Pattern,NORMAL,NORMAL
2026-03-14 19:55:58,unknown,,unknown,,,0.0,0.0,0.0,0.0,0.0,0.0,0.0000,LOW,Anomalous Pattern,NORMAL,NORMAL
2026-03-14 19:55:58,unknown,,unknown,,,0.0,0.0,0.0,0.0,0.0,0.0,0.0000,LOW,Anomalous Pattern,NORMAL,NORMAL
2026-03-14 19:55:58,unknown,,unknown,,,0.0,0.0,0.0,0.0,0.0,0.0,0.0000,LOW,Anomalous Pattern,NORMAL,NORMAL
2026-03-14 19:55:58,unknown,,unknown,,,0.0,0.0,0.0,0.0,0.0,0.0,0.0000,LOW,Anomalous Pattern,NORMAL,NORMAL
2026-03-14 19:55:58,unknown,,unknown,,,0.0,0.0,0.0,0.0,0.0,0.0,0.0000,LOW,Anomalous Pattern,NORMAL,NORMAL
2026-03-14 19:55:59,unknown,,unknown,,,0.0,0.0,0.0,0.0,0.0,0.0,0.0000,LOW,Anomalous Pattern,NORMAL,NORMAL
2026-03-14 19:55:59,unknown,,unknown,,,0.0,0.0,0.0,0.0,0.0,0.0,0.0000,LOW,Anomalous Pattern,NORMAL,NORMAL
2026-03-14 19:55:59,unknown,,unknown,,,0.0,0.0,0.0,0.0,0.0,0.0,0.0000,LOW,Anomalous Pattern,NORMAL,NORMAL
2026-03-14 19:55:59,unknown,,unknown,,,0.0,0.0,0.0,0.0,0.0,0.0,0.0000,LOW,Anomalous Pattern,NORMAL,NORMAL
2026-03-14 19:55:59,unknown,,unknown,,,0.0,0.0,0.0,0.0,0.0,0.0,0.0000,LOW,Anomalous Pattern,NORMAL,NORMAL
2026-03-14 19:55:59,unknown,,unknown,,,0.0,0.0,0.0,0.0,0.0,0.0,0.0000,LOW,Anomalous Pattern,NORMAL,NORMAL
2026-03-14 19:56:00,unknown,,unknown,,,0.0,0.0,0.0,0.0,0.0,0.0,0.0000,LOW,Anomalous Pattern,NORMAL,NORMAL
2026-03-14 19:56:00,unknown,,unknown,,,0.0,0.0,0.0,0.0,0.0,0.0,0.0000,LOW,Anomalous Pattern,NORMAL,NORMAL
2026-03-14 19:56:00,unknown,,unknown,,,0.0,0.0,0.0,0.0,0.0,0.0,0.0000,LOW,Anomalous Pattern,NORMAL,NORMAL
2026-03-14 19:56:00,unknown,,unknown,,,0.0,0.0,0.0,0.0,0.0,0.0,0.0000,LOW,Anomalous Pattern,NORMAL,NORMAL
2026-03-14 19:56:00,unknown,,unknown,,,0.0,0.0,0.0,0.0,0.0,0.0,0.0000,LOW,Anomalous Pattern,NORMAL,NORMAL
2026-03-14 19:56:00,unknown,,unknown,,,0.0,0.0,0.0,0.0,0.0,0.0,0.0000,LOW,Anomalous Pattern,NORMAL,NORMAL
2026-03-14 19:56:00,unknown,,unknown,,,0.0,0.0,0.0,0.0,0.0,0.0,0.0000,LOW,Anomalous Pattern,NORMAL,NORMAL
2026-03-14 19:56:01,unknown,,unknown,,,0.0,0.0,0.0,0.0,0.0,0.0,0.0000,LOW,Anomalous Pattern,NORMAL,NORMAL
2026-03-14 19:56:01,unknown,,unknown,,,0.0,0.0,0.0,0.0,0.0,0.0,0.0000,LOW,Anomalous Pattern,NORMAL,NORMAL
2026-03-14 19:56:01,unknown,,unknown,,,0.0,0.0,0.0,0.0,0.0,0.0,0.0000,LOW,Anomalous Pattern,NORMAL,NORMAL
2026-03-14 19:56:01,unknown,,unknown,,,0.0,0.0,0.0,0.0,0.0,0.0,0.0000,LOW,Anomalous Pattern,NORMAL,NORMAL
2026-03-14 19:56:01,unknown,,unknown,,,0.0,0.0,0.0,0.0,0.0,0.0,0.0000,LOW,Anomalous Pattern,NORMAL,NORMAL
2026-03-14 19:56:01,unknown,,unknown,,,0.0,0.0,0.0,0.0,0.0,0.0,0.0000,LOW,Anomalous Pattern,NORMAL,NORMAL
2026-03-14 19:56:01,unknown,,unknown,,,0.0,0.0,0.0,0.0,0.0,0.0,0.0000,LOW,Anomalous Pattern,NORMAL,NORMAL
2026-03-14 19:56:01,unknown,,unknown,,,0.0,0.0,0.0,0.0,0.0,0.0,0.0000,LOW,Anomalous Pattern,NORMAL,NORMAL
2026-03-14 19:56:02,unknown,,unknown,,,0.0,0.0,0.0,0.0,0.0,0.0,0.0000,LOW,Anomalous Pattern,NORMAL,NORMAL
2026-03-14 19:56:02,unknown,,unknown,,,0.0,0.0,0.0,0.0,0.0,0.0,0.0000,LOW,Anomalous Pattern,NORMAL,NORMAL
2026-03-14 19:56:02,unknown,,unknown,,,0.0,0.0,0.0,0.0,0.0,0.0,0.0000,LOW,Anomalous Pattern,NORMAL,NORMAL
2026-03-14 19:56:02,unknown,,unknown,,,0.0,0.0,0.0,0.0,0.0,0.0,0.0000,LOW,Anomalous Pattern,NORMAL,NORMAL
2026-03-14 19:56:02,unknown,,unknown,,,0.0,0.0,0.0,0.0,0.0,0.0,0.0000,LOW,Anomalous Pattern,NORMAL,NORMAL
2026-03-14 19:56:03,unknown,,unknown,,,0.0,0.0,0.0,0.0,0.0,0.0,0.0000,LOW,Anomalous Pattern,NORMAL,NORMAL
2026-03-14 19:56:03,unknown,,unknown,,,0.0,0.0,0.0,0.0,0.0,0.0,0.0000,LOW,Anomalous Pattern,NORMAL,NORMAL
2026-03-14 19:56:03,unknown,,unknown,,,0.0,0.0,0.0,0.0,0.0,0.0,0.0000,LOW,Anomalous Pattern,NORMAL,NORMAL
2026-03-14 19:56:03,unknown,,unknown,,,0.0,0.0,0.0,0.0,0.0,0.0,0.0000,LOW,Anomalous Pattern,NORMAL,NORMAL
2026-03-14 19:56:03,unknown,,unknown,,,0.0,0.0,0.0,0.0,0.0,0.0,0.0000,LOW,Anomalous Pattern,NORMAL,NORMAL
2026-03-14 19:56:03,unknown,,unknown,,,0.0,0.0,0.0,0.0,0.0,0.0,0.0000,LOW,Anomalous Pattern,NORMAL,NORMAL
2026-03-14 19:56:03,unknown,,unknown,,,0.0,0.0,0.0,0.0,0.0,0.0,0.0000,LOW,Anomalous Pattern,NORMAL,NORMAL
2026-03-14 19:56:04,unknown,,unknown,,,0.0,0.0,0.0,0.0,0.0,0.0,0.0000,LOW,Anomalous Pattern,NORMAL,NORMAL
2026-03-14 19:56:04,unknown,,unknown,,,0.0,0.0,0.0,0.0,0.0,0.0,0.0000,LOW,Anomalous Pattern,NORMAL,NORMAL
2026-03-14 19:56:04,unknown,,unknown,,,0.0,0.0,0.0,0.0,0.0,0.0,0.0000,LOW,Anomalous Pattern,NORMAL,NORMAL
2026-03-14 19:56:05,unknown,,unknown,,,0.0,0.0,0.0,0.0,0.0,0.0,0.0000,LOW,Anomalous Pattern,NORMAL,NORMAL
2026-03-14 19:56:05,unknown,,unknown,,,0.0,0.0,0.0,0.0,0.0,0.0,0.0000,LOW,Anomalous Pattern,NORMAL,NORMAL
2026-03-14 19:56:05,unknown,,unknown,,,0.0,0.0,0.0,0.0,0.0,0.0,0.0000,LOW,Anomalous Pattern,NORMAL,NORMAL
2026-03-14 19:56:05,unknown,,unknown,,,0.0,0.0,0.0,0.0,0.0,0.0,0.0000,LOW,Anomalous Pattern,NORMAL,NORMAL
2026-03-14 19:56:05,unknown,,unknown,,,0.0,0.0,0.0,0.0,0.0,0.0,0.0000,LOW,Anomalous Pattern,NORMAL,NORMAL
2026-03-14 19:56:05,unknown,,unknown,,,0.0,0.0,0.0,0.0,0.0,0.0,0.0000,LOW,Anomalous Pattern,NORMAL,NORMAL
2026-03-14 19:56:06,unknown,,unknown,,,0.0,0.0,0.0,0.0,0.0,0.0,0.0000,LOW,Anomalous Pattern,NORMAL,NORMAL
2026-03-14 19:56:06,unknown,,unknown,,,0.0,0.0,0.0,0.0,0.0,0.0,0.0000,LOW,Anomalous Pattern,NORMAL,NORMAL
2026-03-14 19:56:06,unknown,,unknown,,,0.0,0.0,0.0,0.0,0.0,0.0,0.0000,LOW,Anomalous Pattern,NORMAL,NORMAL
2026-03-14 19:56:06,unknown,,unknown,,,0.0,0.0,0.0,0.0,0.0,0.0,0.0000,LOW,Anomalous Pattern,NORMAL,NORMAL
2026-03-14 19:56:06,unknown,,unknown,,,0.0,0.0,0.0,0.0,0.0,0.0,0.0000,LOW,Anomalous Pattern,NORMAL,NORMAL
2026-03-14 19:56:06,unknown,,unknown,,,0.0,0.0,0.0,0.0,0.0,0.0,0.0000,LOW,Anomalous Pattern,NORMAL,NORMAL
2026-03-14 19:56:07,unknown,,unknown,,,0.0,0.0,0.0,0.0,0.0,0.0,0.0000,LOW,Anomalous Pattern,NORMAL,NORMAL
2026-03-14 19:56:07,unknown,,unknown,,,0.0,0.0,0.0,0.0,0.0,0.0,0.0000,LOW,Anomalous Pattern,NORMAL,NORMAL
2026-03-14 19:56:07,unknown,,unknown,,,0.0,0.0,0.0,0.0,0.0,0.0,0.0000,LOW,Anomalous Pattern,NORMAL,NORMAL
2026-03-14 19:56:07,unknown,,unknown,,,0.0,0.0,0.0,0.0,0.0,0.0,0.0000,LOW,Anomalous Pattern,NORMAL,NORMAL
2026-03-14 19:56:07,unknown,,unknown,,,0.0,0.0,0.0,0.0,0.0,0.0,0.0000,LOW,Anomalous Pattern,NORMAL,NORMAL
2026-03-14 19:56:07,unknown,,unknown,,,0.0,0.0,0.0,0.0,0.0,0.0,0.0000,LOW,Anomalous Pattern,NORMAL,NORMAL
2026-03-14 19:56:08,unknown,,unknown,,,0.0,0.0,0.0,0.0,0.0,0.0,0.0000,LOW,Anomalous Pattern,NORMAL,NORMAL
2026-03-14 19:56:08,unknown,,unknown,,,0.0,0.0,0.0,0.0,0.0,0.0,0.0000,LOW,Anomalous Pattern,NORMAL,NORMAL
2026-03-14 19:56:08,unknown,,unknown,,,0.0,0.0,0.0,0.0,0.0,0.0,0.0000,LOW,Anomalous Pattern,NORMAL,NORMAL
2026-03-14 19:56:08,unknown,,unknown,,,0.0,0.0,0.0,0.0,0.0,0.0,0.0000,LOW,Anomalous Pattern,NORMAL,NORMAL
2026-03-14 19:56:08,unknown,,unknown,,,0.0,0.0,0.0,0.0,0.0,0.0,0.0000,LOW,Anomalous Pattern,NORMAL,NORMAL
2026-03-14 19:56:08,unknown,,unknown,,,0.0,0.0,0.0,0.0,0.0,0.0,0.0000,LOW,Anomalous Pattern,NORMAL,NORMAL
2026-03-14 19:56:08,unknown,,unknown,,,0.0,0.0,0.0,0.0,0.0,0.0,0.0000,LOW,Anomalous Pattern,NORMAL,NORMAL
2026-03-14 19:56:09,unknown,,unknown,,,0.0,0.0,0.0,0.0,0.0,0.0,0.0000,LOW,Anomalous Pattern,NORMAL,NORMAL
2026-03-14 19:56:09,unknown,,unknown,,,0.0,0.0,0.0,0.0,0.0,0.0,0.0000,LOW,Anomalous Pattern,NORMAL,NORMAL
2026-03-14 19:56:09,unknown,,unknown,,,0.0,0.0,0.0,0.0,0.0,0.0,0.0000,LOW,Anomalous Pattern,NORMAL,NORMAL
2026-03-14 19:56:09,unknown,,unknown,,,0.0,0.0,0.0,0.0,0.0,0.0,0.0000,LOW,Anomalous Pattern,NORMAL,NORMAL
2026-03-14 19:56:09,unknown,,unknown,,,0.0,0.0,0.0,0.0,0.0,0.0,0.0000,LOW,Anomalous Pattern,NORMAL,NORMAL
2026-03-14 19:56:09,unknown,,unknown,,,0.0,0.0,0.0,0.0,0.0,0.0,0.0000,LOW,Anomalous Pattern,NORMAL,NORMAL
2026-03-14 19:56:10,unknown,,unknown,,,0.0,0.0,0.0,0.0,0.0,0.0,0.0000,LOW,Anomalous Pattern,NORMAL,NORMAL
2026-03-14 19:56:10,unknown,,unknown,,,0.0,0.0,0.0,0.0,0.0,0.0,0.0000,LOW,Anomalous Pattern,NORMAL,NORMAL
2026-03-14 19:56:10,unknown,,unknown,,,0.0,0.0,0.0,0.0,0.0,0.0,0.0000,LOW,Anomalous Pattern,NORMAL,NORMAL
2026-03-14 19:56:10,unknown,,unknown,,,0.0,0.0,0.0,0.0,0.0,0.0,0.0000,LOW,Anomalous Pattern,NORMAL,NORMAL
2026-03-14 19:56:10,unknown,,unknown,,,0.0,0.0,0.0,0.0,0.0,0.0,0.0000,LOW,Anomalous Pattern,NORMAL,NORMAL
2026-03-14 19:56:10,unknown,,unknown,,,0.0,0.0,0.0,0.0,0.0,0.0,0.0000,LOW,Anomalous Pattern,NORMAL,NORMAL
2026-03-14 19:56:10,unknown,,unknown,,,0.0,0.0,0.0,0.0,0.0,0.0,0.0000,LOW,Anomalous Pattern,NORMAL,NORMAL
2026-03-14 19:56:10,unknown,,unknown,,,0.0,0.0,0.0,0.0,0.0,0.0,0.0000,LOW,Anomalous Pattern,NORMAL,NORMAL
2026-03-14 19:56:10,unknown,,unknown,,,0.0,0.0,0.0,0.0,0.0,0.0,0.0000,LOW,Anomalous Pattern,NORMAL,NORMAL
2026-03-14 19:56:11,unknown,,unknown,,,0.0,0.0,0.0,0.0,0.0,0.0,0.0000,LOW,Anomalous Pattern,NORMAL,NORMAL
2026-03-14 19:56:11,unknown,,unknown,,,0.0,0.0,0.0,0.0,0.0,0.0,0.0000,LOW,Anomalous Pattern,NORMAL,NORMAL
2026-03-14 19:56:11,unknown,,unknown,,,0.0,0.0,0.0,0.0,0.0,0.0,0.0000,LOW,Anomalous Pattern,NORMAL,NORMAL
2026-03-14 19:56:11,unknown,,unknown,,,0.0,0.0,0.0,0.0,0.0,0.0,0.0000,LOW,Anomalous Pattern,NORMAL,NORMAL
2026-03-14 19:56:11,unknown,,unknown,,,0.0,0.0,0.0,0.0,0.0,0.0,0.0000,LOW,Anomalous Pattern,NORMAL,NORMAL
2026-03-14 19:56:11,unknown,,unknown,,,0.0,0.0,0.0,0.0,0.0,0.0,0.0000,LOW,Anomalous Pattern,NORMAL,NORMAL
2026-03-14 19:56:11,unknown,,unknown,,,0.0,0.0,0.0,0.0,0.0,0.0,0.0000,LOW,Anomalous Pattern,NORMAL,NORMAL
2026-03-14 19:56:11,unknown,,unknown,,,0.0,0.0,0.0,0.0,0.0,0.0,0.0000,LOW,Anomalous Pattern,NORMAL,NORMAL
2026-03-14 19:56:11,unknown,,unknown,,,0.0,0.0,0.0,0.0,0.0,0.0,0.0000,LOW,Anomalous Pattern,NORMAL,NORMAL
2026-03-14 19:56:11,unknown,,unknown,,,0.0,0.0,0.0,0.0,0.0,0.0,0.0000,LOW,Anomalous Pattern,NORMAL,NORMAL
2026-03-14 19:56:12,unknown,,unknown,,,0.0,0.0,0.0,0.0,0.0,0.0,0.0000,LOW,Anomalous Pattern,NORMAL,NORMAL
2026-03-14 19:56:12,unknown,,unknown,,,0.0,0.0,0.0,0.0,0.0,0.0,0.0000,LOW,Anomalous Pattern,NORMAL,NORMAL
2026-03-14 19:56:12,unknown,,unknown,,,0.0,0.0,0.0,0.0,0.0,0.0,0.0000,LOW,Anomalous Pattern,NORMAL,NORMAL
2026-03-14 19:56:12,unknown,,unknown,,,0.0,0.0,0.0,0.0,0.0,0.0,0.0000,LOW,Anomalous Pattern,NORMAL,NORMAL
2026-03-14 19:56:12,unknown,,unknown,,,0.0,0.0,0.0,0.0,0.0,0.0,0.0000,LOW,Anomalous Pattern,NORMAL,NORMAL
2026-03-14 19:56:12,unknown,,unknown,,,0.0,0.0,0.0,0.0,0.0,0.0,0.0000,LOW,Anomalous Pattern,NORMAL,NORMAL
2026-03-14 19:56:12,unknown,,unknown,,,0.0,0.0,0.0,0.0,0.0,0.0,0.0000,LOW,Anomalous Pattern,NORMAL,NORMAL
2026-03-14 19:56:12,unknown,,unknown,,,0.0,0.0,0.0,0.0,0.0,0.0,0.0000,LOW,Anomalous Pattern,NORMAL,NORMAL
2026-03-14 19:56:13,unknown,,unknown,,,0.0,0.0,0.0,0.0,0.0,0.0,0.0000,LOW,Anomalous Pattern,NORMAL,NORMAL
2026-03-14 19:56:13,unknown,,unknown,,,0.0,0.0,0.0,0.0,0.0,0.0,0.0000,LOW,Anomalous Pattern,NORMAL,NORMAL
2026-03-14 19:56:13,unknown,,unknown,,,0.0,0.0,0.0,0.0,0.0,0.0,0.0000,LOW,Anomalous Pattern,NORMAL,NORMAL
2026-03-14 19:56:13,unknown,,unknown,,,0.0,0.0,0.0,0.0,0.0,0.0,0.0000,LOW,Anomalous Pattern,NORMAL,NORMAL
2026-03-14 19:56:13,unknown,,unknown,,,0.0,0.0,0.0,0.0,0.0,0.0,0.0000,LOW,Anomalous Pattern,NORMAL,NORMAL
2026-03-14 19:56:13,unknown,,unknown,,,0.0,0.0,0.0,0.0,0.0,0.0,0.0000,LOW,Anomalous Pattern,NORMAL,NORMAL
2026-03-14 19:56:13,unknown,,unknown,,,0.0,0.0,0.0,0.0,0.0,0.0,0.0000,LOW,Anomalous Pattern,NORMAL,NORMAL
2026-03-14 19:56:13,unknown,,unknown,,,0.0,0.0,0.0,0.0,0.0,0.0,0.0000,LOW,Anomalous Pattern,NORMAL,NORMAL
2026-03-14 19:56:14,unknown,,unknown,,,0.0,0.0,0.0,0.0,0.0,0.0,0.0000,LOW,Anomalous Pattern,NORMAL,NORMAL
2026-03-14 19:56:14,unknown,,unknown,,,0.0,0.0,0.0,0.0,0.0,0.0,0.0000,LOW,Anomalous Pattern,NORMAL,NORMAL
2026-03-14 19:56:14,unknown,,unknown,,,0.0,0.0,0.0,0.0,0.0,0.0,0.0000,LOW,Anomalous Pattern,NORMAL,NORMAL
2026-03-14 19:56:14,unknown,,unknown,,,0.0,0.0,0.0,0.0,0.0,0.0,0.0000,LOW,Anomalous Pattern,NORMAL,NORMAL
2026-03-14 19:56:14,unknown,,unknown,,,0.0,0.0,0.0,0.0,0.0,0.0,0.0000,LOW,Anomalous Pattern,NORMAL,NORMAL
2026-03-14 19:56:14,unknown,,unknown,,,0.0,0.0,0.0,0.0,0.0,0.0,0.0000,LOW,Anomalous Pattern,NORMAL,NORMAL
2026-03-14 19:56:14,unknown,,unknown,,,0.0,0.0,0.0,0.0,0.0,0.0,0.0000,LOW,Anomalous Pattern,NORMAL,NORMAL
2026-03-14 19:56:15,unknown,,unknown,,,0.0,0.0,0.0,0.0,0.0,0.0,0.0000,LOW,Anomalous Pattern,NORMAL,NORMAL
2026-03-14 19:56:15,unknown,,unknown,,,0.0,0.0,0.0,0.0,0.0,0.0,0.0000,LOW,Anomalous Pattern,NORMAL,NORMAL
2026-03-14 19:56:15,unknown,,unknown,,,0.0,0.0,0.0,0.0,0.0,0.0,0.0000,LOW,Anomalous Pattern,NORMAL,NORMAL
2026-03-14 19:56:15,unknown,,unknown,,,0.0,0.0,0.0,0.0,0.0,0.0,0.0000,LOW,Anomalous Pattern,NORMAL,NORMAL
2026-03-14 19:56:15,unknown,,unknown,,,0.0,0.0,0.0,0.0,0.0,0.0,0.0000,LOW,Anomalous Pattern,NORMAL,NORMAL
2026-03-14 19:56:15,unknown,,unknown,,,0.0,0.0,0.0,0.0,0.0,0.0,0.0000,LOW,Anomalous Pattern,NORMAL,NORMAL
2026-03-14 19:56:15,unknown,,unknown,,,0.0,0.0,0.0,0.0,0.0,0.0,0.0000,LOW,Anomalous Pattern,NORMAL,NORMAL
2026-03-14 19:56:15,unknown,,unknown,,,0.0,0.0,0.0,0.0,0.0,0.0,0.0000,LOW,Anomalous Pattern,NORMAL,NORMAL
2026-03-14 19:56:15,unknown,,unknown,,,0.0,0.0,0.0,0.0,0.0,0.0,0.0000,LOW,Anomalous Pattern,NORMAL,NORMAL
2026-03-14 19:56:16,unknown,,unknown,,,0.0,0.0,0.0,0.0,0.0,0.0,0.0000,LOW,Anomalous Pattern,NORMAL,NORMAL
2026-03-14 19:56:16,unknown,,unknown,,,0.0,0.0,0.0,0.0,0.0,0.0,0.0000,LOW,Anomalous Pattern,NORMAL,NORMAL
2026-03-14 19:56:16,unknown,,unknown,,,0.0,0.0,0.0,0.0,0.0,0.0,0.0000,LOW,Anomalous Pattern,NORMAL,NORMAL
2026-03-14 19:56:16,unknown,,unknown,,,0.0,0.0,0.0,0.0,0.0,0.0,0.0000,LOW,Anomalous Pattern,NORMAL,NORMAL
2026-03-14 19:56:16,unknown,,unknown,,,0.0,0.0,0.0,0.0,0.0,0.0,0.0000,LOW,Anomalous Pattern,NORMAL,NORMAL
2026-03-14 19:56:16,unknown,,unknown,,,0.0,0.0,0.0,0.0,0.0,0.0,0.0000,LOW,Anomalous Pattern,NORMAL,NORMAL
2026-03-14 19:56:16,unknown,,unknown,,,0.0,0.0,0.0,0.0,0.0,0.0,0.0000,LOW,Anomalous Pattern,NORMAL,NORMAL
2026-03-14 19:56:16,unknown,,unknown,,,0.0,0.0,0.0,0.0,0.0,0.0,0.0000,LOW,Anomalous Pattern,NORMAL,NORMAL
2026-03-14 19:56:16,unknown,,unknown,,,0.0,0.0,0.0,0.0,0.0,0.0,0.0000,LOW,Anomalous Pattern,NORMAL,NORMAL
2026-03-14 19:56:17,unknown,,unknown,,,0.0,0.0,0.0,0.0,0.0,0.0,0.0000,LOW,Anomalous Pattern,NORMAL,NORMAL
2026-03-14 19:56:17,unknown,,unknown,,,0.0,0.0,0.0,0.0,0.0,0.0,0.0000,LOW,Anomalous Pattern,NORMAL,NORMAL
2026-03-14 19:56:17,unknown,,unknown,,,0.0,0.0,0.0,0.0,0.0,0.0,0.0000,LOW,Anomalous Pattern,NORMAL,NORMAL
2026-03-14 19:56:17,unknown,,unknown,,,0.0,0.0,0.0,0.0,0.0,0.0,0.0000,LOW,Anomalous Pattern,NORMAL,NORMAL
2026-03-14 19:56:17,unknown,,unknown,,,0.0,0.0,0.0,0.0,0.0,0.0,0.0000,LOW,Anomalous Pattern,NORMAL,NORMAL
2026-03-14 19:56:17,unknown,,unknown,,,0.0,0.0,0.0,0.0,0.0,0.0,0.0000,LOW,Anomalous Pattern,NORMAL,NORMAL
2026-03-14 19:56:17,unknown,,unknown,,,0.0,0.0,0.0,0.0,0.0,0.0,0.0000,LOW,Anomalous Pattern,NORMAL,NORMAL
2026-03-14 19:56:17,unknown,,unknown,,,0.0,0.0,0.0,0.0,0.0,0.0,0.0000,LOW,Anomalous Pattern,NORMAL,NORMAL
2026-03-14 19:56:17,unknown,,unknown,,,0.0,0.0,0.0,0.0,0.0,0.0,0.0000,LOW,Anomalous Pattern,NORMAL,NORMAL
2026-03-14 19:56:17,unknown,,unknown,,,0.0,0.0,0.0,0.0,0.0,0.0,0.0000,LOW,Anomalous Pattern,NORMAL,NORMAL
2026-03-14 19:56:18,unknown,,unknown,,,0.0,0.0,0.0,0.0,0.0,0.0,0.0000,LOW,Anomalous Pattern,NORMAL,NORMAL
2026-03-14 19:56:18,unknown,,unknown,,,0.0,0.0,0.0,0.0,0.0,0.0,0.0000,LOW,Anomalous Pattern,NORMAL,NORMAL
2026-03-14 19:56:18,unknown,,unknown,,,0.0,0.0,0.0,0.0,0.0,0.0,0.0000,LOW,Anomalous Pattern,NORMAL,NORMAL
2026-03-14 19:56:18,unknown,,unknown,,,0.0,0.0,0.0,0.0,0.0,0.0,0.0000,LOW,Anomalous Pattern,NORMAL,NORMAL
2026-03-14 19:56:18,unknown,,unknown,,,0.0,0.0,0.0,0.0,0.0,0.0,0.0000,LOW,Anomalous Pattern,NORMAL,NORMAL
2026-03-14 19:56:18,unknown,,unknown,,,0.0,0.0,0.0,0.0,0.0,0.0,0.0000,LOW,Anomalous Pattern,NORMAL,NORMAL
2026-03-14 19:56:18,unknown,,unknown,,,0.0,0.0,0.0,0.0,0.0,0.0,0.0000,LOW,Anomalous Pattern,NORMAL,NORMAL
2026-03-14 19:56:18,unknown,,unknown,,,0.0,0.0,0.0,0.0,0.0,0.0,0.0000,LOW,Anomalous Pattern,NORMAL,NORMAL
2026-03-14 19:56:18,unknown,,unknown,,,0.0,0.0,0.0,0.0,0.0,0.0,0.0000,LOW,Anomalous Pattern,NORMAL,NORMAL
2026-03-14 19:56:18,unknown,,unknown,,,0.0,0.0,0.0,0.0,0.0,0.0,0.0000,LOW,Anomalous Pattern,NORMAL,NORMAL
2026-03-14 19:56:19,unknown,,unknown,,,0.0,0.0,0.0,0.0,0.0,0.0,0.0000,LOW,Anomalous Pattern,NORMAL,NORMAL
2026-03-14 19:56:19,unknown,,unknown,,,0.0,0.0,0.0,0.0,0.0,0.0,0.0000,LOW,Anomalous Pattern,NORMAL,NORMAL
2026-03-14 19:56:19,unknown,,unknown,,,0.0,0.0,0.0,0.0,0.0,0.0,0.0000,LOW,Anomalous Pattern,NORMAL,NORMAL
2026-03-14 19:56:19,unknown,,unknown,,,0.0,0.0,0.0,0.0,0.0,0.0,0.0000,LOW,Anomalous Pattern,NORMAL,NORMAL
2026-03-14 19:56:19,unknown,,unknown,,,0.0,0.0,0.0,0.0,0.0,0.0,0.0000,LOW,Anomalous Pattern,NORMAL,NORMAL
2026-03-14 19:56:19,unknown,,unknown,,,0.0,0.0,0.0,0.0,0.0,0.0,0.0000,LOW,Anomalous Pattern,NORMAL,NORMAL
2026-03-14 19:56:19,unknown,,unknown,,,0.0,0.0,0.0,0.0,0.0,0.0,0.0000,LOW,Anomalous Pattern,NORMAL,NORMAL
2026-03-14 19:56:19,unknown,,unknown,,,0.0,0.0,0.0,0.0,0.0,0.0,0.0000,LOW,Anomalous Pattern,NORMAL,NORMAL
2026-03-14 19:56:20,unknown,,unknown,,,0.0,0.0,0.0,0.0,0.0,0.0,0.0000,LOW,Anomalous Pattern,NORMAL,NORMAL
2026-03-14 19:56:20,unknown,,unknown,,,0.0,0.0,0.0,0.0,0.0,0.0,0.0000,LOW,Anomalous Pattern,NORMAL,NORMAL
2026-03-14 19:56:20,unknown,,unknown,,,0.0,0.0,0.0,0.0,0.0,0.0,0.0000,LOW,Anomalous Pattern,NORMAL,NORMAL
2026-03-14 19:56:20,unknown,,unknown,,,0.0,0.0,0.0,0.0,0.0,0.0,0.0000,LOW,Anomalous Pattern,NORMAL,NORMAL
2026-03-14 19:56:20,unknown,,unknown,,,0.0,0.0,0.0,0.0,0.0,0.0,0.0000,LOW,Anomalous Pattern,NORMAL,NORMAL
2026-03-14 19:56:20,unknown,,unknown,,,0.0,0.0,0.0,0.0,0.0,0.0,0.0000,LOW,Anomalous Pattern,NORMAL,NORMAL
2026-03-14 19:56:20,unknown,,unknown,,,0.0,0.0,0.0,0.0,0.0,0.0,0.0000,LOW,Anomalous Pattern,NORMAL,NORMAL
2026-03-14 19:56:20,unknown,,unknown,,,0.0,0.0,0.0,0.0,0.0,0.0,0.0000,LOW,Anomalous Pattern,NORMAL,NORMAL
2026-03-14 19:56:20,unknown,,unknown,,,0.0,0.0,0.0,0.0,0.0,0.0,0.0000,LOW,Anomalous Pattern,NORMAL,NORMAL
2026-03-14 19:56:20,unknown,,unknown,,,0.0,0.0,0.0,0.0,0.0,0.0,0.0000,LOW,Anomalous Pattern,NORMAL,NORMAL
2026-03-14 19:56:20,unknown,,unknown,,,0.0,0.0,0.0,0.0,0.0,0.0,0.0000,LOW,Anomalous Pattern,NORMAL,NORMAL
2026-03-14 19:56:20,unknown,,unknown,,,0.0,0.0,0.0,0.0,0.0,0.0,0.0000,LOW,Anomalous Pattern,NORMAL,NORMAL
2026-03-14 19:56:20,unknown,,unknown,,,0.0,0.0,0.0,0.0,0.0,0.0,0.0000,LOW,Anomalous Pattern,NORMAL,NORMAL
2026-03-14 19:56:21,unknown,,unknown,,,0.0,0.0,0.0,0.0,0.0,0.0,0.0000,LOW,Anomalous Pattern,NORMAL,NORMAL
2026-03-14 19:56:21,unknown,,unknown,,,0.0,0.0,0.0,0.0,0.0,0.0,0.0000,LOW,Anomalous Pattern,NORMAL,NORMAL
2026-03-14 19:56:21,unknown,,unknown,,,0.0,0.0,0.0,0.0,0.0,0.0,0.0000,LOW,Anomalous Pattern,NORMAL,NORMAL
2026-03-14 19:56:21,unknown,,unknown,,,0.0,0.0,0.0,0.0,0.0,0.0,0.0000,LOW,Anomalous Pattern,NORMAL,NORMAL
2026-03-14 19:56:21,unknown,,unknown,,,0.0,0.0,0.0,0.0,0.0,0.0,0.0000,LOW,Anomalous Pattern,NORMAL,NORMAL
2026-03-14 19:56:21,unknown,,unknown,,,0.0,0.0,0.0,0.0,0.0,0.0,0.0000,LOW,Anomalous Pattern,NORMAL,NORMAL
2026-03-14 19:56:21,unknown,,unknown,,,0.0,0.0,0.0,0.0,0.0,0.0,0.0000,LOW,Anomalous Pattern,NORMAL,NORMAL
2026-03-14 19:56:21,unknown,,unknown,,,0.0,0.0,0.0,0.0,0.0,0.0,0.0000,LOW,Anomalous Pattern,NORMAL,NORMAL
2026-03-14 19:56:21,unknown,,unknown,,,0.0,0.0,0.0,0.0,0.0,0.0,0.0000,LOW,Anomalous Pattern,NORMAL,NORMAL
2026-03-14 19:56:21,unknown,,unknown,,,0.0,0.0,0.0,0.0,0.0,0.0,0.0000,LOW,Anomalous Pattern,NORMAL,NORMAL
2026-03-14 19:56:21,unknown,,unknown,,,0.0,0.0,0.0,0.0,0.0,0.0,0.0000,LOW,Anomalous Pattern,NORMAL,NORMAL
2026-03-14 19:56:21,unknown,,unknown,,,0.0,0.0,0.0,0.0,0.0,0.0,0.0000,LOW,Anomalous Pattern,NORMAL,NORMAL
2026-03-14 19:56:21,unknown,,unknown,,,0.0,0.0,0.0,0.0,0.0,0.0,0.0000,LOW,Anomalous Pattern,NORMAL,NORMAL
2026-03-14 19:56:21,unknown,,unknown,,,0.0,0.0,0.0,0.0,0.0,0.0,0.0000,LOW,Anomalous Pattern,NORMAL,NORMAL
2026-03-14 19:56:21,unknown,,unknown,,,0.0,0.0,0.0,0.0,0.0,0.0,0.0000,LOW,Anomalous Pattern,NORMAL,NORMAL
2026-03-14 19:56:22,unknown,,unknown,,,0.0,0.0,0.0,0.0,0.0,0.0,0.0000,LOW,Anomalous Pattern,NORMAL,NORMAL
2026-03-14 19:56:22,unknown,,unknown,,,0.0,0.0,0.0,0.0,0.0,0.0,0.0000,LOW,Anomalous Pattern,NORMAL,NORMAL
2026-03-14 19:56:22,unknown,,unknown,,,0.0,0.0,0.0,0.0,0.0,0.0,0.0000,LOW,Anomalous Pattern,NORMAL,NORMAL
2026-03-14 19:56:22,unknown,,unknown,,,0.0,0.0,0.0,0.0,0.0,0.0,0.0000,LOW,Anomalous Pattern,NORMAL,NORMAL
2026-03-14 19:56:22,unknown,,unknown,,,0.0,0.0,0.0,0.0,0.0,0.0,0.0000,LOW,Anomalous Pattern,NORMAL,NORMAL
2026-03-14 19:56:22,unknown,,unknown,,,0.0,0.0,0.0,0.0,0.0,0.0,0.0000,LOW,Anomalous Pattern,NORMAL,NORMAL
2026-03-14 19:56:22,unknown,,unknown,,,0.0,0.0,0.0,0.0,0.0,0.0,0.0000,LOW,Anomalous Pattern,NORMAL,NORMAL
2026-03-14 19:56:22,unknown,,unknown,,,0.0,0.0,0.0,0.0,0.0,0.0,0.0000,LOW,Anomalous Pattern,NORMAL,NORMAL
2026-03-14 19:56:22,unknown,,unknown,,,0.0,0.0,0.0,0.0,0.0,0.0,0.0000,LOW,Anomalous Pattern,NORMAL,NORMAL
2026-03-14 19:56:23,unknown,,unknown,,,0.0,0.0,0.0,0.0,0.0,0.0,0.0000,LOW,Anomalous Pattern,NORMAL,NORMAL
2026-03-14 19:56:23,unknown,,unknown,,,0.0,0.0,0.0,0.0,0.0,0.0,0.0000,LOW,Anomalous Pattern,NORMAL,NORMAL
2026-03-14 19:56:23,unknown,,unknown,,,0.0,0.0,0.0,0.0,0.0,0.0,0.0000,LOW,Anomalous Pattern,NORMAL,NORMAL
2026-03-14 19:56:23,unknown,,unknown,,,0.0,0.0,0.0,0.0,0.0,0.0,0.0000,LOW,Anomalous Pattern,NORMAL,NORMAL
2026-03-14 19:56:23,unknown,,unknown,,,0.0,0.0,0.0,0.0,0.0,0.0,0.0000,LOW,Anomalous Pattern,NORMAL,NORMAL
2026-03-14 19:56:23,unknown,,unknown,,,0.0,0.0,0.0,0.0,0.0,0.0,0.0000,LOW,Anomalous Pattern,NORMAL,NORMAL
2026-03-14 19:56:23,unknown,,unknown,,,0.0,0.0,0.0,0.0,0.0,0.0,0.0000,LOW,Anomalous Pattern,NORMAL,NORMAL
2026-03-14 19:56:23,unknown,,unknown,,,0.0,0.0,0.0,0.0,0.0,0.0,0.0000,LOW,Anomalous Pattern,NORMAL,NORMAL
2026-03-14 19:56:23,unknown,,unknown,,,0.0,0.0,0.0,0.0,0.0,0.0,0.0000,LOW,Anomalous Pattern,NORMAL,NORMAL
2026-03-14 19:56:23,unknown,,unknown,,,0.0,0.0,0.0,0.0,0.0,0.0,0.0000,LOW,Anomalous Pattern,NORMAL,NORMAL
2026-03-14 19:56:24,unknown,,unknown,,,0.0,0.0,0.0,0.0,0.0,0.0,0.0000,LOW,Anomalous Pattern,NORMAL,NORMAL
2026-03-14 19:56:24,unknown,,unknown,,,0.0,0.0,0.0,0.0,0.0,0.0,0.0000,LOW,Anomalous Pattern,NORMAL,NORMAL
2026-03-14 19:56:24,unknown,,unknown,,,0.0,0.0,0.0,0.0,0.0,0.0,0.0000,LOW,Anomalous Pattern,NORMAL,NORMAL
2026-03-14 19:56:24,unknown,,unknown,,,0.0,0.0,0.0,0.0,0.0,0.0,0.0000,LOW,Anomalous Pattern,NORMAL,NORMAL
2026-03-14 19:56:24,unknown,,unknown,,,0.0,0.0,0.0,0.0,0.0,0.0,0.0000,LOW,Anomalous Pattern,NORMAL,NORMAL
2026-03-14 19:56:24,unknown,,unknown,,,0.0,0.0,0.0,0.0,0.0,0.0,0.0000,LOW,Anomalous Pattern,NORMAL,NORMAL
2026-03-14 19:56:24,unknown,,unknown,,,0.0,0.0,0.0,0.0,0.0,0.0,0.0000,LOW,Anomalous Pattern,NORMAL,NORMAL
2026-03-14 19:56:24,unknown,,unknown,,,0.0,0.0,0.0,0.0,0.0,0.0,0.0000,LOW,Anomalous Pattern,NORMAL,NORMAL
2026-03-14 19:56:24,unknown,,unknown,,,0.0,0.0,0.0,0.0,0.0,0.0,0.0000,LOW,Anomalous Pattern,NORMAL,NORMAL
2026-03-14 19:56:24,unknown,,unknown,,,0.0,0.0,0.0,0.0,0.0,0.0,0.0000,LOW,Anomalous Pattern,NORMAL,NORMAL
2026-03-14 19:56:24,unknown,,unknown,,,0.0,0.0,0.0,0.0,0.0,0.0,0.0000,LOW,Anomalous Pattern,NORMAL,NORMAL
2026-03-14 19:56:24,unknown,,unknown,,,0.0,0.0,0.0,0.0,0.0,0.0,0.0000,LOW,Anomalous Pattern,NORMAL,NORMAL
2026-03-14 19:56:24,unknown,,unknown,,,0.0,0.0,0.0,0.0,0.0,0.0,0.0000,LOW,Anomalous Pattern,NORMAL,NORMAL
2026-03-14 19:56:25,unknown,,unknown,,,0.0,0.0,0.0,0.0,0.0,0.0,0.0000,LOW,Anomalous Pattern,NORMAL,NORMAL
2026-03-14 19:56:25,unknown,,unknown,,,0.0,0.0,0.0,0.0,0.0,0.0,0.0000,LOW,Anomalous Pattern,NORMAL,NORMAL
2026-03-14 19:56:25,unknown,,unknown,,,0.0,0.0,0.0,0.0,0.0,0.0,0.0000,LOW,Anomalous Pattern,NORMAL,NORMAL
2026-03-14 19:56:25,unknown,,unknown,,,0.0,0.0,0.0,0.0,0.0,0.0,0.0000,LOW,Anomalous Pattern,NORMAL,NORMAL
2026-03-14 19:56:25,unknown,,unknown,,,0.0,0.0,0.0,0.0,0.0,0.0,0.0000,LOW,Anomalous Pattern,NORMAL,NORMAL
2026-03-14 19:56:25,unknown,,unknown,,,0.0,0.0,0.0,0.0,0.0,0.0,0.0000,LOW,Anomalous Pattern,NORMAL,NORMAL
2026-03-14 19:56:25,unknown,,unknown,,,0.0,0.0,0.0,0.0,0.0,0.0,0.0000,LOW,Anomalous Pattern,NORMAL,NORMAL
2026-03-14 19:56:25,unknown,,unknown,,,0.0,0.0,0.0,0.0,0.0,0.0,0.0000,LOW,Anomalous Pattern,NORMAL,NORMAL
2026-03-14 19:56:25,unknown,,unknown,,,0.0,0.0,0.0,0.0,0.0,0.0,0.0000,LOW,Anomalous Pattern,NORMAL,NORMAL
2026-03-14 19:56:25,unknown,,unknown,,,0.0,0.0,0.0,0.0,0.0,0.0,0.0000,LOW,Anomalous Pattern,NORMAL,NORMAL
2026-03-14 19:56:25,unknown,,unknown,,,0.0,0.0,0.0,0.0,0.0,0.0,0.0000,LOW,Anomalous Pattern,NORMAL,NORMAL
2026-03-14 19:56:26,unknown,,unknown,,,0.0,0.0,0.0,0.0,0.0,0.0,0.0000,LOW,Anomalous Pattern,NORMAL,NORMAL
2026-03-14 19:56:26,unknown,,unknown,,,0.0,0.0,0.0,0.0,0.0,0.0,0.0000,LOW,Anomalous Pattern,NORMAL,NORMAL
2026-03-14 19:56:26,unknown,,unknown,,,0.0,0.0,0.0,0.0,0.0,0.0,0.0000,LOW,Anomalous Pattern,NORMAL,NORMAL
2026-03-14 19:56:26,unknown,,unknown,,,0.0,0.0,0.0,0.0,0.0,0.0,0.0000,LOW,Anomalous Pattern,NORMAL,NORMAL
2026-03-14 19:56:26,unknown,,unknown,,,0.0,0.0,0.0,0.0,0.0,0.0,0.0000,LOW,Anomalous Pattern,NORMAL,NORMAL
2026-03-14 19:56:26,unknown,,unknown,,,0.0,0.0,0.0,0.0,0.0,0.0,0.0000,LOW,Anomalous Pattern,NORMAL,NORMAL
2026-03-14 19:56:27,unknown,,unknown,,,0.0,0.0,0.0,0.0,0.0,0.0,0.0000,LOW,Anomalous Pattern,NORMAL,NORMAL
2026-03-14 19:56:27,unknown,,unknown,,,0.0,0.0,0.0,0.0,0.0,0.0,0.0000,LOW,Anomalous Pattern,NORMAL,NORMAL
2026-03-14 19:56:27,unknown,,unknown,,,0.0,0.0,0.0,0.0,0.0,0.0,0.0000,LOW,Anomalous Pattern,NORMAL,NORMAL
2026-03-14 19:56:27,unknown,,unknown,,,0.0,0.0,0.0,0.0,0.0,0.0,0.0000,LOW,Anomalous Pattern,NORMAL,NORMAL
2026-03-14 19:56:27,unknown,,unknown,,,0.0,0.0,0.0,0.0,0.0,0.0,0.0000,LOW,Anomalous Pattern,NORMAL,NORMAL
2026-03-14 19:56:27,unknown,,unknown,,,0.0,0.0,0.0,0.0,0.0,0.0,0.0000,LOW,Anomalous Pattern,NORMAL,NORMAL
2026-03-14 19:56:27,unknown,,unknown,,,0.0,0.0,0.0,0.0,0.0,0.0,0.0000,LOW,Anomalous Pattern,NORMAL,NORMAL
2026-03-14 19:56:27,unknown,,unknown,,,0.0,0.0,0.0,0.0,0.0,0.0,0.0000,LOW,Anomalous Pattern,NORMAL,NORMAL
2026-03-14 19:56:27,unknown,,unknown,,,0.0,0.0,0.0,0.0,0.0,0.0,0.0000,LOW,Anomalous Pattern,NORMAL,NORMAL
2026-03-14 19:56:27,unknown,,unknown,,,0.0,0.0,0.0,0.0,0.0,0.0,0.0000,LOW,Anomalous Pattern,NORMAL,NORMAL
2026-03-14 19:56:27,unknown,,unknown,,,0.0,0.0,0.0,0.0,0.0,0.0,0.0000,LOW,Anomalous Pattern,NORMAL,NORMAL
2026-03-14 19:56:28,unknown,,unknown,,,0.0,0.0,0.0,0.0,0.0,0.0,0.0000,LOW,Anomalous Pattern,NORMAL,NORMAL
2026-03-14 19:56:28,unknown,,unknown,,,0.0,0.0,0.0,0.0,0.0,0.0,0.0000,LOW,Anomalous Pattern,NORMAL,NORMAL
2026-03-14 19:56:28,unknown,,unknown,,,0.0,0.0,0.0,0.0,0.0,0.0,0.0000,LOW,Anomalous Pattern,NORMAL,NORMAL
2026-03-14 19:56:28,unknown,,unknown,,,0.0,0.0,0.0,0.0,0.0,0.0,0.0000,LOW,Anomalous Pattern,NORMAL,NORMAL
2026-03-14 19:56:28,unknown,,unknown,,,0.0,0.0,0.0,0.0,0.0,0.0,0.0000,LOW,Anomalous Pattern,NORMAL,NORMAL
2026-03-14 19:56:28,unknown,,unknown,,,0.0,0.0,0.0,0.0,0.0,0.0,0.0000,LOW,Anomalous Pattern,NORMAL,NORMAL
2026-03-14 19:56:28,unknown,,unknown,,,0.0,0.0,0.0,0.0,0.0,0.0,0.0000,LOW,Anomalous Pattern,NORMAL,NORMAL
2026-03-14 19:56:28,unknown,,unknown,,,0.0,0.0,0.0,0.0,0.0,0.0,0.0000,LOW,Anomalous Pattern,NORMAL,NORMAL
2026-03-14 19:56:28,unknown,,unknown,,,0.0,0.0,0.0,0.0,0.0,0.0,0.0000,LOW,Anomalous Pattern,NORMAL,NORMAL
2026-03-14 19:56:28,unknown,,unknown,,,0.0,0.0,0.0,0.0,0.0,0.0,0.0000,LOW,Anomalous Pattern,NORMAL,NORMAL
2026-03-14 19:56:28,unknown,,unknown,,,0.0,0.0,0.0,0.0,0.0,0.0,0.0000,LOW,Anomalous Pattern,NORMAL,NORMAL
2026-03-14 19:56:28,unknown,,unknown,,,0.0,0.0,0.0,0.0,0.0,0.0,0.0000,LOW,Anomalous Pattern,NORMAL,NORMAL
2026-03-14 19:56:29,unknown,,unknown,,,0.0,0.0,0.0,0.0,0.0,0.0,0.0000,LOW,Anomalous Pattern,NORMAL,NORMAL
2026-03-14 19:56:29,unknown,,unknown,,,0.0,0.0,0.0,0.0,0.0,0.0,0.0000,LOW,Anomalous Pattern,NORMAL,NORMAL
2026-03-14 19:56:29,unknown,,unknown,,,0.0,0.0,0.0,0.0,0.0,0.0,0.0000,LOW,Anomalous Pattern,NORMAL,NORMAL
2026-03-14 19:56:29,unknown,,unknown,,,0.0,0.0,0.0,0.0,0.0,0.0,0.0000,LOW,Anomalous Pattern,NORMAL,NORMAL
2026-03-14 19:56:29,unknown,,unknown,,,0.0,0.0,0.0,0.0,0.0,0.0,0.0000,LOW,Anomalous Pattern,NORMAL,NORMAL
2026-03-14 19:56:29,unknown,,unknown,,,0.0,0.0,0.0,0.0,0.0,0.0,0.0000,LOW,Anomalous Pattern,NORMAL,NORMAL
2026-03-14 19:56:29,unknown,,unknown,,,0.0,0.0,0.0,0.0,0.0,0.0,0.0000,LOW,Anomalous Pattern,NORMAL,NORMAL
2026-03-14 19:56:29,unknown,,unknown,,,0.0,0.0,0.0,0.0,0.0,0.0,0.0000,LOW,Anomalous Pattern,NORMAL,NORMAL
2026-03-14 19:56:29,unknown,,unknown,,,0.0,0.0,0.0,0.0,0.0,0.0,0.0000,LOW,Anomalous Pattern,NORMAL,NORMAL
2026-03-14 19:56:29,unknown,,unknown,,,0.0,0.0,0.0,0.0,0.0,0.0,0.0000,LOW,Anomalous Pattern,NORMAL,NORMAL
2026-03-14 19:56:29,unknown,,unknown,,,0.0,0.0,0.0,0.0,0.0,0.0,0.0000,LOW,Anomalous Pattern,NORMAL,NORMAL
2026-03-14 19:56:29,unknown,,unknown,,,0.0,0.0,0.0,0.0,0.0,0.0,0.0000,LOW,Anomalous Pattern,NORMAL,NORMAL
2026-03-14 19:56:30,unknown,,unknown,,,0.0,0.0,0.0,0.0,0.0,0.0,0.0000,LOW,Anomalous Pattern,NORMAL,NORMAL
2026-03-14 19:56:30,unknown,,unknown,,,0.0,0.0,0.0,0.0,0.0,0.0,0.0000,LOW,Anomalous Pattern,NORMAL,NORMAL
2026-03-14 19:56:30,unknown,,unknown,,,0.0,0.0,0.0,0.0,0.0,0.0,0.0000,LOW,Anomalous Pattern,NORMAL,NORMAL
2026-03-14 19:56:30,unknown,,unknown,,,0.0,0.0,0.0,0.0,0.0,0.0,0.0000,LOW,Anomalous Pattern,NORMAL,NORMAL
2026-03-14 19:56:30,unknown,,unknown,,,0.0,0.0,0.0,0.0,0.0,0.0,0.0000,LOW,Anomalous Pattern,NORMAL,NORMAL
2026-03-14 19:56:30,unknown,,unknown,,,0.0,0.0,0.0,0.0,0.0,0.0,0.0000,LOW,Anomalous Pattern,NORMAL,NORMAL
2026-03-14 19:56:30,unknown,,unknown,,,0.0,0.0,0.0,0.0,0.0,0.0,0.0000,LOW,Anomalous Pattern,NORMAL,NORMAL
2026-03-14 19:56:31,unknown,,unknown,,,0.0,0.0,0.0,0.0,0.0,0.0,0.0000,LOW,Anomalous Pattern,NORMAL,NORMAL
2026-03-14 19:56:31,unknown,,unknown,,,0.0,0.0,0.0,0.0,0.0,0.0,0.0000,LOW,Anomalous Pattern,NORMAL,NORMAL
2026-03-14 19:56:31,unknown,,unknown,,,0.0,0.0,0.0,0.0,0.0,0.0,0.0000,LOW,Anomalous Pattern,NORMAL,NORMAL
2026-03-14 19:56:31,unknown,,unknown,,,0.0,0.0,0.0,0.0,0.0,0.0,0.0000,LOW,Anomalous Pattern,NORMAL,NORMAL
2026-03-14 19:56:31,unknown,,unknown,,,0.0,0.0,0.0,0.0,0.0,0.0,0.0000,LOW,Anomalous Pattern,NORMAL,NORMAL
2026-03-14 19:56:31,unknown,,unknown,,,0.0,0.0,0.0,0.0,0.0,0.0,0.0000,LOW,Anomalous Pattern,NORMAL,NORMAL
2026-03-14 19:56:31,unknown,,unknown,,,0.0,0.0,0.0,0.0,0.0,0.0,0.0000,LOW,Anomalous Pattern,NORMAL,NORMAL
2026-03-14 19:56:31,unknown,,unknown,,,0.0,0.0,0.0,0.0,0.0,0.0,0.0000,LOW,Anomalous Pattern,NORMAL,NORMAL
2026-03-14 19:56:31,unknown,,unknown,,,0.0,0.0,0.0,0.0,0.0,0.0,0.0000,LOW,Anomalous Pattern,NORMAL,NORMAL
2026-03-14 19:56:32,unknown,,unknown,,,0.0,0.0,0.0,0.0,0.0,0.0,0.0000,LOW,Anomalous Pattern,NORMAL,NORMAL
2026-03-14 19:56:32,unknown,,unknown,,,0.0,0.0,0.0,0.0,0.0,0.0,0.0000,LOW,Anomalous Pattern,NORMAL,NORMAL
2026-03-14 19:56:32,unknown,,unknown,,,0.0,0.0,0.0,0.0,0.0,0.0,0.0000,LOW,Anomalous Pattern,NORMAL,NORMAL
2026-03-14 19:56:32,unknown,,unknown,,,0.0,0.0,0.0,0.0,0.0,0.0,0.0000,LOW,Anomalous Pattern,NORMAL,NORMAL
2026-03-14 19:56:32,unknown,,unknown,,,0.0,0.0,0.0,0.0,0.0,0.0,0.0000,LOW,Anomalous Pattern,NORMAL,NORMAL
2026-03-14 19:56:32,unknown,,unknown,,,0.0,0.0,0.0,0.0,0.0,0.0,0.0000,LOW,Anomalous Pattern,NORMAL,NORMAL
2026-03-14 19:56:32,unknown,,unknown,,,0.0,0.0,0.0,0.0,0.0,0.0,0.0000,LOW,Anomalous Pattern,NORMAL,NORMAL
2026-03-14 19:56:32,unknown,,unknown,,,0.0,0.0,0.0,0.0,0.0,0.0,0.0000,LOW,Anomalous Pattern,NORMAL,NORMAL
2026-03-14 19:56:32,unknown,,unknown,,,0.0,0.0,0.0,0.0,0.0,0.0,0.0000,LOW,Anomalous Pattern,NORMAL,NORMAL
2026-03-14 19:56:32,unknown,,unknown,,,0.0,0.0,0.0,0.0,0.0,0.0,0.0000,LOW,Anomalous Pattern,NORMAL,NORMAL
2026-03-14 19:56:32,unknown,,unknown,,,0.0,0.0,0.0,0.0,0.0,0.0,0.0000,LOW,Anomalous Pattern,NORMAL,NORMAL
2026-03-14 19:56:33,unknown,,unknown,,,0.0,0.0,0.0,0.0,0.0,0.0,0.0000,LOW,Anomalous Pattern,NORMAL,NORMAL
2026-03-14 19:56:33,unknown,,unknown,,,0.0,0.0,0.0,0.0,0.0,0.0,0.0000,LOW,Anomalous Pattern,NORMAL,NORMAL
2026-03-14 19:56:33,unknown,,unknown,,,0.0,0.0,0.0,0.0,0.0,0.0,0.0000,LOW,Anomalous Pattern,NORMAL,NORMAL
2026-03-14 19:56:33,unknown,,unknown,,,0.0,0.0,0.0,0.0,0.0,0.0,0.0000,LOW,Anomalous Pattern,NORMAL,NORMAL
2026-03-14 19:56:33,unknown,,unknown,,,0.0,0.0,0.0,0.0,0.0,0.0,0.0000,LOW,Anomalous Pattern,NORMAL,NORMAL
2026-03-14 19:56:33,unknown,,unknown,,,0.0,0.0,0.0,0.0,0.0,0.0,0.0000,LOW,Anomalous Pattern,NORMAL,NORMAL
2026-03-14 19:56:33,unknown,,unknown,,,0.0,0.0,0.0,0.0,0.0,0.0,0.0000,LOW,Anomalous Pattern,NORMAL,NORMAL
2026-03-14 19:56:33,unknown,,unknown,,,0.0,0.0,0.0,0.0,0.0,0.0,0.0000,LOW,Anomalous Pattern,NORMAL,NORMAL
2026-03-14 19:56:33,unknown,,unknown,,,0.0,0.0,0.0,0.0,0.0,0.0,0.0000,LOW,Anomalous Pattern,NORMAL,NORMAL
2026-03-14 19:56:33,unknown,,unknown,,,0.0,0.0,0.0,0.0,0.0,0.0,0.0000,LOW,Anomalous Pattern,NORMAL,NORMAL
2026-03-14 19:56:33,unknown,,unknown,,,0.0,0.0,0.0,0.0,0.0,0.0,0.0000,LOW,Anomalous Pattern,NORMAL,NORMAL
2026-03-14 19:56:33,unknown,,unknown,,,0.0,0.0,0.0,0.0,0.0,0.0,0.0000,LOW,Anomalous Pattern,NORMAL,NORMAL
2026-03-14 19:56:34,unknown,,unknown,,,0.0,0.0,0.0,0.0,0.0,0.0,0.0000,LOW,Anomalous Pattern,NORMAL,NORMAL
2026-03-14 19:56:34,unknown,,unknown,,,0.0,0.0,0.0,0.0,0.0,0.0,0.0000,LOW,Anomalous Pattern,NORMAL,NORMAL
2026-03-14 19:56:34,unknown,,unknown,,,0.0,0.0,0.0,0.0,0.0,0.0,0.0000,LOW,Anomalous Pattern,NORMAL,NORMAL
2026-03-14 19:56:34,unknown,,unknown,,,0.0,0.0,0.0,0.0,0.0,0.0,0.0000,LOW,Anomalous Pattern,NORMAL,NORMAL
2026-03-14 19:56:34,unknown,,unknown,,,0.0,0.0,0.0,0.0,0.0,0.0,0.0000,LOW,Anomalous Pattern,NORMAL,NORMAL
2026-03-14 19:56:34,unknown,,unknown,,,0.0,0.0,0.0,0.0,0.0,0.0,0.0000,LOW,Anomalous Pattern,NORMAL,NORMAL
2026-03-14 19:56:34,unknown,,unknown,,,0.0,0.0,0.0,0.0,0.0,0.0,0.0000,LOW,Anomalous Pattern,NORMAL,NORMAL
2026-03-14 19:56:34,unknown,,unknown,,,0.0,0.0,0.0,0.0,0.0,0.0,0.0000,LOW,Anomalous Pattern,NORMAL,NORMAL
2026-03-14 19:56:35,unknown,,unknown,,,0.0,0.0,0.0,0.0,0.0,0.0,0.0000,LOW,Anomalous Pattern,NORMAL,NORMAL
2026-03-14 19:56:35,unknown,,unknown,,,0.0,0.0,0.0,0.0,0.0,0.0,0.0000,LOW,Anomalous Pattern,NORMAL,NORMAL
2026-03-14 19:56:35,unknown,,unknown,,,0.0,0.0,0.0,0.0,0.0,0.0,0.0000,LOW,Anomalous Pattern,NORMAL,NORMAL
2026-03-14 19:56:35,unknown,,unknown,,,0.0,0.0,0.0,0.0,0.0,0.0,0.0000,LOW,Anomalous Pattern,NORMAL,NORMAL
2026-03-14 19:56:35,unknown,,unknown,,,0.0,0.0,0.0,0.0,0.0,0.0,0.0000,LOW,Anomalous Pattern,NORMAL,NORMAL
2026-03-14 19:56:35,unknown,,unknown,,,0.0,0.0,0.0,0.0,0.0,0.0,0.0000,LOW,Anomalous Pattern,NORMAL,NORMAL
2026-03-14 19:56:35,unknown,,unknown,,,0.0,0.0,0.0,0.0,0.0,0.0,0.0000,LOW,Anomalous Pattern,NORMAL,NORMAL
2026-03-14 19:56:35,unknown,,unknown,,,0.0,0.0,0.0,0.0,0.0,0.0,0.0000,LOW,Anomalous Pattern,NORMAL,NORMAL
2026-03-14 19:56:35,unknown,,unknown,,,0.0,0.0,0.0,0.0,0.0,0.0,0.0000,LOW,Anomalous Pattern,NORMAL,NORMAL
2026-03-14 19:56:35,unknown,,unknown,,,0.0,0.0,0.0,0.0,0.0,0.0,0.0000,LOW,Anomalous Pattern,NORMAL,NORMAL
2026-03-14 19:56:35,unknown,,unknown,,,0.0,0.0,0.0,0.0,0.0,0.0,0.0000,LOW,Anomalous Pattern,NORMAL,NORMAL
2026-03-14 19:56:35,unknown,,unknown,,,0.0,0.0,0.0,0.0,0.0,0.0,0.0000,LOW,Anomalous Pattern,NORMAL,NORMAL
2026-03-14 19:56:35,unknown,,unknown,,,0.0,0.0,0.0,0.0,0.0,0.0,0.0000,LOW,Anomalous Pattern,NORMAL,NORMAL
2026-03-14 19:56:35,unknown,,unknown,,,0.0,0.0,0.0,0.0,0.0,0.0,0.0000,LOW,Anomalous Pattern,NORMAL,NORMAL
2026-03-14 19:56:36,unknown,,unknown,,,0.0,0.0,0.0,0.0,0.0,0.0,0.0000,LOW,Anomalous Pattern,NORMAL,NORMAL
2026-03-14 19:56:36,unknown,,unknown,,,0.0,0.0,0.0,0.0,0.0,0.0,0.0000,LOW,Anomalous Pattern,NORMAL,NORMAL
2026-03-14 19:56:36,unknown,,unknown,,,0.0,0.0,0.0,0.0,0.0,0.0,0.0000,LOW,Anomalous Pattern,NORMAL,NORMAL
2026-03-14 19:56:36,unknown,,unknown,,,0.0,0.0,0.0,0.0,0.0,0.0,0.0000,LOW,Anomalous Pattern,NORMAL,NORMAL
2026-03-14 19:56:36,unknown,,unknown,,,0.0,0.0,0.0,0.0,0.0,0.0,0.0000,LOW,Anomalous Pattern,NORMAL,NORMAL
2026-03-14 19:56:36,unknown,,unknown,,,0.0,0.0,0.0,0.0,0.0,0.0,0.0000,LOW,Anomalous Pattern,NORMAL,NORMAL
2026-03-14 19:56:36,unknown,,unknown,,,0.0,0.0,0.0,0.0,0.0,0.0,0.0000,LOW,Anomalous Pattern,NORMAL,NORMAL
2026-03-14 19:56:36,unknown,,unknown,,,0.0,0.0,0.0,0.0,0.0,0.0,0.0000,LOW,Anomalous Pattern,NORMAL,NORMAL
2026-03-14 19:56:36,unknown,,unknown,,,0.0,0.0,0.0,0.0,0.0,0.0,0.0000,LOW,Anomalous Pattern,NORMAL,NORMAL
2026-03-14 19:56:36,unknown,,unknown,,,0.0,0.0,0.0,0.0,0.0,0.0,0.0000,LOW,Anomalous Pattern,NORMAL,NORMAL
2026-03-14 19:56:36,unknown,,unknown,,,0.0,0.0,0.0,0.0,0.0,0.0,0.0000,LOW,Anomalous Pattern,NORMAL,NORMAL
2026-03-14 19:56:37,unknown,,unknown,,,0.0,0.0,0.0,0.0,0.0,0.0,0.0000,LOW,Anomalous Pattern,NORMAL,NORMAL
2026-03-14 19:56:37,unknown,,unknown,,,0.0,0.0,0.0,0.0,0.0,0.0,0.0000,LOW,Anomalous Pattern,NORMAL,NORMAL
2026-03-14 19:56:37,unknown,,unknown,,,0.0,0.0,0.0,0.0,0.0,0.0,0.0000,LOW,Anomalous Pattern,NORMAL,NORMAL
2026-03-14 19:56:37,unknown,,unknown,,,0.0,0.0,0.0,0.0,0.0,0.0,0.0000,LOW,Anomalous Pattern,NORMAL,NORMAL
2026-03-14 19:56:37,unknown,,unknown,,,0.0,0.0,0.0,0.0,0.0,0.0,0.0000,LOW,Anomalous Pattern,NORMAL,NORMAL
2026-03-14 19:56:37,unknown,,unknown,,,0.0,0.0,0.0,0.0,0.0,0.0,0.0000,LOW,Anomalous Pattern,NORMAL,NORMAL
2026-03-14 19:56:37,unknown,,unknown,,,0.0,0.0,0.0,0.0,0.0,0.0,0.0000,LOW,Anomalous Pattern,NORMAL,NORMAL
2026-03-14 19:56:37,unknown,,unknown,,,0.0,0.0,0.0,0.0,0.0,0.0,0.0000,LOW,Anomalous Pattern,NORMAL,NORMAL
2026-03-14 19:56:37,unknown,,unknown,,,0.0,0.0,0.0,0.0,0.0,0.0,0.0000,LOW,Anomalous Pattern,NORMAL,NORMAL
2026-03-14 19:56:37,unknown,,unknown,,,0.0,0.0,0.0,0.0,0.0,0.0,0.0000,LOW,Anomalous Pattern,NORMAL,NORMAL
2026-03-14 19:56:37,unknown,,unknown,,,0.0,0.0,0.0,0.0,0.0,0.0,0.0000,LOW,Anomalous Pattern,NORMAL,NORMAL
2026-03-14 19:56:38,unknown,,unknown,,,0.0,0.0,0.0,0.0,0.0,0.0,0.0000,LOW,Anomalous Pattern,NORMAL,NORMAL
2026-03-14 19:56:38,unknown,,unknown,,,0.0,0.0,0.0,0.0,0.0,0.0,0.0000,LOW,Anomalous Pattern,NORMAL,NORMAL
2026-03-14 19:56:38,unknown,,unknown,,,0.0,0.0,0.0,0.0,0.0,0.0,0.0000,LOW,Anomalous Pattern,NORMAL,NORMAL
2026-03-14 19:56:38,unknown,,unknown,,,0.0,0.0,0.0,0.0,0.0,0.0,0.0000,LOW,Anomalous Pattern,NORMAL,NORMAL
2026-03-14 19:56:38,unknown,,unknown,,,0.0,0.0,0.0,0.0,0.0,0.0,0.0000,LOW,Anomalous Pattern,NORMAL,NORMAL
2026-03-14 19:56:38,unknown,,unknown,,,0.0,0.0,0.0,0.0,0.0,0.0,0.0000,LOW,Anomalous Pattern,NORMAL,NORMAL
2026-03-14 19:56:38,unknown,,unknown,,,0.0,0.0,0.0,0.0,0.0,0.0,0.0000,LOW,Anomalous Pattern,NORMAL,NORMAL
2026-03-14 19:56:38,unknown,,unknown,,,0.0,0.0,0.0,0.0,0.0,0.0,0.0000,LOW,Anomalous Pattern,NORMAL,NORMAL
2026-03-14 19:56:39,unknown,,unknown,,,0.0,0.0,0.0,0.0,0.0,0.0,0.0000,LOW,Anomalous Pattern,NORMAL,NORMAL
2026-03-14 19:56:39,unknown,,unknown,,,0.0,0.0,0.0,0.0,0.0,0.0,0.0000,LOW,Anomalous Pattern,NORMAL,NORMAL
2026-03-14 19:56:39,unknown,,unknown,,,0.0,0.0,0.0,0.0,0.0,0.0,0.0000,LOW,Anomalous Pattern,NORMAL,NORMAL
2026-03-14 19:56:39,unknown,,unknown,,,0.0,0.0,0.0,0.0,0.0,0.0,0.0000,LOW,Anomalous Pattern,NORMAL,NORMAL
2026-03-14 19:56:39,unknown,,unknown,,,0.0,0.0,0.0,0.0,0.0,0.0,0.0000,LOW,Anomalous Pattern,NORMAL,NORMAL
2026-03-14 19:56:39,unknown,,unknown,,,0.0,0.0,0.0,0.0,0.0,0.0,0.0000,LOW,Anomalous Pattern,NORMAL,NORMAL
2026-03-14 19:56:39,unknown,,unknown,,,0.0,0.0,0.0,0.0,0.0,0.0,0.0000,LOW,Anomalous Pattern,NORMAL,NORMAL
2026-03-14 19:56:39,unknown,,unknown,,,0.0,0.0,0.0,0.0,0.0,0.0,0.0000,LOW,Anomalous Pattern,NORMAL,NORMAL
2026-03-14 19:56:39,unknown,,unknown,,,0.0,0.0,0.0,0.0,0.0,0.0,0.0000,LOW,Anomalous Pattern,NORMAL,NORMAL
2026-03-14 19:56:39,unknown,,unknown,,,0.0,0.0,0.0,0.0,0.0,0.0,0.0000,LOW,Anomalous Pattern,NORMAL,NORMAL
2026-03-14 19:56:39,unknown,,unknown,,,0.0,0.0,0.0,0.0,0.0,0.0,0.0000,LOW,Anomalous Pattern,NORMAL,NORMAL
2026-03-14 19:56:39,unknown,,unknown,,,0.0,0.0,0.0,0.0,0.0,0.0,0.0000,LOW,Anomalous Pattern,NORMAL,NORMAL
2026-03-14 19:56:39,unknown,,unknown,,,0.0,0.0,0.0,0.0,0.0,0.0,0.0000,LOW,Anomalous Pattern,NORMAL,NORMAL
2026-03-14 19:56:40,unknown,,unknown,,,0.0,0.0,0.0,0.0,0.0,0.0,0.0000,LOW,Anomalous Pattern,NORMAL,NORMAL
2026-03-14 19:56:40,unknown,,unknown,,,0.0,0.0,0.0,0.0,0.0,0.0,0.0000,LOW,Anomalous Pattern,NORMAL,NORMAL
2026-03-14 19:56:40,unknown,,unknown,,,0.0,0.0,0.0,0.0,0.0,0.0,0.0000,LOW,Anomalous Pattern,NORMAL,NORMAL
2026-03-14 19:56:40,unknown,,unknown,,,0.0,0.0,0.0,0.0,0.0,0.0,0.0000,LOW,Anomalous Pattern,NORMAL,NORMAL
2026-03-14 19:56:40,unknown,,unknown,,,0.0,0.0,0.0,0.0,0.0,0.0,0.0000,LOW,Anomalous Pattern,NORMAL,NORMAL
2026-03-14 19:56:40,unknown,,unknown,,,0.0,0.0,0.0,0.0,0.0,0.0,0.0000,LOW,Anomalous Pattern,NORMAL,NORMAL
2026-03-14 19:56:40,unknown,,unknown,,,0.0,0.0,0.0,0.0,0.0,0.0,0.0000,LOW,Anomalous Pattern,NORMAL,NORMAL
2026-03-14 19:56:40,unknown,,unknown,,,0.0,0.0,0.0,0.0,0.0,0.0,0.0000,LOW,Anomalous Pattern,NORMAL,NORMAL
2026-03-14 19:56:40,unknown,,unknown,,,0.0,0.0,0.0,0.0,0.0,0.0,0.0000,LOW,Anomalous Pattern,NORMAL,NORMAL
2026-03-14 19:56:40,unknown,,unknown,,,0.0,0.0,0.0,0.0,0.0,0.0,0.0000,LOW,Anomalous Pattern,NORMAL,NORMAL
2026-03-14 19:56:40,unknown,,unknown,,,0.0,0.0,0.0,0.0,0.0,0.0,0.0000,LOW,Anomalous Pattern,NORMAL,NORMAL
2026-03-14 19:56:41,unknown,,unknown,,,0.0,0.0,0.0,0.0,0.0,0.0,0.0000,LOW,Anomalous Pattern,NORMAL,NORMAL
2026-03-14 19:56:41,unknown,,unknown,,,0.0,0.0,0.0,0.0,0.0,0.0,0.0000,LOW,Anomalous Pattern,NORMAL,NORMAL
2026-03-14 19:56:41,unknown,,unknown,,,0.0,0.0,0.0,0.0,0.0,0.0,0.0000,LOW,Anomalous Pattern,NORMAL,NORMAL
2026-03-14 19:56:41,unknown,,unknown,,,0.0,0.0,0.0,0.0,0.0,0.0,0.0000,LOW,Anomalous Pattern,NORMAL,NORMAL
2026-03-14 19:56:41,unknown,,unknown,,,0.0,0.0,0.0,0.0,0.0,0.0,0.0000,LOW,Anomalous Pattern,NORMAL,NORMAL
2026-03-14 19:56:41,unknown,,unknown,,,0.0,0.0,0.0,0.0,0.0,0.0,0.0000,LOW,Anomalous Pattern,NORMAL,NORMAL
2026-03-14 19:56:41,unknown,,unknown,,,0.0,0.0,0.0,0.0,0.0,0.0,0.0000,LOW,Anomalous Pattern,NORMAL,NORMAL
2026-03-14 19:56:41,unknown,,unknown,,,0.0,0.0,0.0,0.0,0.0,0.0,0.0000,LOW,Anomalous Pattern,NORMAL,NORMAL
2026-03-14 19:56:41,unknown,,unknown,,,0.0,0.0,0.0,0.0,0.0,0.0,0.0000,LOW,Anomalous Pattern,NORMAL,NORMAL
2026-03-14 19:56:41,unknown,,unknown,,,0.0,0.0,0.0,0.0,0.0,0.0,0.0000,LOW,Anomalous Pattern,NORMAL,NORMAL
2026-03-14 19:56:42,unknown,,unknown,,,0.0,0.0,0.0,0.0,0.0,0.0,0.0000,LOW,Anomalous Pattern,NORMAL,NORMAL
2026-03-14 19:56:42,unknown,,unknown,,,0.0,0.0,0.0,0.0,0.0,0.0,0.0000,LOW,Anomalous Pattern,NORMAL,NORMAL
2026-03-14 19:56:42,unknown,,unknown,,,0.0,0.0,0.0,0.0,0.0,0.0,0.0000,LOW,Anomalous Pattern,NORMAL,NORMAL
2026-03-14 19:56:42,unknown,,unknown,,,0.0,0.0,0.0,0.0,0.0,0.0,0.0000,LOW,Anomalous Pattern,NORMAL,NORMAL
2026-03-14 19:56:42,unknown,,unknown,,,0.0,0.0,0.0,0.0,0.0,0.0,0.0000,LOW,Anomalous Pattern,NORMAL,NORMAL
2026-03-14 19:56:42,unknown,,unknown,,,0.0,0.0,0.0,0.0,0.0,0.0,0.0000,LOW,Anomalous Pattern,NORMAL,NORMAL
2026-03-14 19:56:42,unknown,,unknown,,,0.0,0.0,0.0,0.0,0.0,0.0,0.0000,LOW,Anomalous Pattern,NORMAL,NORMAL
2026-03-14 19:56:42,unknown,,unknown,,,0.0,0.0,0.0,0.0,0.0,0.0,0.0000,LOW,Anomalous Pattern,NORMAL,NORMAL
2026-03-14 19:56:42,unknown,,unknown,,,0.0,0.0,0.0,0.0,0.0,0.0,0.0000,LOW,Anomalous Pattern,NORMAL,NORMAL
2026-03-14 19:56:42,unknown,,unknown,,,0.0,0.0,0.0,0.0,0.0,0.0,0.0000,LOW,Anomalous Pattern,NORMAL,NORMAL
2026-03-14 19:56:42,unknown,,unknown,,,0.0,0.0,0.0,0.0,0.0,0.0,0.0000,LOW,Anomalous Pattern,NORMAL,NORMAL
2026-03-14 19:56:43,unknown,,unknown,,,0.0,0.0,0.0,0.0,0.0,0.0,0.0000,LOW,Anomalous Pattern,NORMAL,NORMAL
2026-03-14 19:56:43,unknown,,unknown,,,0.0,0.0,0.0,0.0,0.0,0.0,0.0000,LOW,Anomalous Pattern,NORMAL,NORMAL
2026-03-14 19:56:43,unknown,,unknown,,,0.0,0.0,0.0,0.0,0.0,0.0,0.0000,LOW,Anomalous Pattern,NORMAL,NORMAL
2026-03-14 19:56:43,unknown,,unknown,,,0.0,0.0,0.0,0.0,0.0,0.0,0.0000,LOW,Anomalous Pattern,NORMAL,NORMAL
2026-03-14 19:56:43,unknown,,unknown,,,0.0,0.0,0.0,0.0,0.0,0.0,0.0000,LOW,Anomalous Pattern,NORMAL,NORMAL
2026-03-14 19:56:43,unknown,,unknown,,,0.0,0.0,0.0,0.0,0.0,0.0,0.0000,LOW,Anomalous Pattern,NORMAL,NORMAL
2026-03-14 19:56:43,unknown,,unknown,,,0.0,0.0,0.0,0.0,0.0,0.0,0.0000,LOW,Anomalous Pattern,NORMAL,NORMAL
2026-03-14 19:56:43,unknown,,unknown,,,0.0,0.0,0.0,0.0,0.0,0.0,0.0000,LOW,Anomalous Pattern,NORMAL,NORMAL
2026-03-14 19:56:43,unknown,,unknown,,,0.0,0.0,0.0,0.0,0.0,0.0,0.0000,LOW,Anomalous Pattern,NORMAL,NORMAL
2026-03-14 19:56:43,unknown,,unknown,,,0.0,0.0,0.0,0.0,0.0,0.0,0.0000,LOW,Anomalous Pattern,NORMAL,NORMAL
2026-03-14 19:56:43,unknown,,unknown,,,0.0,0.0,0.0,0.0,0.0,0.0,0.0000,LOW,Anomalous Pattern,NORMAL,NORMAL
2026-03-14 19:56:43,unknown,,unknown,,,0.0,0.0,0.0,0.0,0.0,0.0,0.0000,LOW,Anomalous Pattern,NORMAL,NORMAL
2026-03-14 19:56:43,unknown,,unknown,,,0.0,0.0,0.0,0.0,0.0,0.0,0.0000,LOW,Anomalous Pattern,NORMAL,NORMAL
2026-03-14 19:56:43,unknown,,unknown,,,0.0,0.0,0.0,0.0,0.0,0.0,0.0000,LOW,Anomalous Pattern,NORMAL,NORMAL
2026-03-14 19:56:43,unknown,,unknown,,,0.0,0.0,0.0,0.0,0.0,0.0,0.0000,LOW,Anomalous Pattern,NORMAL,NORMAL
2026-03-14 19:56:43,unknown,,unknown,,,0.0,0.0,0.0,0.0,0.0,0.0,0.0000,LOW,Anomalous Pattern,NORMAL,NORMAL
2026-03-14 19:56:43,unknown,,unknown,,,0.0,0.0,0.0,0.0,0.0,0.0,0.0000,LOW,Anomalous Pattern,NORMAL,NORMAL
2026-03-14 19:56:44,unknown,,unknown,,,0.0,0.0,0.0,0.0,0.0,0.0,0.0000,LOW,Anomalous Pattern,NORMAL,NORMAL
2026-03-14 19:56:44,unknown,,unknown,,,0.0,0.0,0.0,0.0,0.0,0.0,0.0000,LOW,Anomalous Pattern,NORMAL,NORMAL
2026-03-14 19:56:44,unknown,,unknown,,,0.0,0.0,0.0,0.0,0.0,0.0,0.0000,LOW,Anomalous Pattern,NORMAL,NORMAL
2026-03-14 19:56:44,unknown,,unknown,,,0.0,0.0,0.0,0.0,0.0,0.0,0.0000,LOW,Anomalous Pattern,NORMAL,NORMAL
2026-03-14 19:56:44,unknown,,unknown,,,0.0,0.0,0.0,0.0,0.0,0.0,0.0000,LOW,Anomalous Pattern,NORMAL,NORMAL
2026-03-14 19:56:44,unknown,,unknown,,,0.0,0.0,0.0,0.0,0.0,0.0,0.0000,LOW,Anomalous Pattern,NORMAL,NORMAL
2026-03-14 19:56:44,unknown,,unknown,,,0.0,0.0,0.0,0.0,0.0,0.0,0.0000,LOW,Anomalous Pattern,NORMAL,NORMAL
2026-03-14 19:56:44,unknown,,unknown,,,0.0,0.0,0.0,0.0,0.0,0.0,0.0000,LOW,Anomalous Pattern,NORMAL,NORMAL
2026-03-14 19:56:44,unknown,,unknown,,,0.0,0.0,0.0,0.0,0.0,0.0,0.0000,LOW,Anomalous Pattern,NORMAL,NORMAL
2026-03-14 19:56:44,unknown,,unknown,,,0.0,0.0,0.0,0.0,0.0,0.0,0.0000,LOW,Anomalous Pattern,NORMAL,NORMAL
2026-03-14 19:56:44,unknown,,unknown,,,0.0,0.0,0.0,0.0,0.0,0.0,0.0000,LOW,Anomalous Pattern,NORMAL,NORMAL
2026-03-14 19:56:44,unknown,,unknown,,,0.0,0.0,0.0,0.0,0.0,0.0,0.0000,LOW,Anomalous Pattern,NORMAL,NORMAL
2026-03-14 19:56:44,unknown,,unknown,,,0.0,0.0,0.0,0.0,0.0,0.0,0.0000,LOW,Anomalous Pattern,NORMAL,NORMAL
2026-03-14 19:56:44,unknown,,unknown,,,0.0,0.0,0.0,0.0,0.0,0.0,0.0000,LOW,Anomalous Pattern,NORMAL,NORMAL
2026-03-14 19:56:45,unknown,,unknown,,,0.0,0.0,0.0,0.0,0.0,0.0,0.0000,LOW,Anomalous Pattern,NORMAL,NORMAL
2026-03-14 19:56:45,unknown,,unknown,,,0.0,0.0,0.0,0.0,0.0,0.0,0.0000,LOW,Anomalous Pattern,NORMAL,NORMAL
2026-03-14 19:56:45,unknown,,unknown,,,0.0,0.0,0.0,0.0,0.0,0.0,0.0000,LOW,Anomalous Pattern,NORMAL,NORMAL
2026-03-14 19:56:45,unknown,,unknown,,,0.0,0.0,0.0,0.0,0.0,0.0,0.0000,LOW,Anomalous Pattern,NORMAL,NORMAL
2026-03-14 19:56:45,unknown,,unknown,,,0.0,0.0,0.0,0.0,0.0,0.0,0.0000,LOW,Anomalous Pattern,NORMAL,NORMAL
2026-03-14 19:56:45,unknown,,unknown,,,0.0,0.0,0.0,0.0,0.0,0.0,0.0000,LOW,Anomalous Pattern,NORMAL,NORMAL
2026-03-14 19:56:45,unknown,,unknown,,,0.0,0.0,0.0,0.0,0.0,0.0,0.0000,LOW,Anomalous Pattern,NORMAL,NORMAL
2026-03-14 19:56:45,unknown,,unknown,,,0.0,0.0,0.0,0.0,0.0,0.0,0.0000,LOW,Anomalous Pattern,NORMAL,NORMAL
2026-03-14 19:56:45,unknown,,unknown,,,0.0,0.0,0.0,0.0,0.0,0.0,0.0000,LOW,Anomalous Pattern,NORMAL,NORMAL
2026-03-14 19:56:45,unknown,,unknown,,,0.0,0.0,0.0,0.0,0.0,0.0,0.0000,LOW,Anomalous Pattern,NORMAL,NORMAL
2026-03-14 19:56:45,unknown,,unknown,,,0.0,0.0,0.0,0.0,0.0,0.0,0.0000,LOW,Anomalous Pattern,NORMAL,NORMAL
2026-03-14 19:56:45,unknown,,unknown,,,0.0,0.0,0.0,0.0,0.0,0.0,0.0000,LOW,Anomalous Pattern,NORMAL,NORMAL
2026-03-14 19:56:46,unknown,,unknown,,,0.0,0.0,0.0,0.0,0.0,0.0,0.0000,LOW,Anomalous Pattern,NORMAL,NORMAL
2026-03-14 19:56:46,unknown,,unknown,,,0.0,0.0,0.0,0.0,0.0,0.0,0.0000,LOW,Anomalous Pattern,NORMAL,NORMAL
2026-03-14 19:56:46,unknown,,unknown,,,0.0,0.0,0.0,0.0,0.0,0.0,0.0000,LOW,Anomalous Pattern,NORMAL,NORMAL
2026-03-14 19:56:46,unknown,,unknown,,,0.0,0.0,0.0,0.0,0.0,0.0,0.0000,LOW,Anomalous Pattern,NORMAL,NORMAL
2026-03-14 19:56:46,unknown,,unknown,,,0.0,0.0,0.0,0.0,0.0,0.0,0.0000,LOW,Anomalous Pattern,NORMAL,NORMAL
2026-03-14 19:56:46,unknown,,unknown,,,0.0,0.0,0.0,0.0,0.0,0.0,0.0000,LOW,Anomalous Pattern,NORMAL,NORMAL
2026-03-14 19:56:46,unknown,,unknown,,,0.0,0.0,0.0,0.0,0.0,0.0,0.0000,LOW,Anomalous Pattern,NORMAL,NORMAL
2026-03-14 19:56:46,unknown,,unknown,,,0.0,0.0,0.0,0.0,0.0,0.0,0.0000,LOW,Anomalous Pattern,NORMAL,NORMAL
2026-03-14 19:56:46,unknown,,unknown,,,0.0,0.0,0.0,0.0,0.0,0.0,0.0000,LOW,Anomalous Pattern,NORMAL,NORMAL
2026-03-14 19:56:46,unknown,,unknown,,,0.0,0.0,0.0,0.0,0.0,0.0,0.0000,LOW,Anomalous Pattern,NORMAL,NORMAL
2026-03-14 19:56:46,unknown,,unknown,,,0.0,0.0,0.0,0.0,0.0,0.0,0.0000,LOW,Anomalous Pattern,NORMAL,NORMAL
2026-03-14 19:56:46,unknown,,unknown,,,0.0,0.0,0.0,0.0,0.0,0.0,0.0000,LOW,Anomalous Pattern,NORMAL,NORMAL
2026-03-14 19:56:46,unknown,,unknown,,,0.0,0.0,0.0,0.0,0.0,0.0,0.0000,LOW,Anomalous Pattern,NORMAL,NORMAL
2026-03-14 19:56:46,unknown,,unknown,,,0.0,0.0,0.0,0.0,0.0,0.0,0.0000,LOW,Anomalous Pattern,NORMAL,NORMAL
2026-03-14 19:56:46,unknown,,unknown,,,0.0,0.0,0.0,0.0,0.0,0.0,0.0000,LOW,Anomalous Pattern,NORMAL,NORMAL
2026-03-14 19:56:47,unknown,,unknown,,,0.0,0.0,0.0,0.0,0.0,0.0,0.0000,LOW,Anomalous Pattern,NORMAL,NORMAL
2026-03-14 19:56:47,unknown,,unknown,,,0.0,0.0,0.0,0.0,0.0,0.0,0.0000,LOW,Anomalous Pattern,NORMAL,NORMAL
2026-03-14 19:56:47,unknown,,unknown,,,0.0,0.0,0.0,0.0,0.0,0.0,0.0000,LOW,Anomalous Pattern,NORMAL,NORMAL
2026-03-14 19:56:47,unknown,,unknown,,,0.0,0.0,0.0,0.0,0.0,0.0,0.0000,LOW,Anomalous Pattern,NORMAL,NORMAL
2026-03-14 20:03:05,blk_8114670643662631981,INFO,namenode_service,block_operation,success,45.7,46.7,25.6,64.2,28.8,0.0,0.0000,LOW,Anomalous Pattern,NORMAL,NORMAL
2026-03-14 20:03:05,blk_6086150003458816385,INFO,packet_responder,service_stop,failed,31.4,47.5,43.9,79.7,34.1,0.0,0.0000,LOW,Anomalous Pattern,NORMAL,NORMAL
2026-03-14 20:03:05,blk_-6610740339710112867,INFO,packet_responder,disk_write,success,41.7,53.9,35.5,146.3,4.3,1.0,0.0000,LOW,Anomalous Pattern,NORMAL,NORMAL
2026-03-14 20:03:05,blk_-8403885099241100591,INFO,packet_responder,service_stop,failed,35.6,45.3,35.7,152.5,28.3,1.0,0.0000,LOW,Anomalous Pattern,NORMAL,NORMAL
2026-03-14 20:03:05,blk_8172251131904558969,INFO,namenode_service,block_operation,success,39.5,49.5,14.8,140.2,28.5,0.0,0.0000,LOW,Anomalous Pattern,NORMAL,NORMAL
2026-03-14 20:03:05,blk_7194600267425527658,INFO,packet_responder,service_stop,failed,26.2,54.9,31.2,164.3,26.4,0.0,0.0000,LOW,Anomalous Pattern,NORMAL,NORMAL
2026-03-14 20:03:05,blk_-5802604438981152146,INFO,namenode_service,block_operation,success,25.8,43.2,43.7,182.1,33.8,0.0,0.0000,LOW,Anomalous Pattern,NORMAL,NORMAL
2026-03-14 20:03:05,blk_-7854922233677243796,INFO,namenode_service,block_operation,success,47.6,59.4,34.7,65.3,27.7,1.0,0.0000,LOW,Anomalous Pattern,NORMAL,NORMAL
2026-03-14 20:03:06,blk_-7899488197727730159,INFO,datanode_service,disk_write,success,42.4,32.5,20.9,127.7,35.7,0.0,0.0000,LOW,Anomalous Pattern,NORMAL,NORMAL
2026-03-14 20:03:06,blk_-7446782744420379186,INFO,namenode_service,block_operation,success,49.5,50.6,31.6,184.0,32.9,1.0,0.0000,LOW,Anomalous Pattern,NORMAL,NORMAL
2026-03-14 20:03:06,blk_-5378687437232453525,INFO,namenode_service,block_operation,success,41.6,62.0,16.5,191.1,28.5,0.0,0.0000,LOW,Anomalous Pattern,NORMAL,NORMAL
2026-03-14 20:03:06,blk_-1053682214263246100,INFO,packet_responder,disk_write,success,41.4,48.0,24.1,76.3,17.6,1.0,0.0000,LOW,Anomalous Pattern,NORMAL,NORMAL
2026-03-14 20:03:06,blk_-7899488197727730159,INFO,namenode_service,resource_allocation,success,41.5,36.7,46.2,100.4,31.4,0.0,0.0000,LOW,Anomalous Pattern,NORMAL,NORMAL
2026-03-14 20:03:06,blk_2857355074945833557,INFO,packet_responder,service_stop,failed,26.3,46.7,32.8,24.6,42.1,0.0,0.0000,LOW,Anomalous Pattern,NORMAL,NORMAL
2026-03-14 20:03:06,blk_3313884031794602791,INFO,packet_responder,service_stop,failed,49.2,39.9,31.4,139.8,35.1,0.0,0.0000,LOW,Anomalous Pattern,NORMAL,NORMAL
2026-03-14 20:03:06,blk_-1129166233852061668,INFO,packet_responder,service_stop,failed,32.5,57.6,37.9,112.8,25.4,1.0,0.0000,LOW,Anomalous Pattern,NORMAL,NORMAL
2026-03-14 20:03:06,blk_348263420554327587,INFO,packet_responder,service_stop,failed,30.3,44.9,21.9,136.5,32.2,0.0,0.0000,LOW,Anomalous Pattern,NORMAL,NORMAL
2026-03-14 20:03:06,blk_8754164970975313154,INFO,packet_responder,disk_write,success,52.9,48.3,32.5,169.1,43.6,0.0,0.0000,LOW,Anomalous Pattern,NORMAL,NORMAL
2026-03-14 20:03:06,blk_7505495163819331501,INFO,packet_responder,service_stop,failed,92.6,74.6,168.4,1961.8,425.7,4.0,1.0000,HIGH,Resource Exhaustion,FAILURE,ANOMALY
2026-03-14 20:03:06,blk_-990982730997976756,INFO,datanode_service,disk_write,success,27.4,38.7,38.5,60.5,31.8,1.0,0.0000,LOW,Anomalous Pattern,NORMAL,NORMAL
2026-03-14 20:03:06,blk_6762670663575127069,INFO,namenode_service,block_operation,success,47.2,41.5,27.0,239.5,15.6,0.0,0.0000,LOW,Anomalous Pattern,NORMAL,NORMAL
2026-03-14 20:03:07,blk_3108396770070519969,INFO,namenode_service,resource_allocation,success,34.4,40.1,19.4,167.6,30.4,1.0,0.0000,LOW,Anomalous Pattern,NORMAL,NORMAL
2026-03-14 20:03:07,blk_-7492251399114045042,INFO,packet_responder,service_stop,failed,12.6,51.2,47.1,126.9,28.2,0.0,0.0000,LOW,Anomalous Pattern,NORMAL,NORMAL
2026-03-14 20:03:07,blk_-5387101733791762811,INFO,packet_responder,service_stop,failed,46.0,54.8,32.7,143.0,19.6,1.0,0.0000,LOW,Anomalous Pattern,NORMAL,NORMAL
2026-03-14 20:03:07,blk_-8300434430586159433,INFO,namenode_service,block_operation,success,34.3,51.4,39.2,183.3,31.6,0.0,0.0000,LOW,Anomalous Pattern,NORMAL,NORMAL
2026-03-14 20:03:07,blk_4479482474608161111,INFO,namenode_service,block_operation,success,35.2,41.4,36.1,93.0,8.9,1.0,0.0000,LOW,Anomalous Pattern,NORMAL,NORMAL
2026-03-14 20:03:07,blk_9147665301802846033,INFO,datanode_service,disk_write,success,33.8,50.0,28.2,155.2,36.7,1.0,0.0000,LOW,Anomalous Pattern,NORMAL,NORMAL
2026-03-14 20:03:07,blk_5562070031640540989,INFO,datanode_service,disk_write,success,27.1,59.4,46.6,99.6,36.9,0.0,0.0000,LOW,Anomalous Pattern,NORMAL,NORMAL
2026-03-14 20:03:07,blk_-4525106451631148227,INFO,namenode_service,block_operation,success,50.4,47.8,17.3,138.3,27.5,0.0,0.0000,LOW,Anomalous Pattern,NORMAL,NORMAL
2026-03-14 20:03:07,blk_-4777172021454732874,INFO,datanode_service,disk_write,success,27.9,30.6,11.5,152.5,27.5,1.0,0.0000,LOW,Anomalous Pattern,NORMAL,NORMAL
2026-03-14 20:03:07,blk_503171034280877882,INFO,datanode_service,disk_write,success,44.0,71.3,24.9,82.1,44.2,1.0,0.0000,LOW,Memory Pressure,NORMAL,NORMAL
2026-03-14 20:03:07,blk_-6993602426596288166,INFO,namenode_service,block_operation,success,41.8,54.5,35.5,146.3,25.0,1.0,0.0000,LOW,Anomalous Pattern,NORMAL,NORMAL
2026-03-14 20:03:07,blk_-3165543383839644510,INFO,packet_responder,disk_write,success,45.6,55.7,26.9,137.5,20.5,0.0,0.0000,LOW,Anomalous Pattern,NORMAL,NORMAL
2026-03-14 20:03:07,blk_-6628821545437240185,INFO,namenode_service,block_operation,success,47.5,36.9,39.7,152.6,38.4,0.0,0.0000,LOW,Anomalous Pattern,NORMAL,NORMAL
2026-03-14 20:03:08,blk_308046410772494923,INFO,datanode_service,disk_write,success,37.4,41.5,36.6,187.8,31.1,0.0,0.0000,LOW,Anomalous Pattern,NORMAL,NORMAL
2026-03-14 20:03:08,blk_-4035747593787715753,INFO,packet_responder,disk_write,success,49.0,53.1,45.8,198.0,26.9,1.0,0.0000,LOW,Anomalous Pattern,NORMAL,NORMAL
2026-03-14 20:03:08,blk_5748056829675477967,INFO,datanode_service,disk_write,success,39.2,46.8,45.7,146.2,25.0,0.0,0.0000,LOW,Anomalous Pattern,NORMAL,NORMAL
2026-03-14 20:03:08,blk_5200305959009212075,INFO,namenode_service,block_operation,success,33.7,47.1,27.7,78.2,56.3,0.0,0.0000,LOW,Anomalous Pattern,NORMAL,NORMAL
2026-03-14 20:03:08,blk_-2107008999028683333,INFO,namenode_service,block_operation,success,43.6,57.9,32.1,128.9,21.0,1.0,0.0000,LOW,Anomalous Pattern,NORMAL,NORMAL
2026-03-14 20:03:08,blk_7604683085433170185,INFO,namenode_service,block_operation,success,88.1,84.4,199.5,861.8,339.6,8.0,1.0000,HIGH,Resource Exhaustion,FAILURE,ANOMALY
2026-03-14 20:03:08,blk_-6608385916214293812,INFO,packet_responder,disk_write,success,49.4,42.9,27.7,142.8,4.8,0.0,0.0000,LOW,Anomalous Pattern,NORMAL,NORMAL
2026-03-14 20:03:08,blk_-1129166233852061668,INFO,datanode_service,disk_write,success,48.9,51.0,52.0,121.6,14.3,1.0,0.0000,LOW,Anomalous Pattern,NORMAL,NORMAL
2026-03-14 20:03:08,blk_5640366580955238018,INFO,packet_responder,service_stop,failed,35.6,61.1,25.2,123.9,30.6,0.0,0.0000,LOW,Anomalous Pattern,NORMAL,NORMAL
2026-03-14 20:03:08,blk_-4305888220075314099,INFO,namenode_service,block_operation,success,32.0,44.6,48.2,79.8,46.4,0.0,0.0000,LOW,Anomalous Pattern,NORMAL,NORMAL
2026-03-14 20:03:08,blk_-624825655168150902,INFO,datanode_service,disk_write,success,46.2,43.5,26.7,118.1,12.3,1.0,0.0000,LOW,Anomalous Pattern,NORMAL,NORMAL
2026-03-14 20:03:08,blk_6636711801972346068,INFO,namenode_service,resource_allocation,success,44.9,38.4,22.1,173.0,28.3,1.0,0.0000,LOW,Anomalous Pattern,NORMAL,NORMAL
2026-03-14 20:03:08,blk_6542677062545867706,INFO,namenode_service,block_operation,success,55.9,51.0,33.8,131.1,35.7,1.0,0.0000,LOW,Anomalous Pattern,NORMAL,NORMAL
2026-03-14 20:03:09,blk_8687300722271711987,INFO,namenode_service,block_operation,success,90.5,83.0,111.6,1045.7,542.3,6.0,0.9999,HIGH,Resource Exhaustion,FAILURE,ANOMALY
2026-03-14 20:03:09,blk_1758058140904291753,INFO,packet_responder,disk_write,success,38.7,37.7,27.2,95.2,5.9,0.0,0.0000,LOW,Anomalous Pattern,NORMAL,NORMAL
2026-03-14 20:03:09,blk_6173348350049731792,INFO,packet_responder,disk_write,success,31.1,45.2,26.1,128.0,27.1,1.0,0.0000,LOW,Anomalous Pattern,NORMAL,NORMAL
2026-03-14 20:03:09,blk_-5545126603066966097,INFO,packet_responder,service_stop,failed,48.1,55.3,33.2,103.4,27.6,1.0,0.0000,LOW,Anomalous Pattern,NORMAL,NORMAL
2026-03-14 20:03:09,blk_7385666194491345346,INFO,packet_responder,disk_write,success,44.5,45.0,32.4,117.2,27.6,1.0,0.0000,LOW,Anomalous Pattern,NORMAL,NORMAL
2026-03-14 20:03:09,blk_-1410839398898145137,INFO,datanode_service,disk_write,success,37.7,38.2,25.5,119.5,48.6,0.0,0.0000,LOW,Anomalous Pattern,NORMAL,NORMAL
2026-03-14 20:03:09,blk_-5616102715344006485,INFO,packet_responder,service_stop,failed,42.2,50.6,33.1,151.9,3.1,0.0,0.0000,LOW,Anomalous Pattern,NORMAL,NORMAL
2026-03-14 20:03:09,blk_-3777084595383931638,INFO,namenode_service,block_operation,success,52.8,52.1,27.9,88.4,31.3,1.0,0.0000,LOW,Anomalous Pattern,NORMAL,NORMAL
2026-03-14 20:03:09,blk_-5621370428482753569,INFO,namenode_service,block_operation,success,38.0,32.8,34.2,204.4,24.4,1.0,0.0000,LOW,Anomalous Pattern,NORMAL,NORMAL
2026-03-14 20:03:09,blk_-5298764924147099203,INFO,namenode_service,resource_allocation,success,37.1,50.3,53.5,98.7,25.0,1.0,0.0000,LOW,Anomalous Pattern,NORMAL,NORMAL
2026-03-14 20:03:09,blk_-5532418151426446568,INFO,namenode_service,block_operation,success,20.6,50.0,47.8,106.9,24.9,1.0,0.0000,LOW,Anomalous Pattern,NORMAL,NORMAL
2026-03-14 20:03:09,blk_8713010324685126312,INFO,datanode_service,disk_write,success,22.8,36.0,21.6,95.4,44.7,0.0,0.0000,LOW,Anomalous Pattern,NORMAL,NORMAL
2026-03-14 20:03:09,blk_2884359235897506198,INFO,namenode_service,resource_allocation,success,30.4,50.1,6.0,189.3,22.0,0.0,0.0000,LOW,Anomalous Pattern,NORMAL,NORMAL
2026-03-14 20:03:10,blk_6912533456169029339,INFO,packet_responder,disk_write,success,35.4,43.3,20.3,119.0,24.3,0.0,0.0000,LOW,Anomalous Pattern,NORMAL,NORMAL
2026-03-14 20:03:10,blk_8156675018981227536,INFO,namenode_service,block_operation,success,43.8,47.6,27.0,58.1,25.4,0.0,0.0000,LOW,Anomalous Pattern,NORMAL,NORMAL
2026-03-14 20:03:10,blk_-8724623982765517585,INFO,datanode_service,disk_write,success,61.9,58.9,27.8,57.0,18.1,0.0,0.0000,LOW,Anomalous Pattern,NORMAL,NORMAL
2026-03-14 20:03:10,blk_6240989228397110331,INFO,datanode_service,disk_write,success,41.1,57.0,47.1,92.8,36.8,1.0,0.0000,LOW,Anomalous Pattern,NORMAL,NORMAL
2026-03-14 20:03:10,blk_7819129300327159896,INFO,datanode_service,disk_write,success,87.7,77.4,150.6,1132.6,1103.3,4.0,1.0000,HIGH,Resource Exhaustion,FAILURE,ANOMALY
2026-03-14 20:03:10,blk_3219542368658048183,INFO,datanode_service,disk_write,success,54.4,41.6,31.3,138.8,35.6,1.0,0.0000,LOW,Anomalous Pattern,NORMAL,NORMAL
2026-03-14 20:03:10,blk_-2938067517944706485,INFO,datanode_service,disk_write,success,34.1,82.0,46.3,207.4,33.6,0.0,0.0000,LOW,Memory Pressure,NORMAL,NORMAL
2026-03-14 20:03:10,blk_4756682433368907871,INFO,packet_responder,disk_write,success,26.1,51.3,19.8,119.0,38.4,0.0,0.0000,LOW,Anomalous Pattern,NORMAL,NORMAL
2026-03-14 20:03:10,blk_8607755518709969388,INFO,datanode_service,disk_write,success,43.4,52.1,49.0,239.7,22.2,0.0,0.0000,LOW,Anomalous Pattern,NORMAL,NORMAL
2026-03-14 20:03:10,blk_-1896576695098440656,INFO,datanode_service,disk_write,success,51.5,66.5,33.9,145.3,25.5,1.0,0.0000,LOW,Memory Pressure,NORMAL,NORMAL
2026-03-14 20:03:10,blk_-4568752647001380124,INFO,namenode_service,block_operation,success,51.1,62.4,29.1,110.0,21.0,0.0,0.0000,LOW,Anomalous Pattern,NORMAL,NORMAL
2026-03-14 20:03:10,blk_-5781752082508616053,INFO,namenode_service,block_operation,success,51.7,52.4,45.0,148.8,50.0,1.0,0.0000,LOW,Anomalous Pattern,NORMAL,NORMAL
2026-03-14 20:03:10,blk_-4604588889808671352,INFO,namenode_service,block_operation,success,37.3,41.3,31.7,164.7,33.3,0.0,0.0000,LOW,Anomalous Pattern,NORMAL,NORMAL
2026-03-14 20:03:10,blk_5780786852871827499,INFO,packet_responder,service_stop,failed,40.6,58.8,29.7,96.8,40.6,1.0,0.0000,LOW,Anomalous Pattern,NORMAL,NORMAL
2026-03-14 20:03:11,blk_4522414990332112857,INFO,namenode_service,block_operation,success,52.0,63.6,44.9,108.8,11.7,1.0,0.0000,LOW,Anomalous Pattern,NORMAL,NORMAL
2026-03-14 20:03:11,blk_-1234494352354507097,INFO,packet_responder,disk_write,success,26.9,46.4,22.1,161.2,29.2,0.0,0.0000,LOW,Anomalous Pattern,NORMAL,NORMAL
2026-03-14 20:03:11,blk_4054544520249788747,INFO,namenode_service,block_operation,success,45.5,39.9,24.1,174.7,43.8,0.0,0.0000,LOW,Anomalous Pattern,NORMAL,NORMAL
2026-03-14 20:03:11,blk_-8724623982765517585,INFO,namenode_service,block_operation,success,34.5,59.7,0.6,226.8,34.8,1.0,0.0000,LOW,Anomalous Pattern,NORMAL,NORMAL
2026-03-14 20:03:11,blk_2752638602026311752,INFO,namenode_service,resource_allocation,success,19.4,47.7,30.7,92.7,38.3,1.0,0.0000,LOW,Anomalous Pattern,NORMAL,NORMAL
2026-03-14 20:03:11,blk_-2912171865702813212,INFO,datanode_service,disk_write,success,48.1,54.8,32.2,163.9,11.7,0.0,0.0000,LOW,Anomalous Pattern,NORMAL,NORMAL
2026-03-14 20:03:11,blk_-1086284161070447662,INFO,namenode_service,block_operation,success,62.4,50.4,36.6,111.9,9.1,0.0,0.0000,LOW,Anomalous Pattern,NORMAL,NORMAL
2026-03-14 20:03:11,blk_5851043418258222720,INFO,namenode_service,resource_allocation,success,34.3,43.0,69.3,53.5,35.8,0.0,0.0000,LOW,Anomalous Pattern,NORMAL,NORMAL
2026-03-14 20:03:11,blk_8338938300524612323,INFO,block_scanner,system_event,success,66.4,44.5,32.4,77.7,19.2,0.0,0.0000,LOW,Anomalous Pattern,NORMAL,NORMAL
2026-03-14 20:03:11,blk_423443046299723227,INFO,packet_responder,disk_write,success,40.5,49.2,34.1,138.3,22.5,1.0,0.0000,LOW,Anomalous Pattern,NORMAL,NORMAL
2026-03-14 20:03:12,blk_-1542053950866945143,INFO,namenode_service,resource_allocation,success,32.7,52.0,18.8,128.2,31.5,1.0,0.0000,LOW,Anomalous Pattern,NORMAL,NORMAL
2026-03-14 20:03:12,blk_8051999911552049540,INFO,packet_responder,service_stop,failed,36.5,39.0,24.3,143.1,31.1,1.0,0.0000,LOW,Anomalous Pattern,NORMAL,NORMAL
2026-03-14 20:03:12,blk_7498741417206238255,INFO,namenode_service,block_operation,success,45.4,47.3,45.9,131.9,37.7,1.0,0.0000,LOW,Anomalous Pattern,NORMAL,NORMAL
2026-03-14 20:03:12,blk_5679705745083109023,INFO,namenode_service,block_operation,success,43.7,63.7,34.2,159.9,26.3,0.0,0.0000,LOW,Anomalous Pattern,NORMAL,NORMAL
2026-03-14 20:03:12,blk_-5906536695141636021,INFO,namenode_service,resource_allocation,success,47.0,41.2,17.9,103.0,15.8,0.0,0.0000,LOW,Anomalous Pattern,NORMAL,NORMAL
2026-03-14 20:03:12,blk_5908206538552454113,INFO,datanode_service,disk_write,success,70.0,99.1,207.3,1411.0,911.8,5.0,1.0000,HIGH,Memory Pressure,FAILURE,ANOMALY
2026-03-14 20:03:12,blk_6996194389878584395,INFO,packet_responder,service_stop,failed,99.1,93.1,190.8,2431.0,925.6,2.0,1.0000,HIGH,Resource Exhaustion,FAILURE,ANOMALY
2026-03-14 20:03:12,blk_-748792585250868818,INFO,packet_responder,service_stop,failed,36.2,33.4,25.5,97.3,31.6,1.0,0.0000,LOW,Anomalous Pattern,NORMAL,NORMAL
2026-03-14 20:03:12,blk_4554154447628583767,INFO,namenode_service,block_operation,success,47.3,32.4,34.4,78.1,31.7,1.0,0.0000,LOW,Anomalous Pattern,NORMAL,NORMAL
2026-03-14 20:03:12,blk_8562367880489680807,INFO,namenode_service,block_operation,success,26.7,36.6,21.6,141.8,27.0,0.0,0.0000,LOW,Anomalous Pattern,NORMAL,NORMAL
2026-03-14 20:03:12,blk_-4753329079638704120,INFO,namenode_service,block_operation,success,31.0,43.5,48.1,92.2,30.0,0.0,0.0000,LOW,Anomalous Pattern,NORMAL,NORMAL
2026-03-14 20:03:12,blk_-1347913703870477362,INFO,namenode_service,resource_allocation,success,47.7,52.1,44.7,91.8,30.4,1.0,0.0000,LOW,Anomalous Pattern,NORMAL,NORMAL
2026-03-14 20:03:12,blk_-1420295712741911604,INFO,namenode_service,block_operation,success,40.0,47.1,27.0,106.4,37.6,1.0,0.0000,LOW,Anomalous Pattern,NORMAL,NORMAL
2026-03-14 20:03:12,blk_3447884879668134874,INFO,datanode_service,disk_write,success,73.1,76.0,124.2,2365.6,606.8,3.0,1.0000,HIGH,Resource Exhaustion,FAILURE,ANOMALY
2026-03-14 20:03:12,blk_-8933869562636365621,INFO,namenode_service,block_operation,success,58.3,50.5,37.2,137.6,27.9,0.0,0.0000,LOW,Anomalous Pattern,NORMAL,NORMAL
2026-03-14 20:03:13,blk_-6241220582305795548,INFO,datanode_service,disk_write,success,86.1,74.5,96.9,1707.2,950.9,3.0,1.0000,HIGH,Resource Exhaustion,FAILURE,ANOMALY
2026-03-14 20:03:13,blk_-4644811849746077680,INFO,packet_responder,disk_write,success,38.7,43.2,26.0,89.8,20.1,0.0,0.0000,LOW,Anomalous Pattern,NORMAL,NORMAL
2026-03-14 20:03:13,blk_6580250771751996436,INFO,packet_responder,service_stop,failed,25.7,67.6,23.5,140.7,18.8,0.0,0.0000,LOW,Memory Pressure,NORMAL,NORMAL
2026-03-14 20:03:13,blk_8729768707867317330,INFO,datanode_service,disk_write,success,85.9,88.1,142.8,1077.5,519.2,8.0,0.9998,HIGH,Resource Exhaustion,FAILURE,ANOMALY
2026-03-14 20:03:13,blk_6771656606041944057,INFO,namenode_service,block_operation,success,33.2,44.9,32.9,143.8,27.6,0.0,0.0000,LOW,Anomalous Pattern,NORMAL,NORMAL
2026-03-14 20:03:13,blk_-9010102489541894962,INFO,packet_responder,disk_write,success,37.7,67.2,27.1,95.8,23.6,1.0,0.0000,LOW,Memory Pressure,NORMAL,NORMAL
2026-03-14 20:03:13,blk_8856175395332519609,INFO,namenode_service,block_operation,success,39.3,66.2,41.2,115.0,14.1,0.0,0.0000,LOW,Memory Pressure,NORMAL,NORMAL
2026-03-14 20:03:13,blk_3611318385473955317,INFO,packet_responder,disk_write,success,50.8,37.6,32.5,136.0,18.8,0.0,0.0000,LOW,Anomalous Pattern,NORMAL,NORMAL
2026-03-14 20:03:13,blk_-2252864954347275674,INFO,datanode_service,disk_write,success,39.1,52.5,13.5,184.3,31.5,1.0,0.0000,LOW,Anomalous Pattern,NORMAL,NORMAL
2026-03-14 20:03:13,blk_-5917352777938505821,INFO,namenode_service,block_operation,success,54.2,45.2,33.3,107.3,30.4,1.0,0.0000,LOW,Anomalous Pattern,NORMAL,NORMAL
2026-03-14 20:03:13,blk_7571085821022831106,INFO,namenode_service,block_operation,success,52.2,43.7,44.7,86.9,35.4,0.0,0.0000,LOW,Anomalous Pattern,NORMAL,NORMAL
2026-03-14 20:03:13,blk_-7766155068899289302,INFO,namenode_service,block_operation,success,39.7,44.3,39.3,72.0,30.9,1.0,0.0000,LOW,Anomalous Pattern,NORMAL,NORMAL
2026-03-14 20:03:13,blk_1962591391414821700,INFO,datanode_service,disk_write,success,28.3,38.8,31.3,240.9,36.1,0.0,0.0000,LOW,Anomalous Pattern,NORMAL,NORMAL
2026-03-14 20:03:13,blk_-2470178870562220692,INFO,namenode_service,block_operation,success,45.2,63.4,39.1,117.7,11.3,1.0,0.0000,LOW,Anomalous Pattern,NORMAL,NORMAL
2026-03-14 20:03:13,blk_-9040983325298555020,INFO,packet_responder,disk_write,success,52.9,49.9,37.6,65.4,23.6,0.0,0.0000,LOW,Anomalous Pattern,NORMAL,NORMAL
2026-03-14 20:03:13,blk_3416840633140085323,INFO,namenode_service,block_operation,success,36.6,55.5,31.6,110.9,45.8,0.0,0.0000,LOW,Anomalous Pattern,NORMAL,NORMAL
2026-03-14 20:03:13,blk_7350850266073127425,INFO,namenode_service,block_operation,success,37.1,40.0,37.4,189.3,23.3,0.0,0.0000,LOW,Anomalous Pattern,NORMAL,NORMAL
2026-03-14 20:03:14,blk_1373539701575999606,INFO,packet_responder,service_stop,failed,52.7,58.6,37.0,140.7,33.0,1.0,0.0000,LOW,Anomalous Pattern,NORMAL,NORMAL
2026-03-14 20:03:14,blk_-5481322816553948288,INFO,namenode_service,block_operation,success,43.0,51.7,24.6,66.2,41.5,0.0,0.0000,LOW,Anomalous Pattern,NORMAL,NORMAL
2026-03-14 20:03:14,blk_8481640719132794798,INFO,packet_responder,service_stop,failed,81.8,87.5,160.2,2084.8,640.8,4.0,1.0000,HIGH,Resource Exhaustion,FAILURE,ANOMALY
2026-03-14 20:03:14,blk_3988537391171215624,INFO,packet_responder,disk_write,success,43.2,40.2,25.4,85.3,40.3,1.0,0.0000,LOW,Anomalous Pattern,NORMAL,NORMAL
2026-03-14 20:03:14,blk_8822775702627284108,INFO,namenode_service,block_operation,success,81.1,92.0,181.0,1440.8,387.7,4.0,0.9993,HIGH,Resource Exhaustion,FAILURE,ANOMALY
2026-03-14 20:03:14,blk_-4659501174508353543,INFO,packet_responder,service_stop,failed,46.4,44.4,33.8,59.3,49.1,0.0,0.0000,LOW,Anomalous Pattern,NORMAL,NORMAL
2026-03-14 20:03:14,blk_-7067657815457266165,INFO,datanode_service,disk_write,success,52.0,33.0,28.3,66.5,43.1,1.0,0.0000,LOW,Anomalous Pattern,NORMAL,NORMAL
2026-03-14 20:03:14,blk_4675103097330094461,INFO,block_scanner,system_event,success,35.8,14.9,43.5,110.3,33.3,1.0,0.0000,LOW,Anomalous Pattern,NORMAL,NORMAL
2026-03-14 20:03:14,blk_-5409523249823241040,INFO,namenode_service,block_operation,success,39.9,52.0,24.0,149.2,22.6,0.0,0.0000,LOW,Anomalous Pattern,NORMAL,NORMAL
2026-03-14 20:03:14,blk_-8483717101584470460,INFO,packet_responder,service_stop,failed,18.5,48.9,14.9,164.0,19.3,1.0,0.0000,LOW,Anomalous Pattern,NORMAL,NORMAL
2026-03-14 20:03:14,blk_3653414434030400501,INFO,namenode_service,block_operation,success,30.6,50.7,31.0,125.2,20.0,1.0,0.0000,LOW,Anomalous Pattern,NORMAL,NORMAL
2026-03-14 20:03:15,blk_-7730745308963525191,INFO,packet_responder,disk_write,success,40.5,42.6,27.4,91.4,29.4,0.0,0.0000,LOW,Anomalous Pattern,NORMAL,NORMAL
2026-03-14 20:03:15,blk_-3855300231995485387,INFO,datanode_service,disk_write,success,59.7,50.1,36.6,37.4,30.8,1.0,0.0000,LOW,Anomalous Pattern,NORMAL,NORMAL
2026-03-14 20:03:15,blk_2633072144245713422,INFO,packet_responder,service_stop,failed,47.6,41.7,42.9,102.4,14.1,0.0,0.0000,LOW,Anomalous Pattern,NORMAL,NORMAL
2026-03-14 20:03:16,blk_-2342850909465634765,INFO,packet_responder,disk_write,success,58.8,58.4,35.7,145.7,36.9,1.0,0.0000,LOW,Anomalous Pattern,NORMAL,NORMAL
2026-03-14 20:03:16,blk_-4563277571745578543,INFO,datanode_service,disk_write,success,49.4,47.4,32.5,62.4,16.9,1.0,0.0000,LOW,Anomalous Pattern,NORMAL,NORMAL
2026-03-14 20:03:16,blk_4380651012826785390,INFO,namenode_service,block_operation,success,37.6,53.3,24.6,195.2,9.8,0.0,0.0000,LOW,Anomalous Pattern,NORMAL,NORMAL
2026-03-14 20:03:17,blk_-1730618134326808759,INFO,datanode_service,disk_write,success,27.9,50.9,25.9,145.8,39.7,1.0,0.0000,LOW,Anomalous Pattern,NORMAL,NORMAL
2026-03-14 20:03:17,blk_2895341099401957222,INFO,packet_responder,disk_write,success,27.9,52.8,43.6,124.6,16.4,0.0,0.0000,LOW,Anomalous Pattern,NORMAL,NORMAL
2026-03-14 20:03:17,blk_-8933687403704794854,INFO,packet_responder,disk_write,success,38.8,37.0,28.1,141.8,25.2,1.0,0.0000,LOW,Anomalous Pattern,NORMAL,NORMAL
2026-03-14 20:03:17,blk_1206297444059407272,INFO,namenode_service,resource_allocation,success,36.8,49.1,13.6,76.2,24.3,0.0,0.0000,LOW,Anomalous Pattern,NORMAL,NORMAL
2026-03-14 20:03:17,blk_-8744798204127081315,INFO,packet_responder,disk_write,success,41.9,54.7,17.9,215.1,20.6,1.0,0.0000,LOW,Anomalous Pattern,NORMAL,NORMAL
2026-03-14 20:03:17,blk_-5664401040276498881,INFO,namenode_service,block_operation,success,30.9,49.4,27.4,110.7,50.4,0.0,0.0000,LOW,Anomalous Pattern,NORMAL,NORMAL
2026-03-14 20:03:18,blk_-4395406062207306247,INFO,packet_responder,disk_write,success,45.1,44.4,32.8,160.4,17.5,0.0,0.0000,LOW,Anomalous Pattern,NORMAL,NORMAL
2026-03-14 20:03:18,blk_6941781789556414113,INFO,datanode_service,disk_write,success,62.7,40.6,25.3,150.6,28.9,1.0,0.0000,LOW,Anomalous Pattern,NORMAL,NORMAL
2026-03-14 20:03:18,blk_3177215120399888381,INFO,packet_responder,service_stop,failed,18.0,48.2,26.0,133.8,18.4,0.0,0.0000,LOW,Anomalous Pattern,NORMAL,NORMAL
2026-03-14 20:03:18,blk_-892778597700109663,INFO,datanode_service,disk_write,success,32.5,59.9,26.2,111.9,20.9,1.0,0.0000,LOW,Anomalous Pattern,NORMAL,NORMAL
2026-03-14 20:03:18,blk_-3473184801432409140,INFO,packet_responder,service_stop,failed,48.9,42.4,23.3,125.2,34.9,1.0,0.0000,LOW,Anomalous Pattern,NORMAL,NORMAL
2026-03-14 20:03:19,blk_4752250141669900991,INFO,packet_responder,service_stop,failed,43.3,61.4,19.3,102.5,31.5,0.0,0.0000,LOW,Anomalous Pattern,NORMAL,NORMAL
2026-03-14 20:03:19,blk_-8048785335649217506,INFO,datanode_service,disk_write,success,26.7,26.2,19.3,112.1,24.3,0.0,0.0000,LOW,Anomalous Pattern,NORMAL,NORMAL
2026-03-14 20:03:19,blk_670224172117524145,INFO,packet_responder,service_stop,failed,42.9,66.9,18.9,73.9,28.5,1.0,0.0000,LOW,Memory Pressure,NORMAL,NORMAL
2026-03-14 20:03:19,blk_-2818971651684483191,INFO,packet_responder,service_stop,failed,32.9,52.1,29.1,115.0,39.5,1.0,0.0000,LOW,Anomalous Pattern,NORMAL,NORMAL
2026-03-14 20:03:20,blk_8812029587452243968,INFO,datanode_service,disk_write,success,25.5,47.1,19.6,154.0,37.3,0.0,0.0000,LOW,Anomalous Pattern,NORMAL,NORMAL
2026-03-14 20:03:20,blk_-4833308381740960263,INFO,namenode_service,block_operation,success,52.8,32.7,30.4,115.2,21.6,0.0,0.0000,LOW,Anomalous Pattern,NORMAL,NORMAL
2026-03-14 20:03:20,blk_3746918975463247549,INFO,packet_responder,service_stop,failed,35.9,56.1,32.1,219.9,25.9,1.0,0.0000,LOW,Anomalous Pattern,NORMAL,NORMAL
2026-03-14 20:03:20,blk_-2513995447298466051,INFO,datanode_service,disk_write,success,40.0,43.0,16.8,114.9,34.5,0.0,0.0000,LOW,Anomalous Pattern,NORMAL,NORMAL
2026-03-14 20:03:21,blk_-1234494352354507097,INFO,packet_responder,disk_write,success,47.0,51.5,33.6,75.4,2.1,0.0,0.0000,LOW,Anomalous Pattern,NORMAL,NORMAL
2026-03-14 20:03:21,blk_-6447565538622135839,INFO,namenode_service,block_operation,success,39.8,49.3,18.4,75.9,23.9,0.0,0.0000,LOW,Anomalous Pattern,NORMAL,NORMAL
2026-03-14 20:03:21,blk_7217614889013313498,INFO,packet_responder,service_stop,failed,49.2,42.2,37.9,125.5,30.1,0.0,0.0000,LOW,Anomalous Pattern,NORMAL,NORMAL
2026-03-14 20:03:22,blk_6942165517509334082,INFO,datanode_service,disk_write,success,33.0,51.5,26.6,184.3,30.8,0.0,0.0000,LOW,Anomalous Pattern,NORMAL,NORMAL
2026-03-14 20:03:22,blk_5245800088125460403,INFO,packet_responder,service_stop,failed,58.5,47.1,44.8,76.5,34.6,0.0,0.0000,LOW,Anomalous Pattern,NORMAL,NORMAL
2026-03-14 20:03:23,blk_8608974154783629388,INFO,packet_responder,service_stop,failed,83.0,84.7,119.1,1742.5,631.8,6.0,1.0000,HIGH,Resource Exhaustion,FAILURE,ANOMALY
2026-03-14 20:03:23,blk_-4876133515319297207,INFO,packet_responder,service_stop,failed,25.3,37.0,42.5,134.7,38.8,1.0,0.0000,LOW,Anomalous Pattern,NORMAL,NORMAL
2026-03-14 20:03:23,blk_6866590812144273060,INFO,datanode_service,disk_write,success,33.3,21.1,24.8,71.2,31.7,0.0,0.0000,LOW,Anomalous Pattern,NORMAL,NORMAL
2026-03-14 20:03:24,blk_4296336748908023245,INFO,namenode_service,resource_allocation,success,53.9,42.6,27.5,151.7,12.3,0.0,0.0000,LOW,Anomalous Pattern,NORMAL,NORMAL
2026-03-14 20:03:24,blk_4583637358927318213,INFO,packet_responder,service_stop,failed,32.6,52.8,25.3,79.9,24.3,1.0,0.0000,LOW,Anomalous Pattern,NORMAL,NORMAL
2026-03-14 20:03:24,blk_5441628397630768595,INFO,packet_responder,disk_write,success,34.2,33.9,23.4,147.1,27.7,0.0,0.0000,LOW,Anomalous Pattern,NORMAL,NORMAL
2026-03-14 20:03:25,blk_-7375121379324743085,INFO,packet_responder,service_stop,failed,35.0,50.6,26.6,130.4,30.2,0.0,0.0000,LOW,Anomalous Pattern,NORMAL,NORMAL
2026-03-14 20:03:25,blk_-804226099210015765,INFO,namenode_service,resource_allocation,success,35.7,40.0,30.6,220.3,33.2,0.0,0.0000,LOW,Anomalous Pattern,NORMAL,NORMAL
2026-03-14 20:03:25,blk_-7289855636072921423,INFO,namenode_service,block_operation,success,44.4,52.3,36.1,49.0,35.8,1.0,0.0000,LOW,Anomalous Pattern,NORMAL,NORMAL
2026-03-14 20:03:26,blk_4939097720870304718,INFO,namenode_service,block_operation,success,45.9,53.3,46.5,75.0,14.8,1.0,0.0000,LOW,Anomalous Pattern,NORMAL,NORMAL
2026-03-14 20:03:26,blk_8582181734275842017,INFO,packet_responder,disk_write,success,79.7,83.9,115.0,1637.5,718.2,3.0,0.9999,HIGH,Resource Exhaustion,FAILURE,ANOMALY
2026-03-14 20:03:26,blk_5635082829095510466,INFO,packet_responder,service_stop,failed,46.0,41.9,30.5,216.1,30.0,1.0,0.0000,LOW,Anomalous Pattern,NORMAL,NORMAL
2026-03-14 20:03:27,blk_8910234103556704078,INFO,block_scanner,system_event,success,38.4,45.8,25.5,144.3,27.1,0.0,0.0000,LOW,Anomalous Pattern,NORMAL,NORMAL
2026-03-14 20:03:27,blk_-3795454314453308098,INFO,namenode_service,resource_allocation,success,39.5,36.6,22.8,78.5,24.9,1.0,0.0000,LOW,Anomalous Pattern,NORMAL,NORMAL
2026-03-14 20:03:27,blk_7732306871241740755,INFO,namenode_service,block_operation,success,36.7,37.6,29.4,82.2,35.0,1.0,0.0000,LOW,Anomalous Pattern,NORMAL,NORMAL
2026-03-14 20:03:27,blk_6762571733796142908,INFO,packet_responder,disk_write,success,45.4,56.7,32.3,148.0,34.4,1.0,0.0000,LOW,Anomalous Pattern,NORMAL,NORMAL
2026-03-14 20:03:28,blk_-3046976422220445257,INFO,packet_responder,service_stop,failed,43.9,41.4,28.7,150.2,20.8,0.0,0.0000,LOW,Anomalous Pattern,NORMAL,NORMAL
2026-03-14 20:03:28,blk_7595763088129517708,INFO,packet_responder,service_stop,failed,52.2,40.2,44.2,32.3,16.6,1.0,0.0000,LOW,Anomalous Pattern,NORMAL,NORMAL
2026-03-14 20:03:29,blk_-5650284071008393242,INFO,packet_responder,disk_write,success,37.0,55.6,26.9,89.3,29.8,0.0,0.0000,LOW,Anomalous Pattern,NORMAL,NORMAL
2026-03-14 20:03:29,blk_-7645434041056783512,INFO,packet_responder,disk_write,success,54.6,40.8,39.1,91.5,38.0,0.0,0.0000,LOW,Anomalous Pattern,NORMAL,NORMAL
2026-03-14 20:03:29,blk_7418860504929459690,INFO,namenode_service,block_operation,success,35.4,56.0,58.1,144.8,38.3,0.0,0.0000,LOW,Anomalous Pattern,NORMAL,NORMAL
2026-03-14 20:03:29,blk_-6388096834262900479,INFO,packet_responder,disk_write,success,38.5,46.4,20.6,157.9,23.8,0.0,0.0000,LOW,Anomalous Pattern,NORMAL,NORMAL
2026-03-14 20:03:29,blk_4563954958611701366,INFO,namenode_service,block_operation,success,35.8,45.4,37.1,156.8,37.6,0.0,0.0000,LOW,Anomalous Pattern,NORMAL,NORMAL
2026-03-14 20:03:29,blk_-5631681454147966240,INFO,packet_responder,service_stop,failed,34.6,47.4,32.2,68.1,27.1,1.0,0.0000,LOW,Anomalous Pattern,NORMAL,NORMAL
2026-03-14 20:03:30,blk_-7300812723178423592,INFO,datanode_service,disk_write,success,50.3,56.5,32.0,131.0,34.9,0.0,0.0000,LOW,Anomalous Pattern,NORMAL,NORMAL
2026-03-14 20:03:30,blk_5700648083503165548,INFO,namenode_service,resource_allocation,success,37.6,61.4,24.0,136.4,18.6,1.0,0.0000,LOW,Anomalous Pattern,NORMAL,NORMAL
2026-03-14 20:03:30,blk_8126674266716932061,INFO,packet_responder,disk_write,success,37.0,48.9,38.5,134.7,29.3,0.0,0.0000,LOW,Anomalous Pattern,NORMAL,NORMAL
2026-03-14 20:03:30,blk_-3053622257909833673,INFO,namenode_service,resource_allocation,success,15.5,36.4,26.4,161.1,44.8,0.0,0.0000,LOW,Anomalous Pattern,NORMAL,NORMAL
2026-03-14 20:03:31,blk_8561889983942848766,INFO,namenode_service,resource_allocation,success,49.1,63.9,46.6,58.5,26.4,0.0,0.0000,LOW,Anomalous Pattern,NORMAL,NORMAL
2026-03-14 20:03:31,blk_8618395883140321457,INFO,namenode_service,block_operation,success,30.8,44.4,62.0,130.2,32.8,1.0,0.0000,LOW,Anomalous Pattern,NORMAL,NORMAL
2026-03-14 20:03:31,blk_-3691824481832516628,INFO,packet_responder,service_stop,failed,50.6,54.9,25.5,146.7,29.7,0.0,0.0000,LOW,Anomalous Pattern,NORMAL,NORMAL
2026-03-14 20:03:31,blk_4046825527909306228,INFO,datanode_service,disk_write,success,37.3,55.1,41.9,193.7,18.5,0.0,0.0000,LOW,Anomalous Pattern,NORMAL,NORMAL
2026-03-14 20:03:31,blk_-7726701663728257194,INFO,packet_responder,service_stop,failed,35.4,45.6,39.6,67.4,15.8,0.0,0.0000,LOW,Anomalous Pattern,NORMAL,NORMAL
2026-03-14 20:03:31,blk_-7867287144561315969,INFO,datanode_service,disk_write,success,41.9,54.6,26.5,140.6,27.2,1.0,0.0000,LOW,Anomalous Pattern,NORMAL,NORMAL
2026-03-14 20:03:31,blk_7327735725071997944,INFO,packet_responder,disk_write,success,32.1,66.0,43.1,177.3,27.2,0.0,0.0000,LOW,Memory Pressure,NORMAL,NORMAL
2026-03-14 20:03:32,blk_-7848863444115954042,INFO,packet_responder,service_stop,failed,28.9,49.8,15.1,139.6,22.7,0.0,0.0000,LOW,Anomalous Pattern,NORMAL,NORMAL
2026-03-14 20:03:32,blk_-1921961527007225482,INFO,datanode_service,disk_write,success,45.2,51.1,28.6,203.0,28.9,0.0,0.0000,LOW,Anomalous Pattern,NORMAL,NORMAL
2026-03-14 20:03:32,blk_4464679447161061787,INFO,namenode_service,block_operation,success,23.5,64.0,13.5,93.0,28.4,0.0,0.0000,LOW,Anomalous Pattern,NORMAL,NORMAL
2026-03-14 20:03:33,blk_5795256114719104203,INFO,packet_responder,service_stop,failed,59.6,32.5,5.3,134.5,32.6,1.0,0.0000,LOW,Anomalous Pattern,NORMAL,NORMAL
2026-03-14 20:03:33,blk_3167974888615449726,INFO,datanode_service,disk_write,success,39.4,50.7,41.4,100.0,30.3,1.0,0.0000,LOW,Anomalous Pattern,NORMAL,NORMAL
2026-03-14 20:03:33,blk_-123252363513067911,INFO,namenode_service,block_operation,success,54.1,58.5,27.1,128.0,18.3,1.0,0.0000,LOW,Anomalous Pattern,NORMAL,NORMAL
2026-03-14 20:03:34,blk_3155202909730334813,INFO,packet_responder,disk_write,success,42.4,50.7,33.4,156.9,15.9,0.0,0.0000,LOW,Anomalous Pattern,NORMAL,NORMAL
2026-03-14 20:03:34,blk_-7048421952673389857,INFO,datanode_service,disk_write,success,54.4,58.4,31.2,166.1,26.7,1.0,0.0000,LOW,Anomalous Pattern,NORMAL,NORMAL
2026-03-14 20:03:34,blk_-1434611047609846684,INFO,namenode_service,block_operation,success,40.3,50.9,30.1,102.1,17.2,1.0,0.0000,LOW,Anomalous Pattern,NORMAL,NORMAL
2026-03-14 20:03:34,blk_4071817587713412286,INFO,packet_responder,disk_write,success,36.3,54.6,23.7,46.6,18.3,0.0,0.0000,LOW,Anomalous Pattern,NORMAL,NORMAL
2026-03-14 20:03:34,blk_6908288796457721617,INFO,packet_responder,service_stop,failed,40.3,55.5,31.6,84.8,27.4,0.0,0.0000,LOW,Anomalous Pattern,NORMAL,NORMAL
2026-03-14 20:03:34,blk_-7674098815405249182,INFO,packet_responder,service_stop,failed,35.8,37.4,35.8,139.0,19.8,0.0,0.0000,LOW,Anomalous Pattern,NORMAL,NORMAL
2026-03-14 20:03:34,blk_-1129166233852061668,INFO,packet_responder,disk_write,success,32.4,34.5,38.6,144.2,28.8,0.0,0.0000,LOW,Anomalous Pattern,NORMAL,NORMAL
2026-03-14 20:03:35,blk_876713105020219881,INFO,namenode_service,resource_allocation,success,43.1,28.2,35.1,164.7,31.2,0.0,0.0000,LOW,Anomalous Pattern,NORMAL,NORMAL
2026-03-14 20:03:35,blk_-4406422365800024910,INFO,namenode_service,resource_allocation,success,39.4,35.2,31.1,179.7,31.7,1.0,0.0000,LOW,Anomalous Pattern,NORMAL,NORMAL
2026-03-14 20:03:35,blk_2330492910274541788,INFO,namenode_service,block_operation,success,41.8,61.2,35.2,88.6,42.0,0.0,0.0000,LOW,Anomalous Pattern,NORMAL,NORMAL
2026-03-14 20:03:35,blk_-6115633556214996150,INFO,datanode_service,disk_write,success,32.1,41.4,26.9,157.7,19.8,1.0,0.0000,LOW,Anomalous Pattern,NORMAL,NORMAL
2026-03-14 20:03:35,blk_1758058140904291753,INFO,namenode_service,resource_allocation,success,36.9,47.5,26.5,179.5,27.5,0.0,0.0000,LOW,Anomalous Pattern,NORMAL,NORMAL
2026-03-14 20:03:35,blk_503171034280877882,INFO,packet_responder,service_stop,failed,61.6,50.4,26.5,184.4,40.9,1.0,0.0000,LOW,Anomalous Pattern,NORMAL,NORMAL
2026-03-14 20:03:35,blk_-6447565538622135839,INFO,packet_responder,disk_write,success,44.5,54.2,8.2,103.9,32.5,1.0,0.0000,LOW,Anomalous Pattern,NORMAL,NORMAL
2026-03-14 20:03:35,blk_6323142914867294839,INFO,datanode_service,disk_write,success,35.1,52.2,29.6,147.2,25.4,0.0,0.0000,LOW,Anomalous Pattern,NORMAL,NORMAL
2026-03-14 20:03:35,blk_-4427370210377945173,INFO,namenode_service,resource_allocation,success,13.9,43.4,27.1,136.1,34.2,0.0,0.0000,LOW,Anomalous Pattern,NORMAL,NORMAL
2026-03-14 20:03:35,blk_8634740884129172520,INFO,namenode_service,block_operation,success,49.7,33.2,38.7,153.2,25.4,1.0,0.0000,LOW,Anomalous Pattern,NORMAL,NORMAL
2026-03-14 20:03:35,blk_1589458432014676867,INFO,datanode_service,disk_write,success,37.6,35.7,15.0,54.3,37.8,0.0,0.0000,LOW,Anomalous Pattern,NORMAL,NORMAL
2026-03-14 20:03:35,blk_646416230379856695,INFO,namenode_service,block_operation,success,39.6,35.0,32.3,136.5,32.0,0.0,0.0000,LOW,Anomalous Pattern,NORMAL,NORMAL
2026-03-14 20:03:35,blk_8351310481072405435,INFO,packet_responder,service_stop,failed,22.4,47.3,47.5,121.1,31.1,1.0,0.0000,LOW,Anomalous Pattern,NORMAL,NORMAL
2026-03-14 20:03:35,blk_188945537915310061,INFO,packet_responder,service_stop,failed,27.2,44.5,23.7,145.6,18.5,0.0,0.0000,LOW,Anomalous Pattern,NORMAL,NORMAL
2026-03-14 20:03:36,blk_-925791580070487800,INFO,packet_responder,disk_write,success,23.3,57.5,28.6,159.0,29.6,1.0,0.0000,LOW,Anomalous Pattern,NORMAL,NORMAL
2026-03-14 20:03:36,blk_1958700466290736360,INFO,datanode_service,disk_write,success,36.2,56.7,19.4,150.4,34.6,1.0,0.0000,LOW,Anomalous Pattern,NORMAL,NORMAL
2026-03-14 20:03:36,blk_-1906785151757421117,INFO,packet_responder,service_stop,failed,45.3,37.6,26.5,151.0,46.0,0.0,0.0000,LOW,Anomalous Pattern,NORMAL,NORMAL
2026-03-14 20:03:36,blk_2149674071830272243,INFO,datanode_service,disk_write,success,41.1,54.2,30.8,120.6,37.3,1.0,0.0000,LOW,Anomalous Pattern,NORMAL,NORMAL
2026-03-14 20:03:36,blk_4943682750417758971,INFO,datanode_service,disk_write,success,44.5,35.1,27.1,233.0,34.9,1.0,0.0000,LOW,Anomalous Pattern,NORMAL,NORMAL
2026-03-14 20:03:36,blk_6104005062123539857,INFO,packet_responder,service_stop,failed,15.6,55.2,32.3,139.2,50.4,0.0,0.0000,LOW,Anomalous Pattern,NORMAL,NORMAL
2026-03-14 20:03:36,blk_-142836961604175725,INFO,packet_responder,disk_write,success,43.6,61.1,29.6,98.8,18.0,0.0,0.0000,LOW,Anomalous Pattern,NORMAL,NORMAL
2026-03-14 20:03:36,blk_4522414990332112857,INFO,packet_responder,disk_write,success,44.7,36.5,23.3,164.0,52.1,0.0,0.0000,LOW,Anomalous Pattern,NORMAL,NORMAL
2026-03-14 20:03:36,blk_8595953129858897576,INFO,packet_responder,disk_write,success,99.2,70.8,107.9,1876.5,470.9,7.0,1.0000,HIGH,Resource Exhaustion,FAILURE,ANOMALY
2026-03-14 20:03:36,blk_-2107008999028683333,INFO,packet_responder,disk_write,success,40.5,60.9,30.8,82.8,33.5,1.0,0.0000,LOW,Anomalous Pattern,NORMAL,NORMAL
2026-03-14 20:03:37,blk_6202843087144609954,INFO,namenode_service,block_operation,success,44.9,35.6,32.3,120.5,26.0,0.0,0.0000,LOW,Anomalous Pattern,NORMAL,NORMAL
2026-03-14 20:03:37,blk_-4266978700563963157,INFO,packet_responder,disk_write,success,36.3,59.6,38.5,98.0,49.5,1.0,0.0000,LOW,Anomalous Pattern,NORMAL,NORMAL
2026-03-14 20:03:37,blk_8618395883140321457,INFO,packet_responder,disk_write,success,23.3,42.4,36.1,56.8,27.6,0.0,0.0000,LOW,Anomalous Pattern,NORMAL,NORMAL
2026-03-14 20:03:37,blk_5855292082925966480,INFO,packet_responder,disk_write,success,44.0,41.0,22.6,92.7,23.3,0.0,0.0000,LOW,Anomalous Pattern,NORMAL,NORMAL
2026-03-14 20:03:37,blk_6636711801972346068,INFO,namenode_service,block_operation,success,26.8,41.7,32.5,111.6,26.2,0.0,0.0000,LOW,Anomalous Pattern,NORMAL,NORMAL
2026-03-14 20:03:38,blk_8241532395156119733,INFO,datanode_service,disk_write,success,50.4,61.3,29.7,86.9,35.1,1.0,0.0000,LOW,Anomalous Pattern,NORMAL,NORMAL
2026-03-14 20:03:38,blk_-4313367823286747194,INFO,packet_responder,disk_write,success,53.5,57.4,44.7,84.0,20.3,1.0,0.0000,LOW,Anomalous Pattern,NORMAL,NORMAL
2026-03-14 20:03:39,blk_-8751430031300869919,INFO,packet_responder,disk_write,success,35.1,46.2,35.2,140.9,33.0,0.0,0.0000,LOW,Anomalous Pattern,NORMAL,NORMAL
2026-03-14 20:03:39,blk_-8425431613029333918,INFO,packet_responder,service_stop,failed,36.1,35.5,15.8,204.2,38.5,0.0,0.0000,LOW,Anomalous Pattern,NORMAL,NORMAL
2026-03-14 20:03:40,blk_-266536241831135283,INFO,namenode_service,block_operation,success,30.0,56.5,48.2,70.9,30.7,1.0,0.0000,LOW,Anomalous Pattern,NORMAL,NORMAL
2026-03-14 20:03:40,blk_-1033668505248182574,INFO,packet_responder,disk_write,success,55.3,48.9,31.1,148.1,19.6,1.0,0.0000,LOW,Anomalous Pattern,NORMAL,NORMAL
2026-03-14 20:03:40,blk_4799422628120502253,INFO,datanode_service,disk_write,success,28.0,47.8,22.1,122.2,38.7,0.0,0.0000,LOW,Anomalous Pattern,NORMAL,NORMAL
2026-03-14 20:03:40,blk_-9144193233156316881,INFO,packet_responder,disk_write,success,33.6,45.1,31.6,155.7,23.1,0.0,0.0000,LOW,Anomalous Pattern,NORMAL,NORMAL
2026-03-14 20:03:40,blk_1497428244691842204,INFO,datanode_service,disk_write,success,41.9,58.9,39.7,194.0,24.8,0.0,0.0000,LOW,Anomalous Pattern,NORMAL,NORMAL
2026-03-14 20:03:40,blk_3229790939724513501,INFO,datanode_service,disk_write,success,27.5,43.3,27.2,141.4,24.2,1.0,0.0000,LOW,Anomalous Pattern,NORMAL,NORMAL
2026-03-14 20:03:40,blk_-1456845913226324562,INFO,packet_responder,service_stop,failed,27.6,35.6,46.0,147.0,20.7,0.0,0.0000,LOW,Anomalous Pattern,NORMAL,NORMAL
2026-03-14 20:03:40,blk_7690880448956004912,INFO,namenode_service,block_operation,success,46.1,69.0,36.1,84.2,21.5,0.0,0.0000,LOW,Memory Pressure,NORMAL,NORMAL
2026-03-14 20:03:40,blk_5929032140236122817,INFO,packet_responder,service_stop,failed,55.9,39.6,26.2,150.8,22.3,1.0,0.0000,LOW,Anomalous Pattern,NORMAL,NORMAL
2026-03-14 20:03:40,blk_-7153347982003285426,INFO,namenode_service,block_operation,success,28.5,42.9,22.6,187.8,17.2,1.0,0.0000,LOW,Anomalous Pattern,NORMAL,NORMAL
2026-03-14 20:03:40,blk_-2706912306489512868,INFO,datanode_service,disk_write,success,41.3,42.4,15.4,114.3,7.6,1.0,0.0000,LOW,Anomalous Pattern,NORMAL,NORMAL
2026-03-14 20:03:41,blk_7242677848503532251,INFO,packet_responder,service_stop,failed,38.0,49.3,24.5,60.6,43.0,1.0,0.0000,LOW,Anomalous Pattern,NORMAL,NORMAL
2026-03-14 20:03:41,blk_5780786852871827499,INFO,packet_responder,disk_write,success,33.0,56.4,47.6,165.9,40.3,1.0,0.0000,LOW,Anomalous Pattern,NORMAL,NORMAL
2026-03-14 20:03:41,blk_2401760031778138677,INFO,namenode_service,resource_allocation,success,14.5,41.5,13.0,44.7,38.6,0.0,0.0000,LOW,Anomalous Pattern,NORMAL,NORMAL
2026-03-14 20:03:41,blk_4481784272145560255,INFO,packet_responder,service_stop,failed,22.4,55.0,29.4,128.6,33.7,0.0,0.0000,LOW,Anomalous Pattern,NORMAL,NORMAL
2026-03-14 20:03:41,blk_3447262222500659926,INFO,namenode_service,resource_allocation,success,35.6,53.9,19.4,148.9,21.9,0.0,0.0000,LOW,Anomalous Pattern,NORMAL,NORMAL
2026-03-14 20:03:41,blk_7732306871241740755,INFO,packet_responder,service_stop,failed,33.3,51.0,29.4,96.7,31.5,1.0,0.0000,LOW,Anomalous Pattern,NORMAL,NORMAL
2026-03-14 20:03:41,blk_-4710160024743429585,INFO,block_scanner,system_event,success,45.5,34.0,23.5,176.2,45.6,1.0,0.0000,LOW,Anomalous Pattern,NORMAL,NORMAL
2026-03-14 20:03:41,blk_1351054831790635703,INFO,namenode_service,block_operation,success,44.9,39.6,39.6,174.4,27.6,1.0,0.0000,LOW,Anomalous Pattern,NORMAL,NORMAL
2026-03-14 20:03:41,blk_-7169911840305078042,INFO,packet_responder,disk_write,success,50.8,45.9,41.0,102.4,22.5,1.0,0.0000,LOW,Anomalous Pattern,NORMAL,NORMAL
2026-03-14 20:03:41,blk_-88742971057695972,INFO,packet_responder,service_stop,failed,45.2,31.1,55.0,111.8,16.8,1.0,0.0000,LOW,Anomalous Pattern,NORMAL,NORMAL
2026-03-14 20:03:41,blk_1227887292743246627,INFO,namenode_service,block_operation,success,42.2,42.4,35.1,189.6,35.8,1.0,0.0000,LOW,Anomalous Pattern,NORMAL,NORMAL
2026-03-14 20:03:41,blk_-8187589158061744826,INFO,packet_responder,service_stop,failed,37.3,42.4,15.4,119.8,40.4,0.0,0.0000,LOW,Anomalous Pattern,NORMAL,NORMAL
2026-03-14 20:03:41,blk_1968368452697134719,INFO,packet_responder,service_stop,failed,52.1,41.9,18.6,160.4,18.2,0.0,0.0000,LOW,Anomalous Pattern,NORMAL,NORMAL
2026-03-14 20:03:41,blk_7217614889013313498,INFO,namenode_service,resource_allocation,success,50.2,60.7,39.8,105.1,29.2,0.0,0.0000,LOW,Anomalous Pattern,NORMAL,NORMAL
2026-03-14 20:03:41,blk_-3447317557630248579,INFO,namenode_service,resource_allocation,success,28.4,59.5,33.7,80.5,47.8,0.0,0.0000,LOW,Anomalous Pattern,NORMAL,NORMAL
2026-03-14 20:03:42,blk_2855555130770173168,INFO,packet_responder,service_stop,failed,29.8,25.1,40.1,168.3,25.1,1.0,0.0000,LOW,Anomalous Pattern,NORMAL,NORMAL
2026-03-14 20:03:42,blk_-8911447789335190051,INFO,namenode_service,resource_allocation,success,16.5,48.6,37.6,97.2,12.3,0.0,0.0000,LOW,Anomalous Pattern,NORMAL,NORMAL
2026-03-14 20:03:42,blk_-2417257097666596701,INFO,packet_responder,disk_write,success,54.7,60.5,23.8,114.7,21.8,1.0,0.0000,LOW,Anomalous Pattern,NORMAL,NORMAL
2026-03-14 20:03:42,blk_-8568238799136156069,INFO,namenode_service,block_operation,success,31.0,47.1,41.3,161.2,5.9,0.0,0.0000,LOW,Anomalous Pattern,NORMAL,NORMAL
2026-03-14 20:03:42,blk_8955019103629391894,INFO,datanode_service,disk_write,success,93.8,90.2,120.9,1342.1,533.5,8.0,1.0000,HIGH,Resource Exhaustion,FAILURE,ANOMALY
2026-03-14 20:03:42,blk_4844927006772029612,INFO,packet_responder,service_stop,failed,38.7,58.1,39.5,146.2,40.7,1.0,0.0000,LOW,Anomalous Pattern,NORMAL,NORMAL
2026-03-14 20:03:42,blk_2299776484607852464,INFO,datanode_service,disk_write,success,33.4,44.5,36.1,104.9,29.9,1.0,0.0000,LOW,Anomalous Pattern,NORMAL,NORMAL
2026-03-14 20:03:42,blk_-11235803176296143,INFO,datanode_service,disk_write,success,44.7,50.8,15.2,112.5,39.0,1.0,0.0000,LOW,Anomalous Pattern,NORMAL,NORMAL
2026-03-14 20:03:42,blk_-1456845913226324562,INFO,packet_responder,disk_write,success,34.9,42.6,32.5,62.3,21.4,0.0,0.0000,LOW,Anomalous Pattern,NORMAL,NORMAL
2026-03-14 20:03:42,blk_6739754674606691237,INFO,namenode_service,resource_allocation,success,30.7,55.5,30.0,125.5,36.4,0.0,0.0000,LOW,Anomalous Pattern,NORMAL,NORMAL
2026-03-14 20:03:42,blk_3752377836828037272,INFO,packet_responder,service_stop,failed,58.3,46.2,36.0,141.7,20.9,1.0,0.0000,LOW,Anomalous Pattern,NORMAL,NORMAL
2026-03-14 20:03:43,blk_8009320766684557243,INFO,datanode_service,disk_write,success,44.7,46.9,20.9,114.3,29.8,1.0,0.0000,LOW,Anomalous Pattern,NORMAL,NORMAL
2026-03-14 20:03:43,blk_6251516767993920889,INFO,packet_responder,service_stop,failed,39.2,50.6,22.1,67.1,20.0,0.0,0.0000,LOW,Anomalous Pattern,NORMAL,NORMAL
2026-03-14 20:03:43,blk_1435777409246420619,INFO,namenode_service,block_operation,success,39.2,47.4,14.2,139.3,32.8,1.0,0.0000,LOW,Anomalous Pattern,NORMAL,NORMAL
2026-03-14 20:03:44,blk_-4204337306619170127,INFO,datanode_service,disk_write,success,43.5,33.7,32.7,121.2,38.3,0.0,0.0000,LOW,Anomalous Pattern,NORMAL,NORMAL
2026-03-14 20:03:44,blk_8464056021668582878,INFO,namenode_service,block_operation,success,81.9,77.4,131.4,1528.1,599.6,4.0,0.9930,HIGH,Resource Exhaustion,FAILURE,ANOMALY
2026-03-14 20:03:44,blk_-7656774747649834853,INFO,namenode_service,block_operation,success,39.6,27.7,37.2,189.6,52.1,0.0,0.0000,LOW,Anomalous Pattern,NORMAL,NORMAL
2026-03-14 20:03:44,blk_3313884031794602791,INFO,datanode_service,disk_write,success,35.2,54.0,41.0,84.9,18.9,0.0,0.0000,LOW,Anomalous Pattern,NORMAL,NORMAL
2026-03-14 20:03:44,blk_-8373451839576259312,INFO,packet_responder,disk_write,success,26.3,37.7,26.6,106.6,21.5,0.0,0.0000,LOW,Anomalous Pattern,NORMAL,NORMAL
2026-03-14 20:03:44,blk_-496692173417080186,INFO,packet_responder,service_stop,failed,94.6,75.5,134.9,1359.7,666.9,5.0,1.0000,HIGH,Resource Exhaustion,FAILURE,ANOMALY
2026-03-14 20:03:44,blk_8481640719132794798,INFO,datanode_service,disk_write,success,98.3,84.3,119.3,1848.2,612.3,3.0,1.0000,HIGH,Resource Exhaustion,FAILURE,ANOMALY
2026-03-14 20:03:44,blk_432918229494965736,INFO,datanode_service,disk_write,success,39.7,59.6,18.6,198.4,47.2,1.0,0.0000,LOW,Anomalous Pattern,NORMAL,NORMAL
2026-03-14 20:03:44,blk_-1121340394120435664,INFO,packet_responder,disk_write,success,36.8,58.5,31.7,159.4,37.8,0.0,0.0000,LOW,Anomalous Pattern,NORMAL,NORMAL
2026-03-14 20:03:44,blk_729643617760937113,INFO,packet_responder,disk_write,success,41.6,61.2,27.0,126.8,20.1,1.0,0.0000,LOW,Anomalous Pattern,NORMAL,NORMAL
2026-03-14 20:03:44,blk_5929032140236122817,INFO,namenode_service,block_operation,success,48.9,42.5,28.7,124.0,41.5,0.0,0.0000,LOW,Anomalous Pattern,NORMAL,NORMAL
2026-03-14 20:03:45,blk_1222487654660893933,INFO,packet_responder,service_stop,failed,33.4,39.0,29.2,109.8,27.4,1.0,0.0000,LOW,Anomalous Pattern,NORMAL,NORMAL
2026-03-14 20:03:45,blk_-8810817302231021189,INFO,packet_responder,service_stop,failed,52.4,29.9,9.1,134.8,26.0,0.0,0.0000,LOW,Anomalous Pattern,NORMAL,NORMAL
2026-03-14 20:03:45,blk_-5121199652143580206,INFO,packet_responder,disk_write,success,35.4,44.1,36.7,113.2,14.3,0.0,0.0000,LOW,Anomalous Pattern,NORMAL,NORMAL
2026-03-14 20:03:45,blk_-5390285221455426073,INFO,packet_responder,disk_write,success,40.9,35.5,36.1,80.2,51.3,1.0,0.0000,LOW,Anomalous Pattern,NORMAL,NORMAL
2026-03-14 20:03:45,blk_-6244792945610404831,INFO,datanode_service,disk_write,success,38.6,53.9,24.6,137.4,33.5,1.0,0.0000,LOW,Anomalous Pattern,NORMAL,NORMAL
2026-03-14 20:03:45,blk_-61850960237133349,INFO,packet_responder,disk_write,success,43.1,45.6,21.6,128.2,33.0,0.0,0.0000,LOW,Anomalous Pattern,NORMAL,NORMAL
2026-03-14 20:03:45,blk_-3795454314453308098,INFO,datanode_service,disk_write,success,49.6,42.6,25.3,91.6,42.7,1.0,0.0000,LOW,Anomalous Pattern,NORMAL,NORMAL
2026-03-14 20:03:45,blk_-7130965162308749302,INFO,packet_responder,service_stop,failed,44.6,55.5,29.9,129.7,26.4,0.0,0.0000,LOW,Anomalous Pattern,NORMAL,NORMAL
2026-03-14 20:03:45,blk_-314107610177489077,INFO,namenode_service,resource_allocation,success,42.5,42.6,16.6,102.9,30.8,1.0,0.0000,LOW,Anomalous Pattern,NORMAL,NORMAL
2026-03-14 20:03:45,blk_-4063384288422330507,INFO,namenode_service,block_operation,success,18.9,56.4,24.3,105.2,45.0,1.0,0.0000,LOW,Anomalous Pattern,NORMAL,NORMAL
2026-03-14 20:03:45,blk_-4035747593787715753,INFO,packet_responder,disk_write,success,49.3,27.0,29.7,161.2,27.7,1.0,0.0000,LOW,Anomalous Pattern,NORMAL,NORMAL
2026-03-14 20:03:45,blk_-3165543383839644510,INFO,datanode_service,disk_write,success,38.0,70.7,27.2,112.7,12.9,1.0,0.0000,LOW,Memory Pressure,NORMAL,NORMAL
2026-03-14 20:03:45,blk_4562108002631923311,INFO,namenode_service,resource_allocation,success,44.8,40.6,38.2,79.2,40.3,1.0,0.0000,LOW,Anomalous Pattern,NORMAL,NORMAL
2026-03-14 20:03:45,blk_-4525106451631148227,INFO,datanode_service,disk_write,success,27.4,29.0,29.5,94.5,25.1,0.0,0.0000,LOW,Anomalous Pattern,NORMAL,NORMAL
2026-03-14 20:03:46,blk_-398207552508834674,INFO,namenode_service,block_operation,success,31.2,36.1,33.5,132.5,23.4,1.0,0.0000,LOW,Anomalous Pattern,NORMAL,NORMAL
2026-03-14 20:03:46,blk_4361240847831992854,INFO,packet_responder,service_stop,failed,47.6,64.9,28.6,136.8,39.6,0.0,0.0000,LOW,Anomalous Pattern,NORMAL,NORMAL
2026-03-14 20:03:46,blk_-2674857911841813851,INFO,packet_responder,service_stop,failed,41.3,51.6,40.4,63.5,57.5,1.0,0.0000,LOW,Anomalous Pattern,NORMAL,NORMAL
2026-03-14 20:03:46,blk_4912701224958239164,INFO,namenode_service,block_operation,success,55.4,40.6,35.6,129.3,26.0,0.0,0.0000,LOW,Anomalous Pattern,NORMAL,NORMAL
2026-03-14 20:03:46,blk_1211267575847435120,INFO,packet_responder,disk_write,success,50.5,51.6,47.8,147.6,55.7,0.0,0.0000,LOW,Anomalous Pattern,NORMAL,NORMAL
2026-03-14 20:03:46,blk_-7913337951711407020,INFO,namenode_service,block_operation,success,44.9,62.7,23.5,119.8,46.1,0.0,0.0000,LOW,Anomalous Pattern,NORMAL,NORMAL
2026-03-14 20:03:46,blk_-5357474945227393154,INFO,namenode_service,block_operation,success,33.3,52.2,24.9,108.5,31.0,0.0,0.0000,LOW,Anomalous Pattern,NORMAL,NORMAL
2026-03-14 20:03:46,blk_-2751942090366419582,INFO,packet_responder,service_stop,failed,26.9,51.1,12.7,132.4,9.5,0.0,0.0000,LOW,Anomalous Pattern,NORMAL,NORMAL
2026-03-14 20:03:46,blk_-4739682783140775119,INFO,datanode_service,disk_write,success,22.4,67.5,28.7,132.5,30.5,1.0,0.0000,LOW,Memory Pressure,NORMAL,NORMAL
2026-03-14 20:03:46,blk_-8462182464180463331,INFO,packet_responder,disk_write,success,38.9,35.4,38.7,96.7,38.7,0.0,0.0000,LOW,Anomalous Pattern,NORMAL,NORMAL
2026-03-14 20:03:46,blk_1118280264213894389,INFO,namenode_service,block_operation,success,52.9,52.4,32.3,125.6,43.2,0.0,0.0000,LOW,Anomalous Pattern,NORMAL,NORMAL
2026-03-14 20:03:46,blk_9040791865370476433,INFO,datanode_service,disk_write,success,69.9,81.8,137.3,1813.6,708.5,5.0,1.0000,HIGH,Memory Pressure,FAILURE,ANOMALY
2026-03-14 20:03:46,blk_1889006843934975072,INFO,packet_responder,disk_write,success,71.9,41.1,21.0,178.1,43.4,0.0,0.0000,LOW,Resource Exhaustion,NORMAL,NORMAL
2026-03-14 20:03:46,blk_-4035747593787715753,INFO,namenode_service,block_operation,success,32.9,49.5,3.0,122.0,28.5,0.0,0.0000,LOW,Anomalous Pattern,NORMAL,NORMAL
2026-03-14 20:03:47,blk_3437074093591142187,INFO,datanode_service,disk_write,success,28.8,37.8,34.8,129.2,41.1,1.0,0.0000,LOW,Anomalous Pattern,NORMAL,NORMAL
2026-03-14 20:03:47,blk_6872944299481040360,INFO,datanode_service,disk_write,success,64.7,53.8,53.1,96.6,20.3,1.0,0.0000,LOW,Anomalous Pattern,NORMAL,NORMAL
2026-03-14 20:03:47,blk_-8137933268063044270,INFO,packet_responder,service_stop,failed,30.5,56.8,37.5,127.0,14.1,1.0,0.0000,LOW,Anomalous Pattern,NORMAL,NORMAL
2026-03-14 20:03:47,blk_8531795826816713255,INFO,packet_responder,service_stop,failed,33.8,39.1,13.0,109.1,32.6,0.0,0.0000,LOW,Anomalous Pattern,NORMAL,NORMAL
2026-03-14 20:03:47,blk_-3607663163007427879,INFO,datanode_service,disk_write,success,34.4,46.0,35.1,157.6,37.6,1.0,0.0000,LOW,Anomalous Pattern,NORMAL,NORMAL
2026-03-14 20:03:47,blk_-4114858251160676022,INFO,namenode_service,resource_allocation,success,49.4,35.4,24.3,49.3,39.5,0.0,0.0000,LOW,Anomalous Pattern,NORMAL,NORMAL
2026-03-14 20:03:47,blk_-5397313821077959669,INFO,packet_responder,service_stop,failed,41.8,36.4,41.7,105.7,41.7,0.0,0.0000,LOW,Anomalous Pattern,NORMAL,NORMAL
2026-03-14 20:03:47,blk_5570135251324647021,INFO,packet_responder,service_stop,failed,48.3,43.3,24.3,112.3,39.9,1.0,0.0000,LOW,Anomalous Pattern,NORMAL,NORMAL
2026-03-14 20:03:48,blk_9218441083877477363,INFO,packet_responder,service_stop,failed,35.3,55.2,17.7,104.8,37.5,0.0,0.0000,LOW,Anomalous Pattern,NORMAL,NORMAL
2026-03-14 20:03:48,blk_78794702720525321,INFO,namenode_service,resource_allocation,success,58.4,72.3,42.9,148.0,26.6,0.0,0.0000,LOW,Memory Pressure,NORMAL,NORMAL
2026-03-14 20:03:48,blk_-8568238799136156069,INFO,datanode_service,disk_write,success,41.5,40.0,51.0,75.9,34.9,1.0,0.0000,LOW,Anomalous Pattern,NORMAL,NORMAL
2026-03-14 20:03:48,blk_-4478881677357186039,INFO,packet_responder,disk_write,success,17.9,39.8,49.2,90.5,62.2,0.0,0.0000,LOW,Anomalous Pattern,NORMAL,NORMAL
2026-03-14 20:03:48,blk_-2063667713951220880,INFO,namenode_service,resource_allocation,success,63.9,55.0,24.4,126.0,40.2,0.0,0.0000,LOW,Anomalous Pattern,NORMAL,NORMAL
2026-03-14 20:03:48,blk_8531795826816713255,INFO,namenode_service,block_operation,success,50.5,31.7,17.6,163.4,35.6,1.0,0.0000,LOW,Anomalous Pattern,NORMAL,NORMAL
2026-03-14 20:03:48,blk_-8512245923735585801,INFO,namenode_service,resource_allocation,success,27.8,42.8,43.3,144.0,23.7,1.0,0.0000,LOW,Anomalous Pattern,NORMAL,NORMAL
2026-03-14 20:03:48,blk_-749943446931802967,INFO,namenode_service,block_operation,success,34.3,33.4,35.7,182.6,25.1,1.0,0.0000,LOW,Anomalous Pattern,NORMAL,NORMAL
2026-03-14 20:03:48,blk_2176961593541361818,INFO,packet_responder,service_stop,failed,34.4,57.1,25.3,197.0,46.1,0.0,0.0000,LOW,Anomalous Pattern,NORMAL,NORMAL
2026-03-14 20:03:48,blk_1755611597604576316,INFO,datanode_service,disk_write,success,38.6,43.0,35.0,195.0,27.8,0.0,0.0000,LOW,Anomalous Pattern,NORMAL,NORMAL
2026-03-14 20:03:48,blk_5795256114719104203,INFO,namenode_service,block_operation,success,37.8,43.6,39.2,84.6,23.6,1.0,0.0000,LOW,Anomalous Pattern,NORMAL,NORMAL
2026-03-14 20:03:48,blk_7299377195610024288,INFO,namenode_service,block_operation,success,9.0,47.0,15.2,87.5,31.6,1.0,0.0000,LOW,Anomalous Pattern,NORMAL,NORMAL
2026-03-14 20:03:49,blk_7690880448956004912,INFO,datanode_service,disk_write,success,40.8,44.5,29.6,135.8,35.5,1.0,0.0000,LOW,Anomalous Pattern,NORMAL,NORMAL
2026-03-14 20:03:49,blk_-7292235370348462198,INFO,namenode_service,block_operation,success,21.6,36.3,21.7,181.3,33.9,0.0,0.0000,LOW,Anomalous Pattern,NORMAL,NORMAL
2026-03-14 20:03:49,blk_-6548349095963476507,INFO,datanode_service,disk_write,success,39.8,47.6,45.1,178.9,20.6,1.0,0.0000,LOW,Anomalous Pattern,NORMAL,NORMAL
2026-03-14 20:03:49,blk_-749943446931802967,INFO,packet_responder,service_stop,failed,45.1,55.2,29.7,110.0,26.8,0.0,0.0000,LOW,Anomalous Pattern,NORMAL,NORMAL
2026-03-14 20:03:49,blk_-6209239855782903616,INFO,datanode_service,disk_write,success,29.9,36.1,31.9,148.4,39.1,0.0,0.0000,LOW,Anomalous Pattern,NORMAL,NORMAL
2026-03-14 20:03:49,blk_4425968549912657176,INFO,datanode_service,disk_write,success,70.0,45.1,23.9,154.6,28.9,0.0,0.0000,LOW,Anomalous Pattern,NORMAL,NORMAL
2026-03-14 20:03:49,blk_552221420268760514,INFO,namenode_service,block_operation,success,27.2,47.2,23.7,111.9,34.6,0.0,0.0000,LOW,Anomalous Pattern,NORMAL,NORMAL
2026-03-14 20:03:49,blk_457626051374303579,INFO,packet_responder,service_stop,failed,58.9,57.6,44.4,103.7,23.6,1.0,0.0000,LOW,Anomalous Pattern,NORMAL,NORMAL
2026-03-14 20:03:49,blk_-2395278670196448513,INFO,namenode_service,resource_allocation,success,43.1,41.1,27.1,108.0,19.6,0.0,0.0000,LOW,Anomalous Pattern,NORMAL,NORMAL
2026-03-14 20:03:49,blk_-7782748091573440855,INFO,packet_responder,disk_write,success,37.9,46.3,21.5,139.2,13.9,1.0,0.0000,LOW,Anomalous Pattern,NORMAL,NORMAL
2026-03-14 20:03:49,blk_-4525106451631148227,INFO,namenode_service,block_operation,success,46.0,46.3,38.8,78.5,31.7,0.0,0.0000,LOW,Anomalous Pattern,NORMAL,NORMAL
2026-03-14 20:03:50,blk_7565480885848336489,INFO,datanode_service,disk_write,success,30.9,61.4,20.0,114.5,31.2,1.0,0.0000,LOW,Anomalous Pattern,NORMAL,NORMAL
2026-03-14 20:03:50,blk_6881232372021010564,INFO,datanode_service,disk_write,success,34.8,35.9,36.3,85.8,51.2,1.0,0.0000,LOW,Anomalous Pattern,NORMAL,NORMAL
2026-03-14 20:03:50,blk_-7551585676360109400,INFO,packet_responder,service_stop,failed,30.6,54.1,25.7,96.0,23.3,1.0,0.0000,LOW,Anomalous Pattern,NORMAL,NORMAL
2026-03-14 20:03:50,blk_1781450259419721043,INFO,datanode_service,disk_write,success,26.9,42.3,25.7,109.3,32.4,0.0,0.0000,LOW,Anomalous Pattern,NORMAL,NORMAL
2026-03-14 20:03:50,blk_3815510679457932917,INFO,datanode_service,disk_write,success,44.0,49.1,35.0,66.5,33.8,1.0,0.0000,LOW,Anomalous Pattern,NORMAL,NORMAL
2026-03-14 20:03:51,blk_-2324909767485353870,INFO,packet_responder,service_stop,failed,46.3,40.0,33.5,96.0,26.4,1.0,0.0000,LOW,Anomalous Pattern,NORMAL,NORMAL
2026-03-14 20:03:51,blk_8416980238974758180,INFO,packet_responder,disk_write,success,43.3,44.6,34.0,135.4,32.1,0.0,0.0000,LOW,Anomalous Pattern,NORMAL,NORMAL
2026-03-14 20:03:51,blk_-4734376377273630539,INFO,namenode_service,block_operation,success,48.0,38.0,25.0,126.0,25.4,1.0,0.0000,LOW,Anomalous Pattern,NORMAL,NORMAL
2026-03-14 20:03:51,blk_-5515912020632377951,INFO,packet_responder,service_stop,failed,26.1,51.6,34.2,86.2,23.3,1.0,0.0000,LOW,Anomalous Pattern,NORMAL,NORMAL
2026-03-14 20:03:51,blk_-8048785335649217506,INFO,datanode_service,disk_write,success,45.6,29.8,11.5,192.6,16.1,0.0,0.0000,LOW,Anomalous Pattern,NORMAL,NORMAL
2026-03-14 20:03:52,blk_4554154447628583767,INFO,packet_responder,service_stop,failed,28.2,59.2,17.7,129.7,6.8,1.0,0.0000,LOW,Anomalous Pattern,NORMAL,NORMAL
2026-03-14 20:03:52,blk_-7437315845082600832,INFO,namenode_service,block_operation,success,50.6,34.5,35.3,161.7,20.6,0.0,0.0000,LOW,Anomalous Pattern,NORMAL,NORMAL
2026-03-14 20:03:52,blk_3245194845343597758,INFO,packet_responder,disk_write,success,32.0,46.0,25.2,101.4,31.7,0.0,0.0000,LOW,Anomalous Pattern,NORMAL,NORMAL
2026-03-14 20:03:52,blk_4148266975992081292,INFO,packet_responder,disk_write,success,34.3,63.4,30.0,93.4,32.8,0.0,0.0000,LOW,Anomalous Pattern,NORMAL,NORMAL
2026-03-14 20:03:52,blk_7861382844251853275,INFO,namenode_service,block_operation,success,33.2,36.6,19.3,139.9,36.4,0.0,0.0000,LOW,Anomalous Pattern,NORMAL,NORMAL
2026-03-14 20:03:52,blk_-1954051922809122540,INFO,datanode_service,disk_write,success,33.2,46.6,23.8,136.6,15.5,0.0,0.0000,LOW,Anomalous Pattern,NORMAL,NORMAL
2026-03-14 20:03:53,blk_7410280219315853030,INFO,packet_responder,disk_write,success,35.4,62.1,40.4,56.5,18.2,0.0,0.0000,LOW,Anomalous Pattern,NORMAL,NORMAL
2026-03-14 20:03:53,blk_2996146936433929835,INFO,packet_responder,service_stop,failed,39.8,41.3,20.2,157.9,30.5,1.0,0.0000,LOW,Anomalous Pattern,NORMAL,NORMAL
2026-03-14 20:03:53,blk_4672607881935707646,INFO,packet_responder,disk_write,success,32.3,45.6,10.5,153.0,37.9,0.0,0.0000,LOW,Anomalous Pattern,NORMAL,NORMAL
2026-03-14 20:03:53,blk_3610735136856166450,INFO,datanode_service,disk_write,success,58.4,45.7,15.8,111.1,41.1,1.0,0.0000,LOW,Anomalous Pattern,NORMAL,NORMAL
2026-03-14 20:03:54,blk_5387672874091038371,INFO,packet_responder,service_stop,failed,25.6,51.3,31.4,154.3,32.7,1.0,0.0000,LOW,Anomalous Pattern,NORMAL,NORMAL
2026-03-14 20:03:54,blk_-7985415248440048381,INFO,packet_responder,disk_write,success,39.5,44.6,18.8,112.3,53.3,1.0,0.0000,LOW,Anomalous Pattern,NORMAL,NORMAL
2026-03-14 20:03:54,blk_3593946715364277837,INFO,datanode_service,disk_write,success,40.1,37.3,22.1,199.0,16.6,0.0,0.0000,LOW,Anomalous Pattern,NORMAL,NORMAL
2026-03-14 20:03:55,blk_-7899488197727730159,INFO,packet_responder,service_stop,failed,36.9,35.2,20.4,111.9,21.8,0.0,0.0000,LOW,Anomalous Pattern,NORMAL,NORMAL
2026-03-14 20:03:55,blk_-5632077416345354595,INFO,namenode_service,resource_allocation,success,60.5,51.3,18.5,100.8,18.2,0.0,0.0000,LOW,Anomalous Pattern,NORMAL,NORMAL
2026-03-14 20:03:55,blk_-4614190941607600188,INFO,namenode_service,block_operation,success,41.3,36.3,32.1,84.1,18.8,1.0,0.0000,LOW,Anomalous Pattern,NORMAL,NORMAL
2026-03-14 20:03:55,blk_4425968549912657176,INFO,namenode_service,resource_allocation,success,35.2,55.4,50.6,164.8,10.5,0.0,0.0000,LOW,Anomalous Pattern,NORMAL,NORMAL
2026-03-14 20:03:55,blk_-5357474945227393154,INFO,datanode_service,disk_write,success,35.3,62.4,28.4,96.5,27.2,0.0,0.0000,LOW,Anomalous Pattern,NORMAL,NORMAL
2026-03-14 20:03:56,blk_7382472187772084552,INFO,packet_responder,disk_write,success,60.9,33.8,22.9,104.3,24.1,0.0,0.0000,LOW,Anomalous Pattern,NORMAL,NORMAL
2026-03-14 20:03:56,blk_7885544651588309148,INFO,namenode_service,block_operation,success,56.5,58.2,29.4,173.1,39.2,1.0,0.0000,LOW,Anomalous Pattern,NORMAL,NORMAL
2026-03-14 20:03:56,blk_7604683085433170185,INFO,packet_responder,service_stop,failed,79.9,79.7,148.4,2189.2,773.7,4.0,1.0000,HIGH,Resource Exhaustion,FAILURE,ANOMALY
2026-03-14 20:03:56,blk_7498741417206238255,INFO,packet_responder,disk_write,success,37.6,34.2,31.3,199.0,19.9,1.0,0.0000,LOW,Anomalous Pattern,NORMAL,NORMAL
2026-03-14 20:03:56,blk_1729709289929511944,INFO,packet_responder,disk_write,success,35.2,57.0,36.6,89.6,21.8,1.0,0.0000,LOW,Anomalous Pattern,NORMAL,NORMAL
2026-03-14 20:03:57,blk_-91432804283851948,INFO,packet_responder,service_stop,failed,46.0,42.0,16.0,112.6,30.9,1.0,0.0000,LOW,Anomalous Pattern,NORMAL,NORMAL
2026-03-14 20:03:57,blk_-1224957283054514981,INFO,namenode_service,block_operation,success,52.6,46.9,28.9,182.0,31.1,0.0,0.0000,LOW,Anomalous Pattern,NORMAL,NORMAL
2026-03-14 20:03:57,blk_-5650284071008393242,INFO,datanode_service,disk_write,success,38.3,43.1,46.8,139.3,47.0,1.0,0.0000,LOW,Anomalous Pattern,NORMAL,NORMAL
2026-03-14 20:03:57,blk_-6231707776135892065,INFO,packet_responder,disk_write,success,34.6,48.1,49.0,169.3,23.1,1.0,0.0000,LOW,Anomalous Pattern,NORMAL,NORMAL
2026-03-14 20:03:57,blk_-846692099590749104,INFO,datanode_service,disk_write,success,54.6,60.4,33.3,135.2,29.2,1.0,0.0000,LOW,Anomalous Pattern,NORMAL,NORMAL
2026-03-14 20:03:57,blk_-2600584746587629507,INFO,namenode_service,resource_allocation,success,33.1,51.3,18.1,98.1,18.7,1.0,0.0000,LOW,Anomalous Pattern,NORMAL,NORMAL
2026-03-14 20:03:58,blk_-1541081311246038538,INFO,packet_responder,disk_write,success,44.4,57.1,31.9,164.6,22.8,1.0,0.0000,LOW,Anomalous Pattern,NORMAL,NORMAL
2026-03-14 20:03:58,blk_-7689031213313245416,INFO,block_scanner,system_event,success,32.8,50.8,33.1,138.9,30.0,1.0,0.0000,LOW,Anomalous Pattern,NORMAL,NORMAL
2026-03-14 20:03:58,blk_-5484140636019222892,INFO,packet_responder,disk_write,success,29.4,63.8,36.7,114.9,33.8,1.0,0.0000,LOW,Anomalous Pattern,NORMAL,NORMAL
2026-03-14 20:03:58,blk_552221420268760514,INFO,namenode_service,block_operation,success,34.8,68.3,27.6,200.7,23.2,0.0,0.0000,LOW,Memory Pressure,NORMAL,NORMAL
2026-03-14 20:03:58,blk_-6949403692315864808,INFO,datanode_service,disk_write,success,52.7,44.6,36.0,166.6,38.8,0.0,0.0000,LOW,Anomalous Pattern,NORMAL,NORMAL
2026-03-14 20:03:58,blk_6268356033391750699,INFO,namenode_service,block_operation,success,46.8,57.7,39.6,99.9,22.1,0.0,0.0000,LOW,Anomalous Pattern,NORMAL,NORMAL
2026-03-14 20:03:58,blk_-7726701663728257194,INFO,datanode_service,disk_write,success,48.5,52.0,31.2,124.8,31.6,0.0,0.0000,LOW,Anomalous Pattern,NORMAL,NORMAL
2026-03-14 20:03:59,blk_2981783798787150192,INFO,packet_responder,disk_write,success,27.3,48.0,31.9,163.1,32.1,0.0,0.0000,LOW,Anomalous Pattern,NORMAL,NORMAL
2026-03-14 20:03:59,blk_-3629339380441712772,INFO,namenode_service,block_operation,success,40.0,63.8,33.4,121.7,28.5,1.0,0.0000,LOW,Anomalous Pattern,NORMAL,NORMAL
2026-03-14 20:03:59,blk_1962591391414821700,INFO,packet_responder,service_stop,failed,56.8,43.0,32.7,94.9,31.7,1.0,0.0000,LOW,Anomalous Pattern,NORMAL,NORMAL
2026-03-14 20:03:59,blk_3593946715364277837,INFO,packet_responder,disk_write,success,32.0,55.1,17.0,193.6,14.9,0.0,0.0000,LOW,Anomalous Pattern,NORMAL,NORMAL
2026-03-14 20:03:59,blk_1023456518502237369,INFO,packet_responder,disk_write,success,50.1,48.9,15.5,143.0,34.4,1.0,0.0000,LOW,Anomalous Pattern,NORMAL,NORMAL
2026-03-14 20:04:00,blk_-2558498627417033797,INFO,packet_responder,disk_write,success,63.4,48.8,26.1,158.6,49.7,1.0,0.0000,LOW,Anomalous Pattern,NORMAL,NORMAL
2026-03-14 20:04:00,blk_6251516767993920889,INFO,packet_responder,service_stop,failed,30.4,51.0,33.9,157.7,35.2,0.0,0.0000,LOW,Anomalous Pattern,NORMAL,NORMAL
2026-03-14 20:04:00,blk_115414912953112190,INFO,packet_responder,disk_write,success,33.6,44.8,32.5,154.9,43.6,1.0,0.0000,LOW,Anomalous Pattern,NORMAL,NORMAL
2026-03-14 20:04:00,blk_747933557504373976,INFO,packet_responder,service_stop,failed,41.3,37.8,28.6,190.6,43.7,0.0,0.0000,LOW,Anomalous Pattern,NORMAL,NORMAL
2026-03-14 20:04:00,blk_4672607881935707646,INFO,namenode_service,resource_allocation,success,44.8,48.0,28.5,146.8,14.7,1.0,0.0000,LOW,Anomalous Pattern,NORMAL,NORMAL
2026-03-14 20:04:00,blk_-763340821576419513,INFO,packet_responder,disk_write,success,36.8,45.4,33.9,62.1,17.1,1.0,0.0000,LOW,Anomalous Pattern,NORMAL,NORMAL
2026-03-14 20:04:01,blk_7753350855176321375,INFO,packet_responder,service_stop,failed,43.7,36.0,24.2,95.6,9.4,1.0,0.0000,LOW,Anomalous Pattern,NORMAL,NORMAL
2026-03-14 20:04:01,blk_321306018809343322,INFO,packet_responder,disk_write,success,38.9,47.0,36.9,99.1,22.1,1.0,0.0000,LOW,Anomalous Pattern,NORMAL,NORMAL
2026-03-14 20:04:01,blk_4693746899046199282,INFO,packet_responder,disk_write,success,41.4,40.2,30.6,92.1,22.7,1.0,0.0000,LOW,Anomalous Pattern,NORMAL,NORMAL
2026-03-14 20:04:01,blk_-2381013440026895384,INFO,packet_responder,disk_write,success,43.3,42.9,26.6,119.7,27.8,0.0,0.0000,LOW,Anomalous Pattern,NORMAL,NORMAL
2026-03-14 20:04:01,blk_4357311876467533525,INFO,packet_responder,disk_write,success,38.5,64.8,38.7,117.5,33.8,1.0,0.0000,LOW,Anomalous Pattern,NORMAL,NORMAL
2026-03-14 20:04:01,blk_2917739067652441235,INFO,datanode_service,disk_write,success,58.4,42.1,31.9,115.0,38.3,0.0,0.0000,LOW,Anomalous Pattern,NORMAL,NORMAL
2026-03-14 20:04:02,blk_-6106585320796831523,INFO,packet_responder,service_stop,failed,38.7,42.4,9.9,200.8,31.4,0.0,0.0000,LOW,Anomalous Pattern,NORMAL,NORMAL
2026-03-14 20:04:02,blk_-6013644698032303277,INFO,packet_responder,disk_write,success,47.4,49.7,39.5,142.0,27.6,0.0,0.0000,LOW,Anomalous Pattern,NORMAL,NORMAL
2026-03-14 20:04:02,blk_4482089526504922100,INFO,datanode_service,disk_write,success,36.9,54.5,45.3,143.9,21.5,0.0,0.0000,LOW,Anomalous Pattern,NORMAL,NORMAL
2026-03-14 20:04:02,blk_2828148487212807569,INFO,packet_responder,service_stop,failed,53.5,58.5,13.4,10.0,19.6,1.0,0.0000,LOW,Anomalous Pattern,NORMAL,NORMAL
2026-03-14 20:04:02,blk_-5144253672909461012,INFO,namenode_service,block_operation,success,30.1,55.6,35.1,56.3,43.0,0.0,0.0000,LOW,Anomalous Pattern,NORMAL,NORMAL
2026-03-14 20:04:02,blk_715716749116703060,INFO,datanode_service,disk_write,success,21.8,31.7,19.6,119.5,24.7,0.0,0.0000,LOW,Anomalous Pattern,NORMAL,NORMAL
2026-03-14 20:04:02,blk_274252151018950480,INFO,namenode_service,resource_allocation,success,30.1,63.6,44.4,142.1,17.0,0.0,0.0000,LOW,Anomalous Pattern,NORMAL,NORMAL
2026-03-14 20:04:03,blk_7217614889013313498,INFO,packet_responder,disk_write,success,39.1,55.3,23.7,108.0,26.0,0.0,0.0000,LOW,Anomalous Pattern,NORMAL,NORMAL
2026-03-14 20:04:03,blk_3394569973658158026,INFO,namenode_service,block_operation,success,46.7,49.3,42.1,135.2,34.2,1.0,0.0000,LOW,Anomalous Pattern,NORMAL,NORMAL
2026-03-14 20:04:03,blk_-1966946637220555511,INFO,packet_responder,disk_write,success,32.2,55.9,42.5,53.2,36.7,0.0,0.0000,LOW,Anomalous Pattern,NORMAL,NORMAL
2026-03-14 20:04:03,blk_-8911447789335190051,INFO,datanode_service,disk_write,success,47.3,39.8,34.3,97.7,36.6,0.0,0.0000,LOW,Anomalous Pattern,NORMAL,NORMAL
2026-03-14 20:04:03,blk_-5964337443301864415,INFO,packet_responder,disk_write,success,47.6,46.9,29.1,148.7,42.9,0.0,0.0000,LOW,Anomalous Pattern,NORMAL,NORMAL
2026-03-14 20:04:04,blk_8583609883851289399,INFO,packet_responder,service_stop,failed,82.0,93.9,126.1,1508.6,565.5,5.0,1.0000,HIGH,Resource Exhaustion,FAILURE,ANOMALY
2026-03-14 20:04:04,blk_-3140647706655526193,INFO,datanode_service,disk_write,success,45.9,54.1,46.7,124.7,45.2,1.0,0.0000,LOW,Anomalous Pattern,NORMAL,NORMAL
2026-03-14 20:04:04,blk_8243751147898430262,INFO,namenode_service,block_operation,success,31.1,38.0,40.1,14.4,32.0,0.0,0.0000,LOW,Anomalous Pattern,NORMAL,NORMAL
2026-03-14 20:04:04,blk_-5386096634569541848,INFO,namenode_service,resource_allocation,success,35.6,41.2,39.3,106.2,16.7,0.0,0.0000,LOW,Anomalous Pattern,NORMAL,NORMAL
2026-03-14 20:04:05,blk_4479482474608161111,INFO,packet_responder,service_stop,failed,32.5,59.3,14.0,17.0,7.2,0.0,0.0000,LOW,Anomalous Pattern,NORMAL,NORMAL
2026-03-14 20:04:05,blk_4683621961716800358,INFO,datanode_service,disk_write,success,44.6,43.7,15.6,211.0,31.2,0.0,0.0000,LOW,Anomalous Pattern,NORMAL,NORMAL
2026-03-14 20:04:05,blk_-5937773175168451180,INFO,datanode_service,disk_write,success,42.0,66.2,30.8,153.5,34.0,0.0,0.0000,LOW,Memory Pressure,NORMAL,NORMAL
2026-03-14 20:04:05,blk_9125365570068442212,INFO,datanode_service,disk_write,success,60.9,38.6,42.4,129.8,26.6,0.0,0.0000,LOW,Anomalous Pattern,NORMAL,NORMAL
2026-03-14 20:04:05,blk_8729768707867317330,INFO,datanode_service,disk_write,success,78.0,82.7,156.2,1136.6,400.1,5.0,0.9996,HIGH,Resource Exhaustion,FAILURE,ANOMALY
2026-03-14 20:04:06,blk_9019875043310913260,INFO,namenode_service,block_operation,success,43.9,65.3,23.0,128.8,38.7,1.0,0.0000,LOW,Memory Pressure,NORMAL,NORMAL
2026-03-14 20:04:06,blk_9211607823870317301,INFO,datanode_service,disk_write,success,71.8,84.9,117.3,2237.9,403.8,6.0,1.0000,HIGH,Resource Exhaustion,FAILURE,ANOMALY
2026-03-14 20:04:06,blk_2530388316556124019,INFO,packet_responder,disk_write,success,43.3,39.4,31.0,150.8,36.5,0.0,0.0000,LOW,Anomalous Pattern,NORMAL,NORMAL
2026-03-14 20:04:06,blk_7775703395393605750,INFO,datanode_service,disk_write,success,93.1,77.2,107.6,2800.1,777.3,3.0,1.0000,HIGH,Resource Exhaustion,FAILURE,ANOMALY
2026-03-14 20:04:06,blk_-314107610177489077,INFO,namenode_service,block_operation,success,47.3,61.8,18.4,95.6,25.9,0.0,0.0000,LOW,Anomalous Pattern,NORMAL,NORMAL
2026-03-14 20:04:07,blk_-402923369251941703,INFO,packet_responder,service_stop,failed,37.2,51.5,56.1,168.3,25.3,0.0,0.0000,LOW,Anomalous Pattern,NORMAL,NORMAL
2026-03-14 20:04:07,blk_-4844882844844688070,INFO,packet_responder,disk_write,success,40.7,10.9,36.9,91.1,32.6,0.0,0.0000,LOW,Anomalous Pattern,NORMAL,NORMAL
2026-03-14 20:04:07,blk_8991236866820352815,INFO,namenode_service,block_operation,success,42.7,48.2,38.6,94.9,10.9,0.0,0.0000,LOW,Anomalous Pattern,NORMAL,NORMAL
2026-03-14 20:04:07,blk_-8130910895347126837,INFO,datanode_service,disk_write,success,28.2,46.8,43.0,138.5,27.1,1.0,0.0000,LOW,Anomalous Pattern,NORMAL,NORMAL
2026-03-14 20:04:07,blk_1540434117883234974,INFO,packet_responder,service_stop,failed,34.6,39.0,26.0,100.2,9.6,1.0,0.0000,LOW,Anomalous Pattern,NORMAL,NORMAL
2026-03-14 20:04:08,blk_1453995572602461976,INFO,packet_responder,disk_write,success,34.2,54.7,34.1,126.7,28.5,1.0,0.0000,LOW,Anomalous Pattern,NORMAL,NORMAL
2026-03-14 20:04:08,blk_-6632242184303673957,INFO,namenode_service,resource_allocation,success,37.4,65.0,23.8,115.1,20.0,1.0,0.0000,LOW,Anomalous Pattern,NORMAL,NORMAL
2026-03-14 20:04:08,blk_-7905267951566891324,INFO,namenode_service,resource_allocation,success,36.7,50.6,18.7,62.4,39.1,0.0,0.0000,LOW,Anomalous Pattern,NORMAL,NORMAL
2026-03-14 20:04:08,blk_3680536480410303457,INFO,datanode_service,disk_write,success,27.3,58.9,30.6,63.9,18.5,0.0,0.0000,LOW,Anomalous Pattern,NORMAL,NORMAL
2026-03-14 20:04:08,blk_6513249857518959145,INFO,namenode_service,block_operation,success,23.7,49.5,44.9,167.3,40.9,0.0,0.0000,LOW,Anomalous Pattern,NORMAL,NORMAL
2026-03-14 20:04:08,blk_1695783051214597064,INFO,packet_responder,service_stop,failed,40.5,41.9,30.9,159.8,40.5,0.0,0.0000,LOW,Anomalous Pattern,NORMAL,NORMAL
2026-03-14 20:04:08,blk_-314107610177489077,INFO,datanode_service,disk_write,success,48.0,43.6,34.0,105.1,27.6,1.0,0.0000,LOW,Anomalous Pattern,NORMAL,NORMAL
2026-03-14 20:04:09,blk_-1188694941716637617,INFO,packet_responder,disk_write,success,32.5,38.6,33.7,93.4,29.3,1.0,0.0000,LOW,Anomalous Pattern,NORMAL,NORMAL
2026-03-14 20:04:09,blk_5589437616607043099,INFO,packet_responder,service_stop,failed,51.7,51.6,31.1,106.2,34.0,1.0,0.0000,LOW,Anomalous Pattern,NORMAL,NORMAL
2026-03-14 20:04:09,blk_-8878138529460157563,INFO,namenode_service,block_operation,success,37.5,35.3,35.5,143.9,15.3,1.0,0.0000,LOW,Anomalous Pattern,NORMAL,NORMAL
2026-03-14 20:04:09,blk_6950575114473625182,INFO,namenode_service,block_operation,success,54.3,45.6,31.8,80.9,53.4,0.0,0.0000,LOW,Anomalous Pattern,NORMAL,NORMAL
2026-03-14 20:04:09,blk_6797167627343588050,INFO,datanode_service,disk_write,success,37.4,55.5,39.1,110.9,16.1,1.0,0.0000,LOW,Anomalous Pattern,NORMAL,NORMAL
2026-03-14 20:04:09,blk_-3010526786213026725,INFO,packet_responder,service_stop,failed,37.1,39.0,38.7,161.2,32.6,1.0,0.0000,LOW,Anomalous Pattern,NORMAL,NORMAL
2026-03-14 20:04:10,blk_8362325295506522506,INFO,packet_responder,disk_write,success,100.0,85.3,178.0,1373.6,636.1,6.0,1.0000,HIGH,Resource Exhaustion,FAILURE,ANOMALY
2026-03-14 20:04:10,blk_4778480235039688869,INFO,namenode_service,resource_allocation,success,53.3,43.6,42.7,154.1,22.5,1.0,0.0000,LOW,Anomalous Pattern,NORMAL,NORMAL
2026-03-14 20:04:10,blk_-6829067152831195780,INFO,datanode_service,disk_write,success,35.2,55.9,17.8,110.0,29.5,1.0,0.0000,LOW,Anomalous Pattern,NORMAL,NORMAL
2026-03-14 20:04:10,blk_-4526460280838537726,INFO,packet_responder,service_stop,failed,29.9,53.5,28.6,182.1,28.9,0.0,0.0000,LOW,Anomalous Pattern,NORMAL,NORMAL
2026-03-14 20:04:10,blk_8027554778714630524,INFO,namenode_service,block_operation,success,19.4,38.9,24.3,109.8,35.6,0.0,0.0000,LOW,Anomalous Pattern,NORMAL,NORMAL
2026-03-14 20:04:11,blk_-8931300634719053780,INFO,datanode_service,disk_write,success,30.3,45.3,39.3,221.2,33.1,0.0,0.0000,LOW,Anomalous Pattern,NORMAL,NORMAL
2026-03-14 20:04:11,blk_1791302061258128439,INFO,packet_responder,service_stop,failed,52.1,43.7,19.9,141.3,25.8,0.0,0.0000,LOW,Anomalous Pattern,NORMAL,NORMAL
2026-03-14 20:04:11,blk_8184401086745491057,INFO,namenode_service,block_operation,success,25.6,56.9,20.2,138.6,1.0,1.0,0.0000,LOW,Anomalous Pattern,NORMAL,NORMAL
2026-03-14 20:04:11,blk_-7590913608990175311,INFO,namenode_service,block_operation,success,42.7,42.0,37.2,168.9,23.9,1.0,0.0000,LOW,Anomalous Pattern,NORMAL,NORMAL
2026-03-14 20:04:12,blk_2721250227577520977,INFO,namenode_service,resource_allocation,success,42.8,40.8,29.8,77.0,35.4,0.0,0.0000,LOW,Anomalous Pattern,NORMAL,NORMAL
2026-03-14 20:04:12,blk_8330478536110405061,INFO,datanode_service,disk_write,success,97.0,78.9,185.6,2177.4,358.4,7.0,1.0000,HIGH,Resource Exhaustion,FAILURE,ANOMALY
2026-03-14 20:04:12,blk_7042587386141482587,INFO,packet_responder,disk_write,success,45.9,44.4,36.5,88.6,27.1,1.0,0.0000,LOW,Anomalous Pattern,NORMAL,NORMAL
2026-03-14 20:04:12,blk_3883438709819451789,INFO,packet_responder,service_stop,failed,45.4,38.1,46.1,110.1,49.2,1.0,0.0000,LOW,Anomalous Pattern,NORMAL,NORMAL
2026-03-14 20:04:12,blk_3891879128828301357,INFO,namenode_service,resource_allocation,success,47.9,50.0,24.3,130.2,16.7,1.0,0.0000,LOW,Anomalous Pattern,NORMAL,NORMAL
2026-03-14 20:04:13,blk_1683731415378777004,INFO,packet_responder,service_stop,failed,43.2,50.8,35.0,58.2,35.1,0.0,0.0000,LOW,Anomalous Pattern,NORMAL,NORMAL
2026-03-14 20:04:13,blk_8308890730054904384,INFO,datanode_service,disk_write,success,33.2,28.2,27.2,175.7,35.3,0.0,0.0000,LOW,Anomalous Pattern,NORMAL,NORMAL
2026-03-14 20:04:13,blk_2309144736445361280,INFO,datanode_service,disk_write,success,45.0,37.5,45.0,129.0,36.0,1.0,0.0000,LOW,Anomalous Pattern,NORMAL,NORMAL
2026-03-14 20:04:13,blk_5873066450236960816,INFO,namenode_service,resource_allocation,success,27.6,49.2,26.6,110.0,25.0,0.0,0.0000,LOW,Anomalous Pattern,NORMAL,NORMAL
2026-03-14 20:04:13,blk_1819115441742884087,INFO,datanode_service,disk_write,success,36.1,64.9,22.3,114.2,15.5,0.0,0.0000,LOW,Anomalous Pattern,NORMAL,NORMAL
2026-03-14 20:04:13,blk_-725893085790216937,INFO,datanode_service,disk_write,success,35.2,51.7,22.0,183.8,8.0,0.0,0.0000,LOW,Anomalous Pattern,NORMAL,NORMAL
2026-03-14 20:04:13,blk_3050920587428079149,INFO,datanode_service,disk_write,success,39.2,23.9,39.2,144.4,24.1,0.0,0.0000,LOW,Anomalous Pattern,NORMAL,NORMAL
2026-03-14 20:04:13,blk_-2433101765533683500,INFO,packet_responder,service_stop,failed,51.2,38.3,38.4,62.9,40.3,1.0,0.0000,LOW,Anomalous Pattern,NORMAL,NORMAL
2026-03-14 20:04:13,blk_-4800840473450696535,INFO,namenode_service,block_operation,success,36.4,70.6,33.7,84.7,15.3,1.0,0.0000,LOW,Memory Pressure,NORMAL,NORMAL
2026-03-14 20:04:13,blk_5689425793342006078,INFO,namenode_service,block_operation,success,51.5,37.0,29.3,58.5,18.7,0.0,0.0000,LOW,Anomalous Pattern,NORMAL,NORMAL
2026-03-14 20:04:13,blk_188945537915310061,INFO,packet_responder,disk_write,success,39.6,39.6,25.6,69.1,23.0,1.0,0.0000,LOW,Anomalous Pattern,NORMAL,NORMAL
2026-03-14 20:04:13,blk_-5945808511794316210,INFO,namenode_service,block_operation,success,32.9,46.6,23.7,121.2,25.1,0.0,0.0000,LOW,Anomalous Pattern,NORMAL,NORMAL
2026-03-14 20:04:14,blk_1847751055431572519,INFO,packet_responder,service_stop,failed,24.6,51.0,38.9,100.9,34.0,1.0,0.0000,LOW,Anomalous Pattern,NORMAL,NORMAL
2026-03-14 20:04:14,blk_-5222029744473476659,INFO,datanode_service,disk_write,success,52.9,24.8,19.7,108.5,25.1,1.0,0.0000,LOW,Anomalous Pattern,NORMAL,NORMAL
2026-03-14 20:04:14,blk_-2746403005109568294,INFO,datanode_service,disk_write,success,37.9,39.5,28.8,149.6,39.5,0.0,0.0000,LOW,Anomalous Pattern,NORMAL,NORMAL
2026-03-14 20:04:14,blk_4005961392876834016,INFO,namenode_service,block_operation,success,43.4,53.5,21.5,98.1,21.1,1.0,0.0000,LOW,Anomalous Pattern,NORMAL,NORMAL
2026-03-14 20:04:14,blk_7952030914986014854,INFO,datanode_service,disk_write,success,36.8,52.3,23.9,139.6,26.6,1.0,0.0000,LOW,Anomalous Pattern,NORMAL,NORMAL
2026-03-14 20:04:14,blk_-4351188904554263838,INFO,datanode_service,disk_write,success,45.4,60.5,41.2,97.0,30.2,0.0,0.0000,LOW,Anomalous Pattern,NORMAL,NORMAL
2026-03-14 20:04:14,blk_2176961593541361818,INFO,datanode_service,disk_write,success,25.8,60.5,22.6,166.7,28.9,1.0,0.0000,LOW,Anomalous Pattern,NORMAL,NORMAL
2026-03-14 20:04:14,blk_4035025877450930522,INFO,datanode_service,disk_write,success,34.7,63.6,25.6,152.5,17.4,1.0,0.0000,LOW,Anomalous Pattern,NORMAL,NORMAL
2026-03-14 20:04:14,blk_2854751391165080740,INFO,datanode_service,disk_write,success,41.2,53.7,19.1,182.2,30.3,1.0,0.0000,LOW,Anomalous Pattern,NORMAL,NORMAL
2026-03-14 20:04:14,blk_-9156203759104850182,INFO,namenode_service,block_operation,success,27.5,40.9,28.6,170.2,17.9,1.0,0.0000,LOW,Anomalous Pattern,NORMAL,NORMAL
2026-03-14 20:04:15,blk_-1820533276097176285,INFO,packet_responder,disk_write,success,41.3,40.7,36.1,74.3,50.2,0.0,0.0000,LOW,Anomalous Pattern,NORMAL,NORMAL
2026-03-14 20:04:15,blk_5200305959009212075,INFO,namenode_service,block_operation,success,31.3,71.0,35.7,153.2,27.3,0.0,0.0000,LOW,Memory Pressure,NORMAL,NORMAL
2026-03-14 20:04:15,blk_-6209239855782903616,INFO,datanode_service,disk_write,success,49.9,12.8,38.7,66.9,37.8,0.0,0.0000,LOW,Anomalous Pattern,NORMAL,NORMAL
2026-03-14 20:04:15,blk_-3311001764160777552,INFO,datanode_service,disk_write,success,55.4,43.8,28.4,136.3,16.3,0.0,0.0000,LOW,Anomalous Pattern,NORMAL,NORMAL
2026-03-14 20:04:15,blk_8114670643662631981,INFO,namenode_service,block_operation,success,30.9,48.4,21.7,119.8,26.6,1.0,0.0000,LOW,Anomalous Pattern,NORMAL,NORMAL
2026-03-14 20:04:15,blk_-8544864090486454378,INFO,packet_responder,disk_write,success,43.3,36.9,36.8,59.9,28.5,0.0,0.0000,LOW,Anomalous Pattern,NORMAL,NORMAL
2026-03-14 20:04:15,blk_-7590913608990175311,INFO,packet_responder,disk_write,success,50.5,46.2,42.1,130.4,40.7,1.0,0.0000,LOW,Anomalous Pattern,NORMAL,NORMAL
2026-03-14 20:04:15,blk_7548483502617404629,INFO,datanode_service,disk_write,success,40.1,45.6,40.9,79.6,18.1,0.0,0.0000,LOW,Anomalous Pattern,NORMAL,NORMAL
2026-03-14 20:04:15,blk_3649775987949138965,INFO,packet_responder,service_stop,failed,31.8,62.9,26.9,106.2,1.0,1.0,0.0000,LOW,Anomalous Pattern,NORMAL,NORMAL
2026-03-14 20:04:15,blk_1758058140904291753,INFO,datanode_service,disk_write,success,31.1,61.5,33.6,131.7,39.8,1.0,0.0000,LOW,Anomalous Pattern,NORMAL,NORMAL
2026-03-14 20:04:15,blk_1335153844785062057,INFO,datanode_service,disk_write,success,49.7,59.3,44.4,82.2,29.5,0.0,0.0000,LOW,Anomalous Pattern,NORMAL,NORMAL
2026-03-14 20:04:15,blk_3490915398683954560,INFO,packet_responder,service_stop,failed,42.0,43.7,51.6,118.1,36.3,1.0,0.0000,LOW,Anomalous Pattern,NORMAL,NORMAL
2026-03-14 20:04:16,blk_-8187589158061744826,INFO,namenode_service,block_operation,success,37.9,44.5,42.2,116.8,20.9,1.0,0.0000,LOW,Anomalous Pattern,NORMAL,NORMAL
2026-03-14 20:04:16,blk_4355344108810240671,INFO,namenode_service,block_operation,success,42.4,61.8,35.1,122.1,25.3,1.0,0.0000,LOW,Anomalous Pattern,NORMAL,NORMAL
2026-03-14 20:04:16,blk_-6768921716862227239,INFO,namenode_service,resource_allocation,success,35.9,49.3,34.9,150.0,36.8,0.0,0.0000,LOW,Anomalous Pattern,NORMAL,NORMAL
2026-03-14 20:04:16,blk_4792636525877751535,INFO,datanode_service,disk_write,success,41.5,37.3,17.0,100.5,38.3,1.0,0.0000,LOW,Anomalous Pattern,NORMAL,NORMAL
2026-03-14 20:04:16,blk_-6995305189938043798,INFO,packet_responder,disk_write,success,32.0,37.0,23.8,189.2,13.7,0.0,0.0000,LOW,Anomalous Pattern,NORMAL,NORMAL
2026-03-14 20:04:16,blk_2519558613053677007,INFO,packet_responder,service_stop,failed,59.5,39.7,45.8,99.0,34.1,0.0,0.0000,LOW,Anomalous Pattern,NORMAL,NORMAL
2026-03-14 20:04:16,blk_-8577364683240573489,INFO,datanode_service,disk_write,success,55.5,52.0,23.9,148.1,21.3,1.0,0.0000,LOW,Anomalous Pattern,NORMAL,NORMAL
2026-03-14 20:04:16,blk_-4029295427425860743,INFO,namenode_service,block_operation,success,40.5,44.6,24.0,117.6,27.4,1.0,0.0000,LOW,Anomalous Pattern,NORMAL,NORMAL
2026-03-14 20:04:16,blk_5132580756512841629,INFO,packet_responder,disk_write,success,49.2,58.0,47.8,110.7,13.4,1.0,0.0000,LOW,Anomalous Pattern,NORMAL,NORMAL
2026-03-14 20:04:16,blk_-2901054034036794313,INFO,packet_responder,service_stop,failed,19.6,66.7,15.5,154.6,18.8,0.0,0.0000,LOW,Memory Pressure,NORMAL,NORMAL
2026-03-14 20:04:16,blk_-842167226993033719,INFO,namenode_service,block_operation,success,43.6,48.2,34.9,195.1,24.8,0.0,0.0000,LOW,Anomalous Pattern,NORMAL,NORMAL
2026-03-14 20:04:16,blk_4891636506281238324,INFO,namenode_service,block_operation,success,61.6,57.6,28.9,113.5,42.1,1.0,0.0000,LOW,Anomalous Pattern,NORMAL,NORMAL
2026-03-14 20:04:17,blk_-224752647040741018,INFO,namenode_service,block_operation,success,48.8,64.2,30.5,167.8,19.6,0.0,0.0000,LOW,Anomalous Pattern,NORMAL,NORMAL
2026-03-14 20:04:17,blk_586256906251371514,INFO,namenode_service,block_operation,success,49.5,47.6,20.1,64.8,28.4,0.0,0.0000,LOW,Anomalous Pattern,NORMAL,NORMAL
2026-03-14 20:04:17,blk_-3234677263924537437,INFO,packet_responder,disk_write,success,37.1,63.8,30.1,67.1,29.0,1.0,0.0000,LOW,Anomalous Pattern,NORMAL,NORMAL
2026-03-14 20:04:17,blk_4296336748908023245,INFO,packet_responder,disk_write,success,35.1,45.4,21.1,96.5,33.1,0.0,0.0000,LOW,Anomalous Pattern,NORMAL,NORMAL
2026-03-14 20:04:17,blk_-4038933124210532319,INFO,packet_responder,disk_write,success,45.6,58.9,18.8,123.6,28.9,1.0,0.0000,LOW,Anomalous Pattern,NORMAL,NORMAL
2026-03-14 20:04:17,blk_-533210835770446829,INFO,packet_responder,service_stop,failed,55.8,26.3,35.8,203.3,24.2,0.0,0.0000,LOW,Anomalous Pattern,NORMAL,NORMAL
2026-03-14 20:04:17,blk_-91432804283851948,INFO,datanode_service,disk_write,success,38.2,38.0,34.4,87.3,53.4,0.0,0.0000,LOW,Anomalous Pattern,NORMAL,NORMAL
2026-03-14 20:04:17,blk_-1584242180449089941,INFO,datanode_service,disk_write,success,40.0,56.0,37.0,77.5,38.5,1.0,0.0000,LOW,Anomalous Pattern,NORMAL,NORMAL
2026-03-14 20:04:17,blk_-1541622745159317434,INFO,packet_responder,service_stop,failed,44.0,42.8,22.9,165.4,35.0,0.0,0.0000,LOW,Anomalous Pattern,NORMAL,NORMAL
2026-03-14 20:04:17,blk_-7060928140365385716,INFO,packet_responder,service_stop,failed,46.7,37.2,28.8,74.1,23.4,0.0,0.0000,LOW,Anomalous Pattern,NORMAL,NORMAL
2026-03-14 20:04:18,blk_4563315343686099302,INFO,namenode_service,resource_allocation,success,31.5,42.2,29.2,99.5,28.6,1.0,0.0000,LOW,Anomalous Pattern,NORMAL,NORMAL
2026-03-14 20:04:18,blk_-5298282151992309368,INFO,packet_responder,disk_write,success,50.2,26.9,28.8,76.6,30.5,0.0,0.0000,LOW,Anomalous Pattern,NORMAL,NORMAL
2026-03-14 20:04:18,blk_-6921855556554428727,INFO,datanode_service,disk_write,success,32.9,64.0,33.6,146.8,22.5,0.0,0.0000,LOW,Anomalous Pattern,NORMAL,NORMAL
2026-03-14 20:04:18,blk_-6670958622368987959,INFO,namenode_service,block_operation,success,22.4,24.9,22.9,145.2,24.5,0.0,0.0000,LOW,Anomalous Pattern,NORMAL,NORMAL
2026-03-14 20:04:18,blk_-4393206553455676421,INFO,datanode_service,disk_write,success,53.8,57.5,30.9,160.2,42.3,1.0,0.0000,LOW,Anomalous Pattern,NORMAL,NORMAL
2026-03-14 20:04:18,blk_-2508904373270313356,INFO,datanode_service,disk_write,success,43.2,44.4,51.0,200.0,30.9,0.0,0.0000,LOW,Anomalous Pattern,NORMAL,NORMAL
2026-03-14 20:04:18,blk_1168457617329507345,INFO,datanode_service,disk_write,success,13.6,67.8,23.9,108.0,40.5,0.0,0.0000,LOW,Memory Pressure,NORMAL,NORMAL
2026-03-14 20:04:18,blk_8608974154783629388,INFO,packet_responder,disk_write,success,87.2,90.8,140.3,2259.8,334.1,5.0,0.9998,HIGH,Resource Exhaustion,FAILURE,ANOMALY
2026-03-14 20:04:18,blk_-681546169624787596,INFO,packet_responder,service_stop,failed,36.2,44.4,36.0,148.6,45.4,1.0,0.0000,LOW,Anomalous Pattern,NORMAL,NORMAL
2026-03-14 20:04:18,blk_-1896576695098440656,INFO,packet_responder,disk_write,success,30.4,51.7,35.7,118.1,31.1,1.0,0.0000,LOW,Anomalous Pattern,NORMAL,NORMAL
2026-03-14 20:04:18,blk_2872025985392019752,INFO,packet_responder,service_stop,failed,37.9,60.8,31.6,139.5,23.4,0.0,0.0000,LOW,Anomalous Pattern,NORMAL,NORMAL
2026-03-14 20:04:18,blk_-560285470174966209,INFO,datanode_service,disk_write,success,26.2,51.8,54.6,138.0,33.1,0.0,0.0000,LOW,Anomalous Pattern,NORMAL,NORMAL
2026-03-14 20:04:19,blk_6113551277279945841,INFO,packet_responder,disk_write,success,46.6,61.1,39.1,139.1,33.8,1.0,0.0000,LOW,Anomalous Pattern,NORMAL,NORMAL
2026-03-14 20:04:19,blk_3986124731996673977,INFO,datanode_service,disk_write,success,31.9,49.8,34.8,111.8,30.1,1.0,0.0000,LOW,Anomalous Pattern,NORMAL,NORMAL
2026-03-14 20:04:19,blk_-3940003847076521430,INFO,datanode_service,disk_write,success,30.4,53.1,27.5,128.9,19.1,0.0,0.0000,LOW,Anomalous Pattern,NORMAL,NORMAL
2026-03-14 20:04:19,blk_3845886079322947870,INFO,namenode_service,block_operation,success,43.7,36.6,40.7,81.1,37.5,0.0,0.0000,LOW,Anomalous Pattern,NORMAL,NORMAL
2026-03-14 20:04:19,blk_-8293983907909156904,INFO,datanode_service,disk_write,success,34.5,49.1,22.1,69.7,32.5,1.0,0.0000,LOW,Anomalous Pattern,NORMAL,NORMAL
2026-03-14 20:04:19,blk_-4833308381740960263,INFO,namenode_service,resource_allocation,success,35.1,56.2,31.6,73.2,10.5,1.0,0.0000,LOW,Anomalous Pattern,NORMAL,NORMAL
2026-03-14 20:04:19,blk_-5314521282466654568,INFO,packet_responder,service_stop,failed,47.1,38.3,19.3,126.2,28.8,1.0,0.0000,LOW,Anomalous Pattern,NORMAL,NORMAL
2026-03-14 20:04:19,blk_4679007169598894991,INFO,packet_responder,service_stop,failed,36.4,47.7,31.5,85.3,31.4,1.0,0.0000,LOW,Anomalous Pattern,NORMAL,NORMAL
2026-03-14 20:04:19,blk_7433651541391539876,INFO,datanode_service,disk_write,success,28.0,53.0,32.8,114.9,28.3,1.0,0.0000,LOW,Anomalous Pattern,NORMAL,NORMAL
2026-03-14 20:04:19,blk_-5007147236685725255,INFO,datanode_service,disk_write,success,42.6,61.9,32.9,90.7,20.6,1.0,0.0000,LOW,Anomalous Pattern,NORMAL,NORMAL
2026-03-14 20:04:19,blk_1861371897328937194,INFO,packet_responder,disk_write,success,36.0,45.8,25.6,157.4,35.4,1.0,0.0000,LOW,Anomalous Pattern,NORMAL,NORMAL
2026-03-14 20:04:19,blk_-6514681632077448506,INFO,namenode_service,resource_allocation,success,34.9,48.0,44.2,100.8,40.5,1.0,0.0000,LOW,Anomalous Pattern,NORMAL,NORMAL
2026-03-14 20:04:19,blk_5589437616607043099,INFO,packet_responder,disk_write,success,37.7,37.5,32.2,120.1,36.0,0.0,0.0000,LOW,Anomalous Pattern,NORMAL,NORMAL
2026-03-14 20:04:19,blk_-1315370751437152369,INFO,packet_responder,service_stop,failed,40.0,49.8,40.9,179.9,29.3,1.0,0.0000,LOW,Anomalous Pattern,NORMAL,NORMAL
2026-03-14 20:04:20,blk_-3193714964063513309,INFO,namenode_service,resource_allocation,success,46.4,57.3,24.5,162.2,51.1,0.0,0.0000,LOW,Anomalous Pattern,NORMAL,NORMAL
2026-03-14 20:04:20,blk_-5159481822711582642,INFO,packet_responder,service_stop,failed,49.8,51.2,40.6,157.1,10.9,1.0,0.0000,LOW,Anomalous Pattern,NORMAL,NORMAL
2026-03-14 20:04:20,blk_-3251080442924340719,INFO,datanode_service,disk_write,success,43.5,32.0,37.7,147.2,24.3,2.0,0.0000,LOW,Anomalous Pattern,NORMAL,NORMAL
2026-03-14 20:04:20,blk_4169736694110692721,INFO,datanode_service,disk_write,success,34.0,45.8,13.2,117.8,26.4,0.0,0.0000,LOW,Anomalous Pattern,NORMAL,NORMAL
2026-03-14 20:04:20,blk_-8843240989946357115,INFO,packet_responder,disk_write,success,49.7,42.9,36.3,55.8,31.7,0.0,0.0000,LOW,Anomalous Pattern,NORMAL,NORMAL
2026-03-14 20:04:20,blk_-2681016091351348922,INFO,namenode_service,block_operation,success,24.1,46.5,38.1,56.6,35.1,1.0,0.0000,LOW,Anomalous Pattern,NORMAL,NORMAL
2026-03-14 20:04:20,blk_-5143286617671754617,INFO,block_scanner,system_event,success,13.6,53.5,33.9,138.7,19.1,0.0,0.0000,LOW,Anomalous Pattern,NORMAL,NORMAL
2026-03-14 20:04:20,blk_1460751377154685220,INFO,packet_responder,service_stop,failed,42.2,39.6,51.6,118.2,32.4,1.0,0.0000,LOW,Anomalous Pattern,NORMAL,NORMAL
2026-03-14 20:04:20,blk_6644683928676710498,INFO,packet_responder,service_stop,failed,24.4,51.4,37.8,145.1,17.2,0.0,0.0000,LOW,Anomalous Pattern,NORMAL,NORMAL
2026-03-14 20:04:20,blk_-1304321836760140315,INFO,packet_responder,service_stop,failed,33.3,61.7,34.4,136.6,24.9,0.0,0.0000,LOW,Anomalous Pattern,NORMAL,NORMAL
2026-03-14 20:04:20,blk_-3367377714940686253,INFO,namenode_service,block_operation,success,50.1,47.7,34.2,135.9,34.0,0.0,0.0000,LOW,Anomalous Pattern,NORMAL,NORMAL
2026-03-14 20:04:20,blk_-3428219600444290373,INFO,packet_responder,disk_write,success,46.9,41.2,42.7,175.4,32.8,0.0,0.0000,LOW,Anomalous Pattern,NORMAL,NORMAL
2026-03-14 20:04:21,blk_-5917352777938505821,INFO,packet_responder,service_stop,failed,55.6,31.8,40.4,160.0,31.3,1.0,0.0000,LOW,Anomalous Pattern,NORMAL,NORMAL
2026-03-14 20:04:21,blk_2298072726739764001,INFO,packet_responder,service_stop,failed,46.7,59.5,20.1,123.6,28.4,0.0,0.0000,LOW,Anomalous Pattern,NORMAL,NORMAL
2026-03-14 20:04:21,blk_3708679726899046099,INFO,datanode_service,disk_write,success,83.5,76.8,177.1,1483.4,511.5,7.0,1.0000,HIGH,Resource Exhaustion,FAILURE,ANOMALY
2026-03-14 20:04:21,blk_-3141165586675165534,INFO,namenode_service,block_operation,success,66.2,37.5,33.1,89.0,35.9,0.0,0.0000,LOW,Anomalous Pattern,NORMAL,NORMAL
2026-03-14 20:04:21,blk_-1755211434991893058,INFO,namenode_service,block_operation,success,36.9,55.8,36.7,114.6,37.1,1.0,0.0000,LOW,Anomalous Pattern,NORMAL,NORMAL
2026-03-14 20:04:21,blk_-925791580070487800,INFO,packet_responder,disk_write,success,43.5,43.3,17.1,42.3,35.4,1.0,0.0000,LOW,Anomalous Pattern,NORMAL,NORMAL
2026-03-14 20:04:21,blk_-3021905229490822954,INFO,packet_responder,service_stop,failed,35.1,47.2,18.9,147.4,31.8,1.0,0.0000,LOW,Anomalous Pattern,NORMAL,NORMAL
2026-03-14 20:04:21,blk_-8374141385202926584,INFO,datanode_service,disk_write,success,31.8,65.4,33.5,145.7,17.7,1.0,0.0000,LOW,Memory Pressure,NORMAL,NORMAL
2026-03-14 20:04:21,blk_-2059021002202683520,INFO,namenode_service,block_operation,success,27.0,45.1,14.9,135.6,29.6,1.0,0.0000,LOW,Anomalous Pattern,NORMAL,NORMAL
2026-03-14 20:04:21,blk_4326087434739051889,INFO,packet_responder,disk_write,success,51.6,51.5,18.4,125.8,39.2,1.0,0.0000,LOW,Anomalous Pattern,NORMAL,NORMAL
2026-03-14 20:04:21,blk_-3942072305748698431,INFO,namenode_service,resource_allocation,success,45.3,45.2,19.2,150.4,24.9,0.0,0.0000,LOW,Anomalous Pattern,NORMAL,NORMAL
2026-03-14 20:04:22,blk_7462751353974435754,INFO,packet_responder,disk_write,success,32.8,43.5,14.3,147.2,46.3,0.0,0.0000,LOW,Anomalous Pattern,NORMAL,NORMAL
2026-03-14 20:04:22,blk_3804615896420653453,INFO,packet_responder,disk_write,success,33.5,37.0,31.1,144.3,17.0,0.0,0.0000,LOW,Anomalous Pattern,NORMAL,NORMAL
2026-03-14 20:04:22,blk_-8897216566273281819,INFO,datanode_service,disk_write,success,36.1,53.4,3.0,111.7,36.3,0.0,0.0000,LOW,Anomalous Pattern,NORMAL,NORMAL
2026-03-14 20:04:22,blk_2541181042083816763,INFO,packet_responder,disk_write,success,38.3,44.2,18.3,135.3,32.7,1.0,0.0000,LOW,Anomalous Pattern,NORMAL,NORMAL
2026-03-14 20:04:22,blk_-792153114497412871,INFO,namenode_service,block_operation,success,33.5,50.3,28.6,130.1,43.7,1.0,0.0000,LOW,Anomalous Pattern,NORMAL,NORMAL
2026-03-14 20:04:22,blk_1601829747621238158,INFO,packet_responder,disk_write,success,32.9,50.8,43.5,134.2,33.9,1.0,0.0000,LOW,Anomalous Pattern,NORMAL,NORMAL
2026-03-14 20:04:22,blk_7382472187772084552,INFO,datanode_service,disk_write,success,46.3,36.0,30.0,202.7,31.4,0.0,0.0000,LOW,Anomalous Pattern,NORMAL,NORMAL
2026-03-14 20:04:22,blk_966206717171567607,INFO,namenode_service,resource_allocation,success,22.3,25.4,40.1,87.5,21.7,1.0,0.0000,LOW,Anomalous Pattern,NORMAL,NORMAL
2026-03-14 20:04:22,blk_-6026376533252731589,INFO,namenode_service,block_operation,success,67.0,48.5,34.1,152.2,31.8,0.0,0.0000,LOW,Anomalous Pattern,NORMAL,NORMAL
2026-03-14 20:04:22,blk_946630416498354603,INFO,namenode_service,block_operation,success,37.1,52.5,38.3,150.8,32.5,0.0,0.0000,LOW,Anomalous Pattern,NORMAL,NORMAL
2026-03-14 20:04:23,blk_-5358660718447587585,INFO,packet_responder,service_stop,failed,35.6,39.5,46.3,197.5,22.0,1.0,0.0000,LOW,Anomalous Pattern,NORMAL,NORMAL
2026-03-14 20:04:23,blk_2846816194609362532,INFO,packet_responder,service_stop,failed,33.9,56.6,32.8,119.0,30.7,1.0,0.0000,LOW,Anomalous Pattern,NORMAL,NORMAL
2026-03-14 20:04:23,blk_6672820659127373375,INFO,packet_responder,disk_write,success,54.0,32.7,38.9,225.7,12.4,1.0,0.0000,LOW,Anomalous Pattern,NORMAL,NORMAL
2026-03-14 20:04:23,blk_4464679447161061787,INFO,namenode_service,block_operation,success,35.6,38.4,21.7,121.0,9.6,0.0,0.0000,LOW,Anomalous Pattern,NORMAL,NORMAL
2026-03-14 20:04:23,blk_2604357086536514618,INFO,namenode_service,resource_allocation,success,61.9,46.3,6.6,184.9,19.2,1.0,0.0000,LOW,Anomalous Pattern,NORMAL,NORMAL
2026-03-14 20:04:23,blk_-3447317557630248579,INFO,namenode_service,block_operation,success,40.9,53.4,17.9,153.6,21.0,1.0,0.0000,LOW,Anomalous Pattern,NORMAL,NORMAL
2026-03-14 20:04:23,blk_7667610007772030447,INFO,namenode_service,resource_allocation,success,33.7,42.8,37.4,120.3,54.7,0.0,0.0000,LOW,Anomalous Pattern,NORMAL,NORMAL
2026-03-14 20:04:23,blk_615202211455656487,INFO,packet_responder,disk_write,success,41.0,44.1,14.0,104.1,19.1,0.0,0.0000,LOW,Anomalous Pattern,NORMAL,NORMAL
2026-03-14 20:04:23,blk_-6013644698032303277,INFO,datanode_service,disk_write,success,37.1,30.8,41.7,133.6,24.0,0.0,0.0000,LOW,Anomalous Pattern,NORMAL,NORMAL
2026-03-14 20:04:23,blk_3710798710102649675,INFO,packet_responder,service_stop,failed,25.2,50.5,32.9,166.7,35.9,1.0,0.0000,LOW,Anomalous Pattern,NORMAL,NORMAL
2026-03-14 20:04:23,blk_-784652232591926294,INFO,packet_responder,disk_write,success,29.4,47.5,19.6,165.0,29.8,0.0,0.0000,LOW,Anomalous Pattern,NORMAL,NORMAL
2026-03-14 20:04:23,blk_1758058140904291753,INFO,packet_responder,disk_write,success,35.4,52.3,27.5,178.6,26.8,1.0,0.0000,LOW,Anomalous Pattern,NORMAL,NORMAL
2026-03-14 20:04:24,blk_8955019103629391894,INFO,datanode_service,disk_write,success,78.8,74.4,180.3,2933.5,760.3,5.0,1.0000,HIGH,Resource Exhaustion,FAILURE,ANOMALY
2026-03-14 20:04:24,blk_-7607919887804713954,INFO,namenode_service,block_operation,success,31.6,72.0,30.5,109.4,26.1,0.0,0.0000,LOW,Memory Pressure,NORMAL,NORMAL
2026-03-14 20:04:24,blk_-4264857707432017102,INFO,datanode_service,disk_write,success,44.0,39.9,32.1,118.8,31.5,0.0,0.0000,LOW,Anomalous Pattern,NORMAL,NORMAL
2026-03-14 20:04:24,blk_-1215298417602041034,INFO,packet_responder,service_stop,failed,34.4,51.1,31.7,100.1,53.0,1.0,0.0000,LOW,Anomalous Pattern,NORMAL,NORMAL
2026-03-14 20:04:24,blk_-7723434696725508232,INFO,namenode_service,block_operation,success,44.5,36.4,33.0,105.7,19.3,1.0,0.0000,LOW,Anomalous Pattern,NORMAL,NORMAL
2026-03-14 20:04:24,blk_7758612056753157397,INFO,datanode_service,disk_write,success,35.6,43.2,39.0,83.2,41.5,0.0,0.0000,LOW,Anomalous Pattern,NORMAL,NORMAL
2026-03-14 20:04:24,blk_4943682750417758971,INFO,namenode_service,resource_allocation,success,41.0,35.9,41.9,100.3,31.2,1.0,0.0000,LOW,Anomalous Pattern,NORMAL,NORMAL
2026-03-14 20:04:24,blk_7147312478337538259,INFO,packet_responder,service_stop,failed,39.2,48.9,17.7,100.2,24.3,1.0,0.0000,LOW,Anomalous Pattern,NORMAL,NORMAL
2026-03-14 20:04:24,blk_7962616922009155273,INFO,packet_responder,disk_write,success,43.2,23.9,26.0,130.2,29.6,0.0,0.0000,LOW,Anomalous Pattern,NORMAL,NORMAL
2026-03-14 20:04:24,blk_8101613600824377173,INFO,namenode_service,block_operation,success,33.2,40.0,34.6,170.2,29.8,0.0,0.0000,LOW,Anomalous Pattern,NORMAL,NORMAL
2026-03-14 20:04:24,blk_-1710858355395509843,INFO,packet_responder,disk_write,success,42.0,51.4,46.4,153.9,35.6,0.0,0.0000,LOW,Anomalous Pattern,NORMAL,NORMAL
2026-03-14 20:04:24,blk_5892566928788372707,INFO,packet_responder,service_stop,failed,23.7,44.2,38.8,150.2,27.9,0.0,0.0000,LOW,Anomalous Pattern,NORMAL,NORMAL
2026-03-14 20:04:25,blk_3590373790524825024,INFO,packet_responder,service_stop,failed,36.2,38.9,43.3,104.3,34.3,0.0,0.0000,LOW,Anomalous Pattern,NORMAL,NORMAL
2026-03-14 20:04:25,blk_-190538771749466974,INFO,packet_responder,disk_write,success,38.3,45.1,29.7,159.6,27.8,1.0,0.0000,LOW,Anomalous Pattern,NORMAL,NORMAL
2026-03-14 20:04:25,blk_5788851919259217533,INFO,packet_responder,service_stop,failed,34.0,60.5,17.4,77.7,35.4,0.0,0.0000,LOW,Anomalous Pattern,NORMAL,NORMAL
2026-03-14 20:04:25,blk_1803228259687269468,INFO,namenode_service,block_operation,success,30.8,42.0,37.0,107.2,25.7,0.0,0.0000,LOW,Anomalous Pattern,NORMAL,NORMAL
2026-03-14 20:04:25,blk_6925778856916361241,INFO,packet_responder,disk_write,success,14.0,70.5,28.5,100.0,47.1,0.0,0.0000,LOW,Memory Pressure,NORMAL,NORMAL
2026-03-14 20:04:25,blk_2225060281830268647,INFO,namenode_service,block_operation,success,33.2,58.9,34.1,65.0,43.2,0.0,0.0000,LOW,Anomalous Pattern,NORMAL,NORMAL
2026-03-14 20:04:25,blk_-2751942090366419582,INFO,namenode_service,block_operation,success,38.5,55.8,32.5,146.5,18.9,0.0,0.0000,LOW,Anomalous Pattern,NORMAL,NORMAL
2026-03-14 20:04:25,blk_3344322658465655261,INFO,packet_responder,service_stop,failed,55.9,50.3,29.7,100.1,35.3,0.0,0.0000,LOW,Anomalous Pattern,NORMAL,NORMAL
2026-03-14 20:04:25,blk_503171034280877882,INFO,namenode_service,block_operation,success,58.1,52.8,35.5,138.9,34.6,0.0,0.0000,LOW,Anomalous Pattern,NORMAL,NORMAL
2026-03-14 20:04:25,blk_-6987163578195053054,INFO,datanode_service,disk_write,success,36.0,56.3,22.3,110.5,32.9,0.0,0.0000,LOW,Anomalous Pattern,NORMAL,NORMAL
2026-03-14 20:04:25,blk_1167797358303162202,INFO,datanode_service,disk_write,success,46.3,33.9,44.3,114.6,16.0,0.0,0.0000,LOW,Anomalous Pattern,NORMAL,NORMAL
2026-03-14 20:04:26,blk_-402923369251941703,INFO,namenode_service,block_operation,success,29.8,71.8,29.2,45.8,30.1,0.0,0.0000,LOW,Memory Pressure,NORMAL,NORMAL
2026-03-14 20:04:26,blk_-8254310795258925442,INFO,namenode_service,block_operation,success,40.3,42.3,38.9,175.5,29.4,1.0,0.0000,LOW,Anomalous Pattern,NORMAL,NORMAL
2026-03-14 20:04:26,blk_-1821726555814864846,INFO,namenode_service,block_operation,success,33.2,51.9,37.8,122.2,31.5,0.0,0.0000,LOW,Anomalous Pattern,NORMAL,NORMAL
2026-03-14 20:04:26,blk_-8544995354275653597,INFO,packet_responder,service_stop,failed,28.2,42.2,17.1,86.5,20.4,1.0,0.0000,LOW,Anomalous Pattern,NORMAL,NORMAL
2026-03-14 20:04:26,blk_-2814235312117280808,INFO,namenode_service,block_operation,success,44.0,54.1,20.7,110.9,31.5,1.0,0.0000,LOW,Anomalous Pattern,NORMAL,NORMAL
2026-03-14 20:04:26,blk_5097552313043507230,INFO,packet_responder,disk_write,success,42.1,52.1,12.6,88.5,25.3,1.0,0.0000,LOW,Anomalous Pattern,NORMAL,NORMAL
2026-03-14 20:04:26,blk_-3235241987235866077,INFO,namenode_service,resource_allocation,success,44.0,38.4,22.8,98.0,32.4,1.0,0.0000,LOW,Anomalous Pattern,NORMAL,NORMAL
2026-03-14 20:04:26,blk_-2971105333323897616,INFO,packet_responder,service_stop,failed,39.6,39.4,22.9,159.2,32.9,0.0,0.0000,LOW,Anomalous Pattern,NORMAL,NORMAL
2026-03-14 20:04:26,blk_2064273001844072423,INFO,packet_responder,service_stop,failed,36.8,66.8,46.3,196.0,28.3,0.0,0.0000,LOW,Memory Pressure,NORMAL,NORMAL
2026-03-14 20:04:26,blk_3349089524490727407,INFO,namenode_service,block_operation,success,35.9,46.9,13.5,55.6,32.5,0.0,0.0000,LOW,Anomalous Pattern,NORMAL,NORMAL
2026-03-14 20:04:27,blk_3689862003003839648,INFO,namenode_service,block_operation,success,34.9,29.9,37.3,128.0,15.8,0.0,0.0000,LOW,Anomalous Pattern,NORMAL,NORMAL
2026-03-14 20:04:27,blk_-1763785597674818650,INFO,datanode_service,disk_write,success,50.2,56.0,31.3,158.6,29.9,0.0,0.0000,LOW,Anomalous Pattern,NORMAL,NORMAL
2026-03-14 20:04:27,blk_7847568634469952879,INFO,namenode_service,block_operation,success,25.5,58.1,47.0,200.0,33.0,0.0,0.0000,LOW,Anomalous Pattern,NORMAL,NORMAL
2026-03-14 20:04:27,blk_6450591351105077990,INFO,namenode_service,block_operation,success,32.5,60.0,38.7,10.0,19.6,0.0,0.0000,LOW,Anomalous Pattern,NORMAL,NORMAL
2026-03-14 20:04:27,blk_2889914859698516282,INFO,packet_responder,disk_write,success,19.2,46.6,29.9,74.5,29.9,0.0,0.0000,LOW,Anomalous Pattern,NORMAL,NORMAL
2026-03-14 20:04:27,blk_-138568093979237880,INFO,packet_responder,disk_write,success,51.0,53.4,30.3,84.2,35.4,1.0,0.0000,LOW,Anomalous Pattern,NORMAL,NORMAL
2026-03-14 20:04:27,blk_-5791470053008765402,INFO,namenode_service,resource_allocation,success,39.2,28.0,26.4,179.8,29.2,1.0,0.0000,LOW,Anomalous Pattern,NORMAL,NORMAL
2026-03-14 20:04:27,blk_-8149555556891211892,INFO,packet_responder,service_stop,failed,23.1,47.0,38.6,90.2,39.4,1.0,0.0000,LOW,Anomalous Pattern,NORMAL,NORMAL
2026-03-14 20:04:27,blk_-8236258507829823565,INFO,packet_responder,disk_write,success,39.1,43.5,30.1,129.7,30.5,1.0,0.0000,LOW,Anomalous Pattern,NORMAL,NORMAL
2026-03-14 20:04:27,blk_8114670643662631981,INFO,packet_responder,disk_write,success,15.6,60.9,31.1,142.7,36.3,1.0,0.0000,LOW,Anomalous Pattern,NORMAL,NORMAL
2026-03-14 20:04:27,blk_7489923904286676953,INFO,packet_responder,service_stop,failed,77.2,86.1,160.6,1783.7,541.2,6.0,1.0000,HIGH,Resource Exhaustion,FAILURE,ANOMALY
2026-03-14 20:04:27,blk_-6618124016448099417,INFO,datanode_service,disk_write,success,47.4,46.3,40.7,170.7,37.9,1.0,0.0000,LOW,Anomalous Pattern,NORMAL,NORMAL
2026-03-14 20:04:28,blk_-6918800307607024894,INFO,datanode_service,disk_write,success,32.5,46.4,31.9,134.0,37.5,0.0,0.0000,LOW,Anomalous Pattern,NORMAL,NORMAL
2026-03-14 20:04:28,blk_7042587386141482587,INFO,packet_responder,service_stop,failed,35.6,45.8,36.6,130.1,34.8,1.0,0.0000,LOW,Anomalous Pattern,NORMAL,NORMAL
2026-03-14 20:04:28,blk_2356857594143257210,INFO,namenode_service,resource_allocation,success,43.2,21.7,20.6,192.2,9.6,1.0,0.0000,LOW,Anomalous Pattern,NORMAL,NORMAL
2026-03-14 20:04:28,blk_-7602149464936034228,INFO,packet_responder,service_stop,failed,41.9,54.0,37.0,131.4,16.7,1.0,0.0000,LOW,Anomalous Pattern,NORMAL,NORMAL
2026-03-14 20:04:28,blk_2309144736445361280,INFO,namenode_service,block_operation,success,30.6,52.0,44.7,109.7,36.1,0.0,0.0000,LOW,Anomalous Pattern,NORMAL,NORMAL
2026-03-14 20:04:28,blk_3883438709819451789,INFO,packet_responder,service_stop,failed,44.4,49.4,47.7,62.7,31.4,1.0,0.0000,LOW,Anomalous Pattern,NORMAL,NORMAL
2026-03-14 20:04:28,blk_-4745037934320897307,INFO,namenode_service,block_operation,success,25.2,56.2,25.2,136.2,10.2,0.0,0.0000,LOW,Anomalous Pattern,NORMAL,NORMAL
2026-03-14 20:04:28,blk_-6839690892103510231,INFO,namenode_service,block_operation,success,42.3,61.9,28.7,190.0,25.0,1.0,0.0000,LOW,Anomalous Pattern,NORMAL,NORMAL
2026-03-14 20:04:28,blk_4786705976324985496,INFO,namenode_service,block_operation,success,52.3,47.8,37.3,116.0,23.0,0.0,0.0000,LOW,Anomalous Pattern,NORMAL,NORMAL
2026-03-14 20:04:28,blk_1724438108703349443,INFO,packet_responder,disk_write,success,45.8,50.6,19.3,219.5,18.9,0.0,0.0000,LOW,Anomalous Pattern,NORMAL,NORMAL
2026-03-14 20:04:29,blk_-628393114708906885,INFO,namenode_service,resource_allocation,success,19.1,41.0,35.7,10.0,24.9,0.0,0.0000,LOW,Anomalous Pattern,NORMAL,NORMAL
2026-03-14 20:04:29,blk_2996563792009060,INFO,namenode_service,block_operation,success,38.9,47.8,40.0,154.7,21.3,1.0,0.0000,LOW,Anomalous Pattern,NORMAL,NORMAL
2026-03-14 20:04:29,blk_8241532395156119733,INFO,datanode_service,disk_write,success,35.8,44.0,5.2,150.7,32.4,1.0,0.0000,LOW,Anomalous Pattern,NORMAL,NORMAL
2026-03-14 20:04:29,blk_-8904365899327156007,INFO,namenode_service,block_operation,success,33.0,61.5,24.0,55.1,19.9,1.0,0.0000,LOW,Anomalous Pattern,NORMAL,NORMAL
2026-03-14 20:04:29,blk_8776541468782357879,INFO,packet_responder,service_stop,failed,82.7,80.2,127.2,1754.0,469.9,5.0,1.0000,HIGH,Resource Exhaustion,FAILURE,ANOMALY
2026-03-14 20:04:29,blk_-1906785151757421117,INFO,namenode_service,block_operation,success,35.7,31.9,29.7,211.0,37.0,0.0,0.0000,LOW,Anomalous Pattern,NORMAL,NORMAL
2026-03-14 20:04:29,blk_-5322623964232992791,INFO,datanode_service,disk_write,success,50.1,47.6,19.6,89.5,27.0,0.0,0.0000,LOW,Anomalous Pattern,NORMAL,NORMAL
2026-03-14 20:04:29,blk_90386892032212647,INFO,packet_responder,service_stop,failed,44.0,44.2,51.7,86.8,35.2,0.0,0.0000,LOW,Anomalous Pattern,NORMAL,NORMAL
2026-03-14 20:04:29,blk_6788354964395916852,INFO,namenode_service,block_operation,success,44.6,35.1,29.9,86.5,37.1,1.0,0.0000,LOW,Anomalous Pattern,NORMAL,NORMAL
2026-03-14 20:04:29,blk_-1473991145716193874,INFO,datanode_service,disk_write,success,54.0,42.1,26.9,49.1,29.3,0.0,0.0000,LOW,Anomalous Pattern,NORMAL,NORMAL
2026-03-14 20:04:29,blk_3045899011627447201,INFO,datanode_service,disk_write,success,19.3,22.4,17.4,158.6,23.6,1.0,0.0000,LOW,Anomalous Pattern,NORMAL,NORMAL
2026-03-14 20:04:30,blk_-7498638394264724047,INFO,namenode_service,block_operation,success,23.6,38.1,33.0,117.2,28.3,0.0,0.0000,LOW,Anomalous Pattern,NORMAL,NORMAL
2026-03-14 20:04:30,blk_8654029530801577824,INFO,packet_responder,disk_write,success,37.4,42.4,28.1,140.7,34.5,0.0,0.0000,LOW,Anomalous Pattern,NORMAL,NORMAL
2026-03-14 20:04:30,blk_322928254878628134,INFO,packet_responder,service_stop,failed,21.8,38.6,41.8,187.9,27.0,1.0,0.0000,LOW,Anomalous Pattern,NORMAL,NORMAL
2026-03-14 20:04:30,blk_-3594737009607484116,INFO,packet_responder,service_stop,failed,61.5,42.2,22.9,77.7,27.9,1.0,0.0000,LOW,Anomalous Pattern,NORMAL,NORMAL
2026-03-14 20:04:30,blk_-4425116297166526474,INFO,namenode_service,resource_allocation,success,44.3,33.4,22.5,204.1,17.2,1.0,0.0000,LOW,Anomalous Pattern,NORMAL,NORMAL
2026-03-14 20:04:30,blk_-3673148213758137267,INFO,datanode_service,disk_write,success,47.5,63.0,26.0,239.7,36.5,0.0,0.0000,LOW,Anomalous Pattern,NORMAL,NORMAL
2026-03-14 20:04:30,blk_-7900804591003410408,INFO,namenode_service,block_operation,success,39.8,55.2,22.5,143.2,45.6,1.0,0.0000,LOW,Anomalous Pattern,NORMAL,NORMAL
2026-03-14 20:04:30,blk_-8933869562636365621,INFO,packet_responder,disk_write,success,50.1,47.6,41.0,119.8,38.2,1.0,0.0000,LOW,Anomalous Pattern,NORMAL,NORMAL
2026-03-14 20:04:30,blk_780270035248450783,INFO,namenode_service,block_operation,success,21.9,44.2,17.2,111.8,23.7,0.0,0.0000,LOW,Anomalous Pattern,NORMAL,NORMAL
2026-03-14 20:04:30,blk_2273045425691128239,INFO,packet_responder,service_stop,failed,52.0,35.7,17.7,125.0,35.8,1.0,0.0000,LOW,Anomalous Pattern,NORMAL,NORMAL
2026-03-14 20:04:30,blk_4046825527909306228,INFO,packet_responder,service_stop,failed,18.3,50.4,21.7,160.2,33.5,0.0,0.0000,LOW,Anomalous Pattern,NORMAL,NORMAL
2026-03-14 20:04:30,blk_227508842371733469,INFO,namenode_service,block_operation,success,24.5,44.2,35.8,136.9,55.1,1.0,0.0000,LOW,Anomalous Pattern,NORMAL,NORMAL
2026-03-14 20:04:31,blk_-4674986792407494883,INFO,packet_responder,service_stop,failed,32.1,53.4,17.8,107.8,24.4,0.0,0.0000,LOW,Anomalous Pattern,NORMAL,NORMAL
2026-03-14 20:04:31,blk_-4029295427425860743,INFO,datanode_service,disk_write,success,47.2,55.1,37.0,85.3,45.2,0.0,0.0000,LOW,Anomalous Pattern,NORMAL,NORMAL
2026-03-14 20:04:31,blk_3394569973658158026,INFO,namenode_service,block_operation,success,21.6,42.7,35.1,79.2,27.6,0.0,0.0000,LOW,Anomalous Pattern,NORMAL,NORMAL
2026-03-14 20:04:31,blk_6294572396909830202,INFO,datanode_service,disk_write,success,35.2,42.2,37.6,136.2,32.7,1.0,0.0000,LOW,Anomalous Pattern,NORMAL,NORMAL
2026-03-14 20:04:31,blk_-7085665447447978975,INFO,packet_responder,service_stop,failed,23.8,45.1,21.2,115.0,37.9,0.0,0.0000,LOW,Anomalous Pattern,NORMAL,NORMAL
2026-03-14 20:04:31,blk_8713010324685126312,INFO,datanode_service,disk_write,success,39.4,43.6,22.6,141.2,37.6,1.0,0.0000,LOW,Anomalous Pattern,NORMAL,NORMAL
2026-03-14 20:04:31,blk_1438027581498050388,INFO,packet_responder,service_stop,failed,68.7,29.1,26.9,173.6,33.5,0.0,0.0000,LOW,Anomalous Pattern,NORMAL,NORMAL
2026-03-14 20:04:31,blk_-8691087091386656061,INFO,namenode_service,block_operation,success,45.3,42.8,26.5,157.1,25.9,0.0,0.0000,LOW,Anomalous Pattern,NORMAL,NORMAL
2026-03-14 20:04:31,blk_1889006843934975072,INFO,datanode_service,disk_write,success,28.6,60.2,32.9,141.8,27.3,1.0,0.0000,LOW,Anomalous Pattern,NORMAL,NORMAL
2026-03-14 20:04:31,blk_-6967350993390301921,INFO,packet_responder,service_stop,failed,24.1,15.1,29.5,117.9,39.4,0.0,0.0000,LOW,Anomalous Pattern,NORMAL,NORMAL
2026-03-14 20:04:32,blk_-4604588889808671352,INFO,namenode_service,resource_allocation,success,35.1,16.4,20.2,102.1,37.9,1.0,0.0000,LOW,Anomalous Pattern,NORMAL,NORMAL
2026-03-14 20:04:32,blk_-4478881677357186039,INFO,namenode_service,block_operation,success,49.4,39.7,14.4,116.5,21.6,1.0,0.0000,LOW,Anomalous Pattern,NORMAL,NORMAL
2026-03-14 20:04:32,blk_5686602162634851648,INFO,namenode_service,block_operation,success,44.2,20.5,23.1,115.0,35.8,0.0,0.0000,LOW,Anomalous Pattern,NORMAL,NORMAL
2026-03-14 20:04:32,blk_1222487654660893933,INFO,packet_responder,disk_write,success,51.4,51.4,24.7,131.4,32.0,0.0,0.0000,LOW,Anomalous Pattern,NORMAL,NORMAL
2026-03-14 20:04:32,blk_-7410760947270004000,INFO,packet_responder,service_stop,failed,28.5,56.6,34.3,195.4,25.2,0.0,0.0000,LOW,Anomalous Pattern,NORMAL,NORMAL
2026-03-14 20:04:32,blk_-6539770906472345423,INFO,namenode_service,resource_allocation,success,57.6,33.2,33.7,157.3,25.0,0.0,0.0000,LOW,Anomalous Pattern,NORMAL,NORMAL
2026-03-14 20:04:32,blk_2935353858545789595,INFO,packet_responder,disk_write,success,38.7,43.3,31.5,175.0,32.1,1.0,0.0000,LOW,Anomalous Pattern,NORMAL,NORMAL
2026-03-14 20:04:32,blk_3685478162715799189,INFO,namenode_service,block_operation,success,27.0,36.7,34.5,66.6,34.6,1.0,0.0000,LOW,Anomalous Pattern,NORMAL,NORMAL
2026-03-14 20:04:32,blk_-8138930718194985689,INFO,packet_responder,disk_write,success,41.2,49.9,27.4,165.0,28.6,1.0,0.0000,LOW,Anomalous Pattern,NORMAL,NORMAL
2026-03-14 20:04:32,blk_-6088897233047541670,INFO,packet_responder,service_stop,failed,35.2,64.0,34.2,158.6,25.4,0.0,0.0000,LOW,Anomalous Pattern,NORMAL,NORMAL
2026-03-14 20:04:32,blk_-1129166233852061668,INFO,namenode_service,block_operation,success,44.7,54.4,25.1,111.4,38.8,1.0,0.0000,LOW,Anomalous Pattern,NORMAL,NORMAL
2026-03-14 20:04:33,blk_7936423389955810426,INFO,packet_responder,disk_write,success,81.9,83.6,143.8,1553.7,454.9,5.0,0.9999,HIGH,Resource Exhaustion,FAILURE,ANOMALY
2026-03-14 20:04:33,blk_-4430268671514597634,INFO,packet_responder,service_stop,failed,60.1,51.6,24.0,158.4,25.0,0.0,0.0000,LOW,Anomalous Pattern,NORMAL,NORMAL
2026-03-14 20:04:33,blk_-1977756191994507608,INFO,namenode_service,resource_allocation,success,45.9,53.2,27.5,189.1,37.5,1.0,0.0000,LOW,Anomalous Pattern,NORMAL,NORMAL
2026-03-14 20:04:33,blk_-8882186965412287512,INFO,namenode_service,resource_allocation,success,43.7,33.5,61.8,129.5,23.7,1.0,0.0000,LOW,Anomalous Pattern,NORMAL,NORMAL
2026-03-14 20:04:33,blk_-5497312804970457023,INFO,packet_responder,service_stop,failed,41.8,62.4,25.8,71.4,47.8,0.0,0.0000,LOW,Anomalous Pattern,NORMAL,NORMAL
2026-03-14 20:04:33,blk_4148266975992081292,INFO,namenode_service,resource_allocation,success,37.3,47.4,44.9,31.9,31.0,0.0,0.0000,LOW,Anomalous Pattern,NORMAL,NORMAL
2026-03-14 20:04:33,blk_943170717910603776,INFO,packet_responder,disk_write,success,44.3,51.0,21.7,97.5,29.2,1.0,0.0000,LOW,Anomalous Pattern,NORMAL,NORMAL
2026-03-14 20:04:33,blk_-5676644901999673679,INFO,datanode_service,disk_write,success,48.3,46.5,32.7,183.2,35.1,0.0,0.0000,LOW,Anomalous Pattern,NORMAL,NORMAL
2026-03-14 20:04:33,blk_1370983923832115648,INFO,datanode_service,disk_write,success,44.1,42.2,31.3,102.7,31.9,0.0,0.0000,LOW,Anomalous Pattern,NORMAL,NORMAL
2026-03-14 20:04:34,blk_2587833190181873674,INFO,datanode_service,disk_write,success,28.3,59.0,18.0,112.9,26.7,0.0,0.0000,LOW,Anomalous Pattern,NORMAL,NORMAL
2026-03-14 20:04:34,blk_-7290740259794281562,INFO,namenode_service,block_operation,success,31.6,48.3,32.1,54.8,27.6,1.0,0.0000,LOW,Anomalous Pattern,NORMAL,NORMAL
2026-03-14 20:04:34,blk_8748449084036639680,INFO,packet_responder,disk_write,success,34.3,41.3,10.0,97.2,43.8,0.0,0.0000,LOW,Anomalous Pattern,NORMAL,NORMAL
2026-03-14 20:04:34,blk_3805652727001603755,INFO,packet_responder,service_stop,failed,5.0,49.8,21.6,162.9,4.8,1.0,0.0000,LOW,Anomalous Pattern,NORMAL,NORMAL
2026-03-14 20:04:34,blk_2417363731073344373,INFO,packet_responder,service_stop,failed,76.6,100.0,135.8,1433.9,462.8,6.0,1.0000,HIGH,Resource Exhaustion,FAILURE,ANOMALY
2026-03-14 20:04:34,blk_180998549762056627,INFO,packet_responder,disk_write,success,48.5,54.5,31.1,22.3,35.2,1.0,0.0000,LOW,Anomalous Pattern,NORMAL,NORMAL
2026-03-14 20:04:34,blk_-4943332333883290426,INFO,packet_responder,disk_write,success,32.1,70.7,34.1,160.1,19.4,0.0,0.0000,LOW,Memory Pressure,NORMAL,NORMAL
2026-03-14 20:04:34,blk_4583637358927318213,INFO,packet_responder,service_stop,failed,41.9,50.1,27.7,114.5,20.3,0.0,0.0000,LOW,Anomalous Pattern,NORMAL,NORMAL
2026-03-14 20:04:34,blk_6391072774835767751,INFO,datanode_service,disk_write,success,36.9,47.2,32.1,101.9,16.6,1.0,0.0000,LOW,Anomalous Pattern,NORMAL,NORMAL
2026-03-14 20:04:34,blk_1023456518502237369,INFO,datanode_service,disk_write,success,40.9,30.1,31.1,154.0,33.0,1.0,0.0000,LOW,Anomalous Pattern,NORMAL,NORMAL
2026-03-14 20:04:34,blk_-8751430031300869919,INFO,packet_responder,service_stop,failed,51.0,45.7,25.1,127.5,26.2,1.0,0.0000,LOW,Anomalous Pattern,NORMAL,NORMAL
2026-03-14 20:04:35,blk_-9068615624661165001,INFO,namenode_service,resource_allocation,success,31.1,45.2,20.8,146.8,13.0,1.0,0.0000,LOW,Anomalous Pattern,NORMAL,NORMAL
2026-03-14 20:04:35,blk_7217614889013313498,INFO,packet_responder,disk_write,success,40.3,44.9,30.4,154.7,17.2,1.0,0.0000,LOW,Anomalous Pattern,NORMAL,NORMAL
2026-03-14 20:04:35,blk_-3367377714940686253,INFO,packet_responder,service_stop,failed,42.8,37.1,23.3,129.1,18.8,1.0,0.0000,LOW,Anomalous Pattern,NORMAL,NORMAL
2026-03-14 20:04:35,blk_-2213320791823708243,INFO,packet_responder,service_stop,failed,29.5,47.2,28.7,108.1,37.4,0.0,0.0000,LOW,Anomalous Pattern,NORMAL,NORMAL
2026-03-14 20:04:35,blk_-3607663163007427879,INFO,datanode_service,disk_write,success,61.6,36.5,25.1,207.2,16.5,0.0,0.0000,LOW,Anomalous Pattern,NORMAL,NORMAL
2026-03-14 20:04:35,blk_1950535587854807737,INFO,packet_responder,service_stop,failed,32.2,50.8,48.2,128.8,32.2,0.0,0.0000,LOW,Anomalous Pattern,NORMAL,NORMAL
2026-03-14 20:04:35,blk_-5664401040276498881,INFO,packet_responder,disk_write,success,30.0,45.6,34.1,140.8,24.2,0.0,0.0000,LOW,Anomalous Pattern,NORMAL,NORMAL
2026-03-14 20:04:35,blk_-3855300231995485387,INFO,datanode_service,disk_write,success,40.6,28.9,32.7,111.0,26.4,1.0,0.0000,LOW,Anomalous Pattern,NORMAL,NORMAL
2026-03-14 20:04:35,blk_-678322458019836309,INFO,namenode_service,resource_allocation,success,45.1,21.5,17.5,129.2,31.1,0.0,0.0000,LOW,Anomalous Pattern,NORMAL,NORMAL
2026-03-14 20:04:35,blk_-4331879315728370190,INFO,namenode_service,resource_allocation,success,42.1,50.5,16.3,65.0,24.7,0.0,0.0000,LOW,Anomalous Pattern,NORMAL,NORMAL
2026-03-14 20:04:35,blk_-2649547610320938107,INFO,namenode_service,block_operation,success,28.8,36.0,35.6,107.8,46.4,1.0,0.0000,LOW,Anomalous Pattern,NORMAL,NORMAL
2026-03-14 20:04:35,blk_780270035248450783,INFO,datanode_service,disk_write,success,32.4,54.0,25.5,144.2,30.8,0.0,0.0000,LOW,Anomalous Pattern,NORMAL,NORMAL
2026-03-14 20:04:36,blk_8776939050353575588,INFO,packet_responder,disk_write,success,53.8,44.0,29.5,167.6,38.5,1.0,0.0000,LOW,Anomalous Pattern,NORMAL,NORMAL
2026-03-14 20:04:36,blk_6141781118183491756,INFO,packet_responder,disk_write,success,32.6,53.6,28.8,110.3,22.9,0.0,0.0000,LOW,Anomalous Pattern,NORMAL,NORMAL
2026-03-14 20:04:36,blk_-7022453396105738495,INFO,datanode_service,disk_write,success,36.8,38.2,37.0,111.4,42.5,0.0,0.0000,LOW,Anomalous Pattern,NORMAL,NORMAL
2026-03-14 20:04:36,blk_2618143334157367599,INFO,packet_responder,disk_write,success,19.3,41.5,23.3,100.9,39.5,1.0,0.0000,LOW,Anomalous Pattern,NORMAL,NORMAL
2026-03-14 20:04:36,blk_-547930162582080362,INFO,namenode_service,resource_allocation,success,40.5,46.9,45.9,148.9,36.5,0.0,0.0000,LOW,Anomalous Pattern,NORMAL,NORMAL
2026-03-14 20:04:36,blk_1755611597604576316,INFO,packet_responder,disk_write,success,32.6,56.4,32.1,90.1,21.3,1.0,0.0000,LOW,Anomalous Pattern,NORMAL,NORMAL
2026-03-14 20:04:36,blk_2872025985392019752,INFO,namenode_service,resource_allocation,success,41.7,62.5,44.1,134.7,44.3,0.0,0.0000,LOW,Anomalous Pattern,NORMAL,NORMAL
2026-03-14 20:04:36,blk_1390945556695501285,INFO,packet_responder,disk_write,success,50.5,39.5,32.9,116.3,35.2,0.0,0.0000,LOW,Anomalous Pattern,NORMAL,NORMAL
2026-03-14 20:04:36,blk_-511058354155453697,INFO,datanode_service,disk_write,success,77.7,94.2,157.9,2019.5,844.7,8.0,1.0000,HIGH,Resource Exhaustion,FAILURE,ANOMALY
2026-03-14 20:04:36,blk_5342951107968283054,INFO,packet_responder,service_stop,failed,24.8,56.2,24.2,109.8,27.6,0.0,0.0000,LOW,Anomalous Pattern,NORMAL,NORMAL
2026-03-14 20:04:36,blk_-1053682214263246100,INFO,datanode_service,disk_write,success,47.9,50.1,33.1,138.9,18.2,0.0,0.0000,LOW,Anomalous Pattern,NORMAL,NORMAL
2026-03-14 20:04:37,blk_-6851500073529477436,INFO,datanode_service,disk_write,success,39.6,42.2,5.8,75.7,22.9,1.0,0.0000,LOW,Anomalous Pattern,NORMAL,NORMAL
2026-03-14 20:04:37,blk_-6171624997176264816,INFO,namenode_service,block_operation,success,31.9,41.7,20.7,76.7,40.0,1.0,0.0000,LOW,Anomalous Pattern,NORMAL,NORMAL
2026-03-14 20:04:37,blk_5654873935527700795,INFO,namenode_service,block_operation,success,52.9,51.9,29.5,121.7,41.5,0.0,0.0000,LOW,Anomalous Pattern,NORMAL,NORMAL
2026-03-14 20:04:37,blk_-8668349233891113031,INFO,packet_responder,disk_write,success,33.6,49.1,27.2,144.9,46.8,0.0,0.0000,LOW,Anomalous Pattern,NORMAL,NORMAL
2026-03-14 20:04:37,blk_4799422628120502253,INFO,namenode_service,block_operation,success,34.2,33.5,8.8,105.0,36.3,0.0,0.0000,LOW,Anomalous Pattern,NORMAL,NORMAL
2026-03-14 20:04:37,blk_6629706662816192850,INFO,packet_responder,service_stop,failed,55.5,59.3,19.2,142.3,42.9,1.0,0.0000,LOW,Anomalous Pattern,NORMAL,NORMAL
2026-03-14 20:04:37,blk_-1966946637220555511,INFO,packet_responder,disk_write,success,41.1,54.7,35.1,120.9,26.4,0.0,0.0000,LOW,Anomalous Pattern,NORMAL,NORMAL
2026-03-14 20:04:37,blk_-1753953838883947839,INFO,namenode_service,resource_allocation,success,29.3,60.5,26.0,134.8,34.2,0.0,0.0000,LOW,Anomalous Pattern,NORMAL,NORMAL
2026-03-14 20:04:37,blk_-2901054034036794313,INFO,packet_responder,service_stop,failed,33.6,42.6,30.3,130.6,37.5,0.0,0.0000,LOW,Anomalous Pattern,NORMAL,NORMAL
2026-03-14 20:04:37,blk_5851043418258222720,INFO,datanode_service,disk_write,success,45.9,52.0,40.7,176.0,32.2,1.0,0.0000,LOW,Anomalous Pattern,NORMAL,NORMAL
2026-03-14 20:04:37,blk_-3424609452586044408,INFO,packet_responder,disk_write,success,42.1,53.4,44.4,23.0,37.2,1.0,0.0000,LOW,Anomalous Pattern,NORMAL,NORMAL
2026-03-14 20:04:37,blk_503171034280877882,INFO,namenode_service,block_operation,success,34.3,54.1,28.7,186.9,35.3,1.0,0.0000,LOW,Anomalous Pattern,NORMAL,NORMAL
2026-03-14 20:04:38,blk_7410280219315853030,INFO,namenode_service,block_operation,success,45.5,50.9,34.4,136.0,19.2,0.0,0.0000,LOW,Anomalous Pattern,NORMAL,NORMAL
2026-03-14 20:04:38,blk_-8155686370688569983,INFO,namenode_service,block_operation,success,37.2,49.6,36.2,99.6,29.2,1.0,0.0000,LOW,Anomalous Pattern,NORMAL,NORMAL
2026-03-14 20:04:38,blk_-5781752082508616053,INFO,packet_responder,service_stop,failed,31.4,34.1,33.5,70.4,12.1,0.0,0.0000,LOW,Anomalous Pattern,NORMAL,NORMAL
2026-03-14 20:04:38,blk_-3936073435745857873,INFO,datanode_service,disk_write,success,31.1,51.0,35.9,140.2,29.4,0.0,0.0000,LOW,Anomalous Pattern,NORMAL,NORMAL
2026-03-14 20:04:38,blk_8822775702627284108,INFO,packet_responder,service_stop,failed,100.0,87.6,64.2,1414.8,431.7,3.0,0.9999,HIGH,Resource Exhaustion,FAILURE,ANOMALY
2026-03-14 20:04:38,blk_6629706662816192850,INFO,namenode_service,resource_allocation,success,32.9,42.5,33.2,54.6,21.3,1.0,0.0000,LOW,Anomalous Pattern,NORMAL,NORMAL
2026-03-14 20:04:38,blk_633194454364258996,INFO,packet_responder,service_stop,failed,34.8,52.2,16.2,118.8,28.8,1.0,0.0000,LOW,Anomalous Pattern,NORMAL,NORMAL
2026-03-14 20:04:38,blk_-7730745308963525191,INFO,datanode_service,disk_write,success,51.0,51.4,50.3,113.3,14.5,1.0,0.0000,LOW,Anomalous Pattern,NORMAL,NORMAL
2026-03-14 20:04:38,blk_-8694633267506886891,INFO,packet_responder,service_stop,failed,37.3,33.4,36.7,163.9,37.8,0.0,0.0000,LOW,Anomalous Pattern,NORMAL,NORMAL
2026-03-14 20:04:38,blk_2636638632690607386,INFO,packet_responder,disk_write,success,24.8,56.5,19.2,136.4,7.1,1.0,0.0000,LOW,Anomalous Pattern,NORMAL,NORMAL
2026-03-14 20:04:38,blk_-9029558249250325130,INFO,packet_responder,disk_write,success,61.4,73.1,31.2,181.8,40.0,1.0,0.0000,LOW,Memory Pressure,NORMAL,NORMAL
2026-03-14 20:04:38,blk_-6610740339710112867,INFO,namenode_service,block_operation,success,37.5,30.8,36.8,127.2,11.8,0.0,0.0000,LOW,Anomalous Pattern,NORMAL,NORMAL
2026-03-14 20:04:39,blk_-2706912306489512868,INFO,datanode_service,disk_write,success,59.9,42.6,42.2,22.5,18.0,0.0,0.0000,LOW,Anomalous Pattern,NORMAL,NORMAL
2026-03-14 20:04:39,blk_410968055248890638,INFO,packet_responder,service_stop,failed,37.9,50.8,22.9,120.8,24.5,0.0,0.0000,LOW,Anomalous Pattern,NORMAL,NORMAL
2026-03-14 20:04:39,blk_7732306871241740755,INFO,datanode_service,disk_write,success,50.0,63.6,33.0,113.5,27.2,1.0,0.0000,LOW,Anomalous Pattern,NORMAL,NORMAL
2026-03-14 20:04:39,blk_7604683085433170185,INFO,packet_responder,disk_write,success,94.3,78.8,148.0,1684.7,496.8,5.0,1.0000,HIGH,Resource Exhaustion,FAILURE,ANOMALY
2026-03-14 20:04:39,blk_8827951563980824329,INFO,packet_responder,service_stop,failed,100.0,86.3,167.1,1653.9,817.6,5.0,1.0000,HIGH,Resource Exhaustion,FAILURE,ANOMALY
2026-03-14 20:04:39,blk_6182135678281034149,INFO,datanode_service,disk_write,success,24.9,46.5,44.3,139.3,50.5,1.0,0.0000,LOW,Anomalous Pattern,NORMAL,NORMAL
2026-03-14 20:04:39,blk_-8841093050329591989,INFO,datanode_service,disk_write,success,42.7,48.5,14.7,112.5,41.3,1.0,0.0000,LOW,Anomalous Pattern,NORMAL,NORMAL
2026-03-14 20:04:39,blk_438554079629684554,INFO,namenode_service,block_operation,success,33.1,52.5,28.7,183.2,14.3,1.0,0.0000,LOW,Anomalous Pattern,NORMAL,NORMAL
2026-03-14 20:04:39,blk_-1074070294958211790,INFO,namenode_service,resource_allocation,success,16.9,56.3,7.0,180.8,33.6,1.0,0.0000,LOW,Anomalous Pattern,NORMAL,NORMAL
2026-03-14 20:04:39,blk_1086420193925825135,INFO,datanode_service,disk_write,success,42.8,42.0,27.9,88.2,29.4,1.0,0.0000,LOW,Anomalous Pattern,NORMAL,NORMAL
2026-03-14 20:04:39,blk_-402923369251941703,INFO,packet_responder,service_stop,failed,48.4,56.7,38.4,98.4,9.8,0.0,0.0000,LOW,Anomalous Pattern,NORMAL,NORMAL
2026-03-14 20:04:40,blk_6577328128188282785,INFO,datanode_service,disk_write,success,48.5,63.2,43.8,178.2,18.8,1.0,0.0000,LOW,Anomalous Pattern,NORMAL,NORMAL
2026-03-14 20:04:40,blk_1438027581498050388,INFO,namenode_service,block_operation,success,34.9,54.1,34.2,107.4,21.8,0.0,0.0000,LOW,Anomalous Pattern,NORMAL,NORMAL
2026-03-14 20:04:40,blk_7861382844251853275,INFO,namenode_service,resource_allocation,success,48.9,31.7,36.8,93.4,21.7,0.0,0.0000,LOW,Anomalous Pattern,NORMAL,NORMAL
2026-03-14 20:04:40,blk_7371990802134007183,INFO,packet_responder,service_stop,failed,31.9,62.0,36.8,113.6,26.4,0.0,0.0000,LOW,Anomalous Pattern,NORMAL,NORMAL
2026-03-14 20:04:40,blk_-2190210906526916834,INFO,namenode_service,block_operation,success,40.9,41.0,37.6,128.3,28.6,1.0,0.0000,LOW,Anomalous Pattern,NORMAL,NORMAL
2026-03-14 20:04:40,blk_4011209840575947719,INFO,packet_responder,disk_write,success,40.1,50.3,39.8,150.8,43.1,1.0,0.0000,LOW,Anomalous Pattern,NORMAL,NORMAL
2026-03-14 20:04:40,blk_-1753953838883947839,INFO,datanode_service,disk_write,success,13.5,56.2,32.9,135.6,27.4,0.0,0.0000,LOW,Anomalous Pattern,NORMAL,NORMAL
2026-03-14 20:04:40,blk_-8557912432390386642,INFO,namenode_service,resource_allocation,success,35.5,68.1,21.0,90.6,23.8,0.0,0.0000,LOW,Memory Pressure,NORMAL,NORMAL
2026-03-14 20:04:40,blk_6416937654158892387,INFO,datanode_service,disk_write,success,40.2,61.1,26.8,142.6,28.6,0.0,0.0000,LOW,Anomalous Pattern,NORMAL,NORMAL
2026-03-14 20:04:41,blk_1206297444059407272,INFO,datanode_service,disk_write,success,46.7,27.7,12.8,112.0,19.7,1.0,0.0000,LOW,Anomalous Pattern,NORMAL,NORMAL
2026-03-14 20:04:41,blk_-2556672568838995934,INFO,packet_responder,disk_write,success,44.8,51.9,17.5,176.1,27.8,1.0,0.0000,LOW,Anomalous Pattern,NORMAL,NORMAL
2026-03-14 20:04:41,blk_8752080262068586661,INFO,datanode_service,disk_write,success,32.3,40.8,38.4,106.1,28.1,1.0,0.0000,LOW,Anomalous Pattern,NORMAL,NORMAL
2026-03-14 20:04:41,blk_-7216460480090782320,INFO,packet_responder,disk_write,success,37.9,38.2,34.4,122.4,40.1,0.0,0.0000,LOW,Anomalous Pattern,NORMAL,NORMAL
2026-03-14 20:04:41,blk_-7788641552899061106,INFO,packet_responder,disk_write,success,32.4,38.4,16.6,62.2,38.9,0.0,0.0000,LOW,Anomalous Pattern,NORMAL,NORMAL
2026-03-14 20:04:41,blk_-3752787267588502893,INFO,namenode_service,block_operation,success,32.5,60.1,39.6,138.2,37.2,0.0,0.0000,LOW,Anomalous Pattern,NORMAL,NORMAL
2026-03-14 20:04:41,blk_-6313868889309442755,INFO,datanode_service,disk_write,success,28.8,43.1,34.1,154.5,13.0,1.0,0.0000,LOW,Anomalous Pattern,NORMAL,NORMAL
2026-03-14 20:04:41,blk_588762048063777382,INFO,namenode_service,block_operation,success,44.2,46.7,25.4,107.9,22.7,0.0,0.0000,LOW,Anomalous Pattern,NORMAL,NORMAL
2026-03-14 20:04:41,blk_2895341099401957222,INFO,namenode_service,block_operation,success,41.2,40.4,32.9,128.2,12.4,0.0,0.0000,LOW,Anomalous Pattern,NORMAL,NORMAL
2026-03-14 20:04:41,blk_7740200731746624935,INFO,packet_responder,service_stop,failed,38.4,62.6,39.6,129.1,22.4,0.0,0.0000,LOW,Anomalous Pattern,NORMAL,NORMAL
2026-03-14 20:04:41,blk_-4604588889808671352,INFO,datanode_service,disk_write,success,31.4,55.0,26.3,100.0,18.7,1.0,0.0000,LOW,Anomalous Pattern,NORMAL,NORMAL
2026-03-14 20:04:42,blk_-6309718045191769136,INFO,namenode_service,block_operation,success,30.7,57.4,23.2,88.6,32.6,0.0,0.0000,LOW,Anomalous Pattern,NORMAL,NORMAL
2026-03-14 20:04:42,blk_-5036039134549453644,INFO,packet_responder,service_stop,failed,41.0,45.5,40.4,120.5,23.6,0.0,0.0000,LOW,Anomalous Pattern,NORMAL,NORMAL
2026-03-14 20:04:42,blk_-784652232591926294,INFO,packet_responder,disk_write,success,40.6,50.4,45.0,132.3,27.6,0.0,0.0000,LOW,Anomalous Pattern,NORMAL,NORMAL
2026-03-14 20:04:42,blk_-2938067517944706485,INFO,namenode_service,block_operation,success,27.2,51.8,28.0,109.0,40.9,1.0,0.0000,LOW,Anomalous Pattern,NORMAL,NORMAL
2026-03-14 20:04:42,blk_-7830814411989394603,INFO,datanode_service,disk_write,success,27.9,25.4,51.3,145.4,6.9,0.0,0.0000,LOW,Anomalous Pattern,NORMAL,NORMAL
2026-03-14 20:04:42,blk_1529311924183425240,INFO,datanode_service,disk_write,success,51.9,55.4,25.6,124.0,40.0,1.0,0.0000,LOW,Anomalous Pattern,NORMAL,NORMAL
2026-03-14 20:04:42,blk_6227055072516687391,INFO,block_scanner,system_event,success,33.3,44.4,36.0,92.6,39.2,0.0,0.0000,LOW,Anomalous Pattern,NORMAL,NORMAL
2026-03-14 20:04:42,blk_6249371971857255334,INFO,packet_responder,disk_write,success,78.7,83.5,179.1,2232.5,863.0,7.0,1.0000,HIGH,Resource Exhaustion,FAILURE,ANOMALY
2026-03-14 20:04:42,blk_69209702180793269,INFO,namenode_service,block_operation,success,31.4,41.9,45.4,122.4,25.4,0.0,0.0000,LOW,Anomalous Pattern,NORMAL,NORMAL
2026-03-14 20:04:42,blk_8844545390473176025,INFO,packet_responder,service_stop,failed,26.3,64.1,18.6,60.0,34.6,0.0,0.0000,LOW,Anomalous Pattern,NORMAL,NORMAL
2026-03-14 20:04:43,blk_-4655233009608958354,INFO,namenode_service,block_operation,success,46.9,55.5,45.8,109.2,37.7,0.0,0.0000,LOW,Anomalous Pattern,NORMAL,NORMAL
2026-03-14 20:04:43,blk_8465336617830732846,INFO,datanode_service,disk_write,success,39.2,46.2,14.6,185.3,45.9,0.0,0.0000,LOW,Anomalous Pattern,NORMAL,NORMAL
2026-03-14 20:04:43,blk_-9203207203433266408,INFO,datanode_service,disk_write,success,100.0,80.5,124.2,1752.3,573.8,6.0,1.0000,HIGH,Resource Exhaustion,FAILURE,ANOMALY
2026-03-14 20:04:43,blk_-3842070622043972712,INFO,datanode_service,disk_write,success,94.1,79.0,111.9,1503.7,644.2,6.0,1.0000,HIGH,Resource Exhaustion,FAILURE,ANOMALY
2026-03-14 20:04:43,blk_-8186438745381579117,INFO,block_scanner,system_event,success,56.2,43.0,5.8,35.5,25.1,0.0,0.0000,LOW,Anomalous Pattern,NORMAL,NORMAL
2026-03-14 20:04:43,blk_2765909506808566429,INFO,datanode_service,disk_write,success,27.9,43.5,28.5,137.0,28.1,1.0,0.0000,LOW,Anomalous Pattern,NORMAL,NORMAL
2026-03-14 20:04:43,blk_-3421274606957652883,INFO,packet_responder,service_stop,failed,31.6,53.7,37.3,135.8,18.7,1.0,0.0000,LOW,Anomalous Pattern,NORMAL,NORMAL
2026-03-14 20:04:43,blk_-1868969563657782257,INFO,datanode_service,disk_write,success,61.7,46.6,15.1,218.3,25.9,1.0,0.0000,LOW,Anomalous Pattern,NORMAL,NORMAL
2026-03-14 20:04:43,blk_5161535612032572360,INFO,namenode_service,block_operation,success,33.7,41.3,28.9,56.2,42.0,1.0,0.0000,LOW,Anomalous Pattern,NORMAL,NORMAL
2026-03-14 20:04:43,blk_1351054831790635703,INFO,packet_responder,service_stop,failed,46.4,67.5,26.9,93.7,34.4,1.0,0.0000,LOW,Memory Pressure,NORMAL,NORMAL
2026-03-14 20:04:43,blk_-4017637023667203709,INFO,packet_responder,disk_write,success,25.5,40.2,40.7,124.0,14.7,1.0,0.0000,LOW,Anomalous Pattern,NORMAL,NORMAL
2026-03-14 20:04:44,blk_-7774175278178784010,INFO,packet_responder,disk_write,success,66.0,51.3,26.8,171.9,16.4,1.0,0.0000,LOW,Anomalous Pattern,NORMAL,NORMAL
2026-03-14 20:04:44,blk_5855292082925966480,INFO,namenode_service,block_operation,success,37.9,43.9,30.8,103.2,13.6,1.0,0.0000,LOW,Anomalous Pattern,NORMAL,NORMAL
2026-03-14 20:04:44,blk_7688643631245999367,INFO,datanode_service,disk_write,success,41.1,45.0,40.0,140.3,27.7,1.0,0.0000,LOW,Anomalous Pattern,NORMAL,NORMAL
2026-03-14 20:04:44,blk_5577827766804360449,INFO,datanode_service,disk_write,success,67.0,58.0,18.0,185.5,21.4,0.0,0.0000,LOW,Anomalous Pattern,NORMAL,NORMAL
2026-03-14 20:04:44,blk_-4029295427425860743,INFO,packet_responder,disk_write,success,39.4,43.6,26.6,163.2,15.1,1.0,0.0000,LOW,Anomalous Pattern,NORMAL,NORMAL
2026-03-14 20:04:44,blk_7021972623387558057,INFO,packet_responder,service_stop,failed,55.5,48.1,30.7,128.3,44.1,0.0,0.0000,LOW,Anomalous Pattern,NORMAL,NORMAL
2026-03-14 20:04:44,blk_-4427370210377945173,INFO,packet_responder,disk_write,success,18.9,55.7,21.0,157.0,26.9,0.0,0.0000,LOW,Anomalous Pattern,NORMAL,NORMAL
2026-03-14 20:04:44,blk_-7590913608990175311,INFO,namenode_service,block_operation,success,39.6,45.3,46.2,129.1,23.0,0.0,0.0000,LOW,Anomalous Pattern,NORMAL,NORMAL
2026-03-14 20:04:44,blk_-6469045872540600864,INFO,namenode_service,block_operation,success,17.5,36.0,25.6,150.1,15.2,1.0,0.0000,LOW,Anomalous Pattern,NORMAL,NORMAL
2026-03-14 20:04:44,blk_946279522533280896,INFO,packet_responder,service_stop,failed,31.7,52.1,37.5,130.4,19.5,0.0,0.0000,LOW,Anomalous Pattern,NORMAL,NORMAL
2026-03-14 20:04:45,blk_3125478205253565053,INFO,datanode_service,disk_write,success,43.9,39.6,27.7,63.6,25.9,0.0,0.0000,LOW,Anomalous Pattern,NORMAL,NORMAL
2026-03-14 20:04:45,blk_-2605958247816735263,INFO,packet_responder,disk_write,success,28.7,40.9,43.0,120.3,25.8,0.0,0.0000,LOW,Anomalous Pattern,NORMAL,NORMAL
2026-03-14 20:04:45,blk_6351437309877084507,INFO,datanode_service,disk_write,success,53.1,31.3,31.1,160.9,21.4,1.0,0.0000,LOW,Anomalous Pattern,NORMAL,NORMAL
2026-03-14 20:04:45,blk_3680859995890890162,INFO,namenode_service,block_operation,success,34.8,56.4,30.9,161.3,47.9,1.0,0.0000,LOW,Anomalous Pattern,NORMAL,NORMAL
2026-03-14 20:04:45,blk_2496329213080013901,INFO,packet_responder,disk_write,success,36.5,45.0,35.3,140.2,16.8,1.0,0.0000,LOW,Anomalous Pattern,NORMAL,NORMAL
2026-03-14 20:04:45,blk_-7778332345239390623,INFO,namenode_service,block_operation,success,36.5,55.1,10.0,127.0,25.6,0.0,0.0000,LOW,Anomalous Pattern,NORMAL,NORMAL
2026-03-14 20:04:45,blk_2194462855708020369,INFO,namenode_service,block_operation,success,45.1,30.0,10.4,192.9,4.8,1.0,0.0000,LOW,Anomalous Pattern,NORMAL,NORMAL
2026-03-14 20:04:45,blk_-3327927740277102206,INFO,datanode_service,disk_write,success,37.1,43.6,14.9,82.6,24.1,1.0,0.0000,LOW,Anomalous Pattern,NORMAL,NORMAL
2026-03-14 20:04:45,blk_-4777172021454732874,INFO,namenode_service,block_operation,success,38.1,61.9,26.9,109.8,39.3,0.0,0.0000,LOW,Anomalous Pattern,NORMAL,NORMAL
2026-03-14 20:04:45,blk_-3207096505404510006,INFO,datanode_service,disk_write,success,38.7,57.1,44.2,131.7,36.5,1.0,0.0000,LOW,Anomalous Pattern,NORMAL,NORMAL
2026-03-14 20:04:45,blk_-8187589158061744826,INFO,packet_responder,disk_write,success,41.2,47.9,8.2,168.0,33.5,1.0,0.0000,LOW,Anomalous Pattern,NORMAL,NORMAL
2026-03-14 20:04:46,blk_-4747915836524582961,INFO,namenode_service,block_operation,success,30.7,48.0,41.0,97.7,37.3,1.0,0.0000,LOW,Anomalous Pattern,NORMAL,NORMAL
2026-03-14 20:04:46,blk_-9008303237634824791,INFO,namenode_service,resource_allocation,success,39.0,28.4,22.5,130.5,16.1,0.0,0.0000,LOW,Anomalous Pattern,NORMAL,NORMAL
2026-03-14 20:04:46,blk_-5676644901999673679,INFO,packet_responder,service_stop,failed,35.4,42.4,45.1,91.8,46.4,0.0,0.0000,LOW,Anomalous Pattern,NORMAL,NORMAL
2026-03-14 20:04:46,blk_-5303986341485696314,INFO,datanode_service,disk_write,success,42.7,49.0,38.2,155.3,40.4,0.0,0.0000,LOW,Anomalous Pattern,NORMAL,NORMAL
2026-03-14 20:04:46,blk_2654016902986803151,INFO,namenode_service,resource_allocation,success,91.9,73.6,106.9,2055.4,564.9,5.0,1.0000,HIGH,Resource Exhaustion,FAILURE,ANOMALY
2026-03-14 20:04:46,blk_555888138413033874,INFO,packet_responder,disk_write,success,60.9,46.2,45.1,129.6,36.9,1.0,0.0000,LOW,Anomalous Pattern,NORMAL,NORMAL
2026-03-14 20:04:46,blk_-8933090753726607633,INFO,packet_responder,disk_write,success,35.1,44.4,39.9,180.9,17.4,0.0,0.0000,LOW,Anomalous Pattern,NORMAL,NORMAL
2026-03-14 20:04:46,blk_3177215120399888381,INFO,datanode_service,disk_write,success,29.2,40.9,42.9,57.9,31.7,1.0,0.0000,LOW,Anomalous Pattern,NORMAL,NORMAL
2026-03-14 20:04:46,blk_4229018881350702018,INFO,packet_responder,disk_write,success,45.6,55.1,48.9,87.0,36.9,1.0,0.0000,LOW,Anomalous Pattern,NORMAL,NORMAL
2026-03-14 20:04:46,blk_1933850181329172596,INFO,packet_responder,service_stop,failed,43.6,60.5,20.6,124.9,26.3,0.0,0.0000,LOW,Anomalous Pattern,NORMAL,NORMAL
2026-03-14 20:04:47,blk_4149401140857368018,INFO,namenode_service,block_operation,success,27.8,51.4,16.1,110.2,35.4,1.0,0.0000,LOW,Anomalous Pattern,NORMAL,NORMAL
2026-03-14 20:04:47,blk_6690882196283280422,INFO,datanode_service,disk_write,success,50.0,39.0,34.7,98.8,23.2,1.0,0.0000,LOW,Anomalous Pattern,NORMAL,NORMAL
2026-03-14 20:04:47,blk_3815510679457932917,INFO,datanode_service,disk_write,success,49.5,39.6,34.2,119.3,17.2,0.0,0.0000,LOW,Anomalous Pattern,NORMAL,NORMAL
2026-03-14 20:04:47,blk_3590373790524825024,INFO,namenode_service,resource_allocation,success,29.8,45.3,19.5,179.7,27.0,0.0,0.0000,LOW,Anomalous Pattern,NORMAL,NORMAL
2026-03-14 20:04:47,blk_-335247823972050832,INFO,namenode_service,resource_allocation,success,48.4,36.3,32.8,236.8,41.2,0.0,0.0000,LOW,Anomalous Pattern,NORMAL,NORMAL
2026-03-14 20:04:47,blk_-1560850019804422298,INFO,namenode_service,block_operation,success,30.6,43.1,17.4,174.7,42.6,0.0,0.0000,LOW,Anomalous Pattern,NORMAL,NORMAL
2026-03-14 20:04:47,blk_7412845837586743781,INFO,datanode_service,disk_write,success,44.2,58.5,30.8,131.2,25.2,0.0,0.0000,LOW,Anomalous Pattern,NORMAL,NORMAL
2026-03-14 20:04:47,blk_4648733430518750846,INFO,datanode_service,disk_write,success,60.6,60.9,35.5,97.2,34.3,1.0,0.0000,LOW,Anomalous Pattern,NORMAL,NORMAL
2026-03-14 20:04:47,blk_4984476842292245324,INFO,datanode_service,disk_write,success,31.9,58.9,40.4,157.7,36.3,0.0,0.0000,LOW,Anomalous Pattern,NORMAL,NORMAL
2026-03-14 20:04:47,blk_-6085148136127812550,INFO,namenode_service,resource_allocation,success,49.9,36.0,38.1,44.6,34.5,1.0,0.0000,LOW,Anomalous Pattern,NORMAL,NORMAL
2026-03-14 20:04:47,blk_-1846600785481316075,INFO,packet_responder,disk_write,success,32.2,51.9,12.0,141.4,27.7,0.0,0.0000,LOW,Anomalous Pattern,NORMAL,NORMAL
2026-03-14 20:04:48,blk_-1852461660074696275,INFO,namenode_service,block_operation,success,32.1,33.7,9.3,60.4,25.7,0.0,0.0000,LOW,Anomalous Pattern,NORMAL,NORMAL
2026-03-14 20:04:48,blk_1435777409246420619,INFO,datanode_service,disk_write,success,30.2,48.5,30.4,139.3,45.0,0.0,0.0000,LOW,Anomalous Pattern,NORMAL,NORMAL
2026-03-14 20:04:48,blk_5501650285337045915,INFO,packet_responder,disk_write,success,45.5,49.9,41.1,116.7,32.8,1.0,0.0000,LOW,Anomalous Pattern,NORMAL,NORMAL
2026-03-14 20:04:48,blk_-7248923199470866308,INFO,datanode_service,disk_write,success,50.9,45.5,23.5,88.9,33.0,1.0,0.0000,LOW,Anomalous Pattern,NORMAL,NORMAL
2026-03-14 20:04:48,blk_-6115633556214996150,INFO,packet_responder,disk_write,success,34.6,47.8,37.4,77.2,30.3,0.0,0.0000,LOW,Anomalous Pattern,NORMAL,NORMAL
2026-03-14 20:04:48,blk_7070829744059275345,INFO,packet_responder,disk_write,success,41.4,39.3,32.1,158.7,17.3,0.0,0.0000,LOW,Anomalous Pattern,NORMAL,NORMAL
2026-03-14 20:04:48,blk_8172251131904558969,INFO,packet_responder,service_stop,failed,41.7,40.4,48.4,117.7,12.0,1.0,0.0000,LOW,Anomalous Pattern,NORMAL,NORMAL
2026-03-14 20:04:48,blk_7242677848503532251,INFO,datanode_service,disk_write,success,42.8,57.2,23.6,127.9,27.9,0.0,0.0000,LOW,Anomalous Pattern,NORMAL,NORMAL
2026-03-14 20:04:48,blk_-6171624997176264816,INFO,packet_responder,service_stop,failed,31.7,45.5,34.3,226.6,31.3,1.0,0.0000,LOW,Anomalous Pattern,NORMAL,NORMAL
2026-03-14 20:04:48,blk_-8391159290231043659,INFO,packet_responder,disk_write,success,35.2,48.5,21.8,162.6,32.9,1.0,0.0000,LOW,Anomalous Pattern,NORMAL,NORMAL
2026-03-14 20:04:48,blk_-1896576695098440656,INFO,namenode_service,block_operation,success,36.3,53.4,18.4,138.7,38.5,0.0,0.0000,LOW,Anomalous Pattern,NORMAL,NORMAL
2026-03-14 20:04:48,blk_-4561305692078476669,INFO,packet_responder,disk_write,success,47.6,54.5,53.9,154.8,45.2,0.0,0.0000,LOW,Anomalous Pattern,NORMAL,NORMAL
2026-03-14 20:04:49,blk_-3636878232442097475,INFO,packet_responder,disk_write,success,53.9,70.0,28.0,121.2,30.0,1.0,0.0000,LOW,Memory Pressure,NORMAL,NORMAL
2026-03-14 20:04:49,blk_-1517205848352157774,INFO,packet_responder,service_stop,failed,51.8,51.3,37.2,124.9,31.2,1.0,0.0000,LOW,Anomalous Pattern,NORMAL,NORMAL
2026-03-14 20:04:49,blk_-5434091827285625789,INFO,datanode_service,disk_write,success,25.1,40.2,41.6,170.8,32.5,1.0,0.0000,LOW,Anomalous Pattern,NORMAL,NORMAL
2026-03-14 20:04:49,blk_633194454364258996,INFO,packet_responder,service_stop,failed,38.2,69.5,40.2,137.5,23.1,0.0,0.0000,LOW,Memory Pressure,NORMAL,NORMAL
2026-03-14 20:04:49,blk_8074191249935269840,INFO,packet_responder,disk_write,success,96.3,75.2,107.3,1095.2,754.4,6.0,1.0000,HIGH,Resource Exhaustion,FAILURE,ANOMALY
2026-03-14 20:04:49,blk_7788147149105888233,INFO,packet_responder,service_stop,failed,45.9,47.8,33.7,189.2,32.2,0.0,0.0000,LOW,Anomalous Pattern,NORMAL,NORMAL
2026-03-14 20:04:49,blk_8074191249935269840,INFO,packet_responder,service_stop,failed,78.2,88.7,133.4,2183.0,566.7,5.0,1.0000,HIGH,Resource Exhaustion,FAILURE,ANOMALY
2026-03-14 20:04:49,blk_188945537915310061,INFO,namenode_service,resource_allocation,success,34.2,52.5,27.6,80.6,22.4,1.0,0.0000,LOW,Anomalous Pattern,NORMAL,NORMAL
2026-03-14 20:04:49,blk_-2470178870562220692,INFO,packet_responder,disk_write,success,60.6,28.3,30.1,44.4,20.1,0.0,0.0000,LOW,Anomalous Pattern,NORMAL,NORMAL
2026-03-14 20:04:49,blk_5212315083187690708,INFO,datanode_service,disk_write,success,31.1,63.8,35.9,105.3,31.9,1.0,0.0000,LOW,Anomalous Pattern,NORMAL,NORMAL
2026-03-14 20:04:49,blk_-5232527222906625904,INFO,packet_responder,service_stop,failed,58.3,64.3,21.9,190.9,41.2,0.0,0.0000,LOW,Anomalous Pattern,NORMAL,NORMAL
2026-03-14 20:04:50,blk_8412479173024442287,INFO,packet_responder,service_stop,failed,38.0,48.9,5.1,167.2,26.1,1.0,0.0000,LOW,Anomalous Pattern,NORMAL,NORMAL
2026-03-14 20:04:50,blk_5367603742509914222,INFO,namenode_service,block_operation,success,36.9,31.8,26.1,150.9,32.4,1.0,0.0000,LOW,Anomalous Pattern,NORMAL,NORMAL
2026-03-14 20:04:50,blk_5700648083503165548,INFO,datanode_service,disk_write,success,48.9,40.6,34.9,105.0,31.5,0.0,0.0000,LOW,Anomalous Pattern,NORMAL,NORMAL
2026-03-14 20:04:50,blk_-8240883429454269484,INFO,datanode_service,disk_write,success,62.0,48.7,33.0,111.1,30.5,1.0,0.0000,LOW,Anomalous Pattern,NORMAL,NORMAL
2026-03-14 20:04:50,blk_2212672481434237085,INFO,namenode_service,block_operation,success,28.6,38.8,32.1,235.4,30.4,1.0,0.0000,LOW,Anomalous Pattern,NORMAL,NORMAL
2026-03-14 20:04:50,blk_2917538488359820618,INFO,packet_responder,disk_write,success,36.7,39.5,34.0,103.7,18.8,1.0,0.0000,LOW,Anomalous Pattern,NORMAL,NORMAL
2026-03-14 20:04:50,blk_7020733168397431351,INFO,packet_responder,disk_write,success,25.9,53.4,27.5,81.5,21.8,0.0,0.0000,LOW,Anomalous Pattern,NORMAL,NORMAL
2026-03-14 20:04:50,blk_-507499221333778237,INFO,datanode_service,disk_write,success,32.9,54.1,46.9,120.5,33.3,1.0,0.0000,LOW,Anomalous Pattern,NORMAL,NORMAL
2026-03-14 20:04:50,blk_-6192251633256770063,INFO,namenode_service,resource_allocation,success,39.9,57.8,20.8,132.4,30.2,1.0,0.0000,LOW,Anomalous Pattern,NORMAL,NORMAL
2026-03-14 20:04:50,blk_-5937773175168451180,INFO,packet_responder,service_stop,failed,25.8,47.8,40.8,192.5,38.2,1.0,0.0000,LOW,Anomalous Pattern,NORMAL,NORMAL
2026-03-14 20:04:50,blk_4984476842292245324,INFO,namenode_service,resource_allocation,success,44.8,37.8,43.9,97.0,35.2,0.0,0.0000,LOW,Anomalous Pattern,NORMAL,NORMAL
2026-03-14 20:04:50,blk_708509238301532717,INFO,packet_responder,disk_write,success,25.0,43.7,27.7,116.9,39.1,0.0,0.0000,LOW,Anomalous Pattern,NORMAL,NORMAL
2026-03-14 20:04:50,blk_7283825910462335201,INFO,datanode_service,disk_write,success,27.1,50.9,42.4,171.6,39.0,0.0,0.0000,LOW,Anomalous Pattern,NORMAL,NORMAL
2026-03-14 20:04:51,blk_1900144477656391254,INFO,namenode_service,block_operation,success,44.5,46.0,21.7,134.1,13.8,1.0,0.0000,LOW,Anomalous Pattern,NORMAL,NORMAL
2026-03-14 20:04:51,blk_8763864832383868244,INFO,packet_responder,disk_write,success,25.3,40.4,7.3,107.5,28.0,0.0,0.0000,LOW,Anomalous Pattern,NORMAL,NORMAL
2026-03-14 20:04:51,blk_3815510679457932917,INFO,namenode_service,block_operation,success,30.3,47.1,26.5,80.5,16.4,1.0,0.0000,LOW,Anomalous Pattern,NORMAL,NORMAL
2026-03-14 20:04:51,blk_-1473991145716193874,INFO,packet_responder,service_stop,failed,30.6,80.4,38.0,83.0,33.0,0.0,0.0000,LOW,Memory Pressure,NORMAL,NORMAL
2026-03-14 20:04:51,blk_5109050580456786239,INFO,namenode_service,block_operation,success,50.1,70.2,41.4,154.7,34.4,1.0,0.0000,LOW,Memory Pressure,NORMAL,NORMAL
2026-03-14 20:04:51,blk_-5609852490993394072,INFO,namenode_service,block_operation,success,24.6,42.6,36.0,155.0,29.9,1.0,0.0000,LOW,Anomalous Pattern,NORMAL,NORMAL
2026-03-14 20:04:51,blk_-1182341734207828035,INFO,namenode_service,block_operation,success,39.5,44.7,33.5,83.4,31.1,0.0,0.0000,LOW,Anomalous Pattern,NORMAL,NORMAL
2026-03-14 20:04:51,blk_-2381013440026895384,INFO,packet_responder,service_stop,failed,46.4,41.0,21.2,49.9,42.3,0.0,0.0000,LOW,Anomalous Pattern,NORMAL,NORMAL
2026-03-14 20:04:51,blk_90386892032212647,INFO,packet_responder,disk_write,success,40.5,66.9,34.3,208.6,19.8,0.0,0.0000,LOW,Memory Pressure,NORMAL,NORMAL
2026-03-14 20:04:51,blk_7021972623387558057,INFO,namenode_service,block_operation,success,40.8,52.2,40.8,98.7,43.5,0.0,0.0000,LOW,Anomalous Pattern,NORMAL,NORMAL
2026-03-14 20:04:51,blk_-7730745308963525191,INFO,datanode_service,disk_write,success,33.3,66.5,17.5,156.0,33.3,0.0,0.0000,LOW,Memory Pressure,NORMAL,NORMAL
2026-03-14 20:04:51,blk_867455328661020007,INFO,packet_responder,disk_write,success,30.4,48.5,36.7,60.2,6.6,1.0,0.0000,LOW,Anomalous Pattern,NORMAL,NORMAL
2026-03-14 20:04:52,blk_5362004763919686020,INFO,packet_responder,service_stop,failed,42.8,50.5,33.0,192.0,34.5,1.0,0.0000,LOW,Anomalous Pattern,NORMAL,NORMAL
2026-03-14 20:04:52,blk_4005961392876834016,INFO,packet_responder,service_stop,failed,29.2,46.6,42.3,124.2,35.3,0.0,0.0000,LOW,Anomalous Pattern,NORMAL,NORMAL
2026-03-14 20:04:52,blk_-4190276705656985992,INFO,packet_responder,disk_write,success,32.2,32.7,48.2,97.7,25.2,0.0,0.0000,LOW,Anomalous Pattern,NORMAL,NORMAL
2026-03-14 20:04:52,blk_622079915189291695,INFO,namenode_service,block_operation,success,42.6,48.8,29.3,117.1,30.8,1.0,0.0000,LOW,Anomalous Pattern,NORMAL,NORMAL
2026-03-14 20:04:52,blk_-5536031304588832118,INFO,namenode_service,block_operation,success,35.0,40.7,29.9,214.2,13.2,1.0,0.0000,LOW,Anomalous Pattern,NORMAL,NORMAL
2026-03-14 20:04:52,blk_-5676644901999673679,INFO,packet_responder,disk_write,success,42.3,27.4,30.6,67.5,15.3,1.0,0.0000,LOW,Anomalous Pattern,NORMAL,NORMAL
2026-03-14 20:04:52,blk_3685478162715799189,INFO,datanode_service,disk_write,success,46.4,48.4,27.1,139.4,38.4,1.0,0.0000,LOW,Anomalous Pattern,NORMAL,NORMAL
2026-03-14 20:04:52,blk_6771656606041944057,INFO,datanode_service,disk_write,success,31.5,34.2,25.0,119.2,26.9,0.0,0.0000,LOW,Anomalous Pattern,NORMAL,NORMAL
2026-03-14 20:04:52,blk_-7169911840305078042,INFO,packet_responder,service_stop,failed,33.3,38.0,7.3,128.5,30.6,0.0,0.0000,LOW,Anomalous Pattern,NORMAL,NORMAL
2026-03-14 20:04:53,blk_8351310481072405435,INFO,namenode_service,block_operation,success,47.9,32.3,27.4,137.3,16.7,1.0,0.0000,LOW,Anomalous Pattern,NORMAL,NORMAL
2026-03-14 20:04:53,blk_-7140108066979678940,INFO,packet_responder,disk_write,success,35.6,36.7,36.2,79.1,37.9,0.0,0.0000,LOW,Anomalous Pattern,NORMAL,NORMAL
2026-03-14 20:04:53,blk_-785537735292098842,INFO,namenode_service,resource_allocation,success,30.8,34.0,22.2,187.8,42.7,1.0,0.0000,LOW,Anomalous Pattern,NORMAL,NORMAL
2026-03-14 20:04:53,blk_4304219605424315718,INFO,packet_responder,service_stop,failed,46.7,36.4,19.4,184.0,42.8,1.0,0.0000,LOW,Anomalous Pattern,NORMAL,NORMAL
2026-03-14 20:04:53,blk_3780802375455020982,INFO,namenode_service,block_operation,success,46.7,44.6,26.3,146.1,46.8,1.0,0.0000,LOW,Anomalous Pattern,NORMAL,NORMAL
2026-03-14 20:04:53,blk_8998492362951356511,INFO,packet_responder,service_stop,failed,46.3,48.9,31.1,123.2,30.1,0.0,0.0000,LOW,Anomalous Pattern,NORMAL,NORMAL
2026-03-14 20:04:53,blk_-391764539008440135,INFO,packet_responder,service_stop,failed,28.4,51.8,29.4,173.4,31.9,1.0,0.0000,LOW,Anomalous Pattern,NORMAL,NORMAL
2026-03-14 20:04:53,blk_5076179531601624858,INFO,namenode_service,block_operation,success,36.3,33.4,29.5,162.3,29.3,0.0,0.0000,LOW,Anomalous Pattern,NORMAL,NORMAL
2026-03-14 20:04:53,blk_-6537466496668089147,INFO,namenode_service,resource_allocation,success,76.6,88.0,158.4,1799.9,330.8,5.0,1.0000,HIGH,Resource Exhaustion,FAILURE,ANOMALY
2026-03-14 20:04:54,blk_7688643631245999367,INFO,packet_responder,disk_write,success,53.5,58.2,37.4,75.5,30.1,0.0,0.0000,LOW,Anomalous Pattern,NORMAL,NORMAL
2026-03-14 20:04:54,blk_2075234716713999208,INFO,packet_responder,service_stop,failed,80.2,77.0,117.2,1185.2,269.9,7.0,0.9997,HIGH,Resource Exhaustion,FAILURE,ANOMALY
2026-03-14 20:04:54,blk_-9008303237634824791,INFO,packet_responder,service_stop,failed,48.8,24.9,18.5,155.9,50.1,1.0,0.0000,LOW,Anomalous Pattern,NORMAL,NORMAL
2026-03-14 20:04:54,blk_5047876460722366136,INFO,packet_responder,disk_write,success,49.2,43.6,32.0,69.9,20.3,0.0,0.0000,LOW,Anomalous Pattern,NORMAL,NORMAL
2026-03-14 20:04:54,blk_8246640784664624144,INFO,packet_responder,disk_write,success,79.1,77.2,137.7,2600.4,550.6,6.0,1.0000,HIGH,Resource Exhaustion,FAILURE,ANOMALY
2026-03-14 20:04:54,blk_-3004305218355783749,INFO,packet_responder,disk_write,success,48.1,67.9,31.1,90.3,49.0,1.0,0.0000,LOW,Memory Pressure,NORMAL,NORMAL
2026-03-14 20:04:54,blk_-5395347606680317869,INFO,datanode_service,disk_write,success,39.3,60.9,33.9,133.9,42.6,1.0,0.0000,LOW,Anomalous Pattern,NORMAL,NORMAL
2026-03-14 20:04:54,blk_4386079411548040260,INFO,block_scanner,system_event,success,36.0,62.7,30.1,134.1,51.9,0.0,0.0000,LOW,Anomalous Pattern,NORMAL,NORMAL
2026-03-14 20:04:54,blk_-1867975826281994751,INFO,packet_responder,service_stop,failed,49.9,55.2,31.4,187.7,40.2,1.0,0.0000,LOW,Anomalous Pattern,NORMAL,NORMAL
2026-03-14 20:04:55,blk_-6342557315775856444,INFO,packet_responder,disk_write,success,27.0,48.5,29.6,175.1,27.0,1.0,0.0000,LOW,Anomalous Pattern,NORMAL,NORMAL
2026-03-14 20:04:55,blk_-5159481822711582642,INFO,datanode_service,disk_write,success,38.6,39.7,33.1,184.5,36.8,0.0,0.0000,LOW,Anomalous Pattern,NORMAL,NORMAL
2026-03-14 20:04:55,blk_-3235241987235866077,INFO,packet_responder,disk_write,success,41.7,40.1,11.8,96.3,17.2,0.0,0.0000,LOW,Anomalous Pattern,NORMAL,NORMAL
2026-03-14 20:04:55,blk_4724350720839148519,INFO,namenode_service,block_operation,success,53.2,40.9,49.5,153.2,41.3,1.0,0.0000,LOW,Anomalous Pattern,NORMAL,NORMAL
2026-03-14 20:04:55,blk_2946675438566576639,INFO,namenode_service,block_operation,success,36.8,48.0,39.8,136.2,25.0,1.0,0.0000,LOW,Anomalous Pattern,NORMAL,NORMAL
2026-03-14 20:04:55,blk_4380651012826785390,INFO,namenode_service,block_operation,success,42.0,62.3,55.6,158.1,23.6,1.0,0.0000,LOW,Anomalous Pattern,NORMAL,NORMAL
2026-03-14 20:04:55,blk_-4778530977084397519,INFO,namenode_service,resource_allocation,success,30.0,55.4,23.9,196.2,22.1,0.0,0.0000,LOW,Anomalous Pattern,NORMAL,NORMAL
2026-03-14 20:04:55,blk_-1972971834853075466,INFO,packet_responder,service_stop,failed,10.8,54.1,33.2,99.8,14.9,0.0,0.0000,LOW,Anomalous Pattern,NORMAL,NORMAL
2026-03-14 20:04:55,blk_8172251131904558969,INFO,namenode_service,block_operation,success,39.5,60.0,48.1,101.4,34.6,0.0,0.0000,LOW,Anomalous Pattern,NORMAL,NORMAL
2026-03-14 20:04:55,blk_8011747046121692200,INFO,datanode_service,disk_write,success,28.9,30.3,34.7,200.2,36.6,1.0,0.0000,LOW,Anomalous Pattern,NORMAL,NORMAL
2026-03-14 20:04:56,blk_-7892363843336794108,INFO,datanode_service,disk_write,success,47.6,51.2,27.0,153.2,29.2,0.0,0.0000,LOW,Anomalous Pattern,NORMAL,NORMAL
2026-03-14 20:04:56,blk_6950575114473625182,INFO,datanode_service,disk_write,success,25.7,34.0,39.2,154.7,34.3,0.0,0.0000,LOW,Anomalous Pattern,NORMAL,NORMAL
2026-03-14 20:04:56,blk_-647693140379175704,INFO,datanode_service,disk_write,success,48.8,40.7,22.6,155.2,32.9,0.0,0.0000,LOW,Anomalous Pattern,NORMAL,NORMAL
2026-03-14 20:04:56,blk_7373552687636226736,INFO,packet_responder,service_stop,failed,49.1,59.8,19.7,116.3,30.7,1.0,0.0000,LOW,Anomalous Pattern,NORMAL,NORMAL
2026-03-14 20:04:56,blk_5589437616607043099,INFO,datanode_service,disk_write,success,41.8,47.5,49.0,175.3,23.7,0.0,0.0000,LOW,Anomalous Pattern,NORMAL,NORMAL
2026-03-14 20:04:56,blk_-4493330935532162531,INFO,packet_responder,disk_write,success,49.7,43.5,33.1,127.4,38.0,0.0,0.0000,LOW,Anomalous Pattern,NORMAL,NORMAL
2026-03-14 20:04:56,blk_-4304814089432429626,INFO,packet_responder,disk_write,success,37.2,33.0,34.4,179.4,38.4,0.0,0.0000,LOW,Anomalous Pattern,NORMAL,NORMAL
2026-03-14 20:04:56,blk_6372730006031999886,INFO,packet_responder,service_stop,failed,53.1,39.1,27.0,155.2,28.4,1.0,0.0000,LOW,Anomalous Pattern,NORMAL,NORMAL
2026-03-14 20:04:56,blk_5780786852871827499,INFO,packet_responder,service_stop,failed,27.0,41.0,13.7,95.4,17.9,1.0,0.0000,LOW,Anomalous Pattern,NORMAL,NORMAL
2026-03-14 20:04:56,blk_-4065337529825734571,INFO,namenode_service,block_operation,success,32.4,57.4,44.2,124.9,23.8,0.0,0.0000,LOW,Anomalous Pattern,NORMAL,NORMAL
2026-03-14 20:04:56,blk_5579788643347416719,INFO,packet_responder,service_stop,failed,44.4,35.8,31.2,160.8,32.8,0.0,0.0000,LOW,Anomalous Pattern,NORMAL,NORMAL
2026-03-14 20:04:56,blk_989409441141247289,INFO,datanode_service,disk_write,success,77.3,81.3,150.5,2202.8,902.2,5.0,1.0000,HIGH,Resource Exhaustion,FAILURE,ANOMALY
2026-03-14 20:04:57,blk_-335247823972050832,INFO,datanode_service,disk_write,success,47.3,54.2,36.6,172.1,34.2,0.0,0.0000,LOW,Anomalous Pattern,NORMAL,NORMAL
2026-03-14 20:04:57,blk_-2273002562863558502,INFO,block_scanner,system_event,success,30.7,39.6,42.6,60.9,34.7,1.0,0.0000,LOW,Anomalous Pattern,NORMAL,NORMAL
2026-03-14 20:04:57,blk_1755611597604576316,INFO,packet_responder,service_stop,failed,53.8,56.4,32.1,119.4,20.8,1.0,0.0000,LOW,Anomalous Pattern,NORMAL,NORMAL
2026-03-14 20:04:57,blk_-3890620184238304904,INFO,packet_responder,service_stop,failed,53.1,35.2,27.7,143.6,31.1,1.0,0.0000,LOW,Anomalous Pattern,NORMAL,NORMAL
2026-03-14 20:04:57,blk_397028259025382159,INFO,namenode_service,block_operation,success,26.9,51.5,23.6,92.1,14.2,0.0,0.0000,LOW,Anomalous Pattern,NORMAL,NORMAL
2026-03-14 20:04:57,blk_4737896984579346958,INFO,namenode_service,block_operation,success,37.5,47.9,21.5,145.2,35.0,1.0,0.0000,LOW,Anomalous Pattern,NORMAL,NORMAL
2026-03-14 20:04:57,blk_1086420193925825135,INFO,packet_responder,service_stop,failed,36.3,27.9,19.8,135.3,38.3,1.0,0.0000,LOW,Anomalous Pattern,NORMAL,NORMAL
2026-03-14 20:04:57,blk_4661888047313237695,INFO,namenode_service,block_operation,success,32.0,46.2,32.5,186.1,33.4,0.0,0.0000,LOW,Anomalous Pattern,NORMAL,NORMAL
2026-03-14 20:04:58,blk_3098154771341398925,INFO,block_scanner,system_event,success,21.7,44.9,19.9,72.1,28.0,0.0,0.0000,LOW,Anomalous Pattern,NORMAL,NORMAL
2026-03-14 20:04:58,blk_-6980970548005135450,INFO,datanode_service,disk_write,success,27.9,58.4,21.3,159.9,30.4,1.0,0.0000,LOW,Anomalous Pattern,NORMAL,NORMAL
2026-03-14 20:04:58,blk_5791693373677620506,INFO,namenode_service,block_operation,success,48.2,49.7,27.4,134.0,17.0,0.0,0.0000,LOW,Anomalous Pattern,NORMAL,NORMAL
2026-03-14 20:04:58,blk_6712360554908994262,INFO,namenode_service,block_operation,success,50.6,48.4,15.6,142.0,38.4,1.0,0.0000,LOW,Anomalous Pattern,NORMAL,NORMAL
2026-03-14 20:04:58,blk_-6171624997176264816,INFO,packet_responder,disk_write,success,19.4,67.3,29.1,99.3,38.1,0.0,0.0000,LOW,Memory Pressure,NORMAL,NORMAL
2026-03-14 20:04:58,blk_-6240829354467461509,INFO,packet_responder,disk_write,success,43.9,61.1,24.8,162.0,28.6,0.0,0.0000,LOW,Anomalous Pattern,NORMAL,NORMAL
2026-03-14 20:04:58,blk_7888664903437330558,INFO,packet_responder,service_stop,failed,26.4,71.6,55.6,142.3,21.6,1.0,0.0000,LOW,Memory Pressure,NORMAL,NORMAL
2026-03-14 20:04:58,blk_-3996123424544912028,INFO,packet_responder,service_stop,failed,13.2,32.8,28.4,211.9,16.0,0.0,0.0000,LOW,Anomalous Pattern,NORMAL,NORMAL
2026-03-14 20:04:58,blk_6638690719254841214,INFO,datanode_service,disk_write,success,30.2,36.5,17.6,172.7,44.5,0.0,0.0000,LOW,Anomalous Pattern,NORMAL,NORMAL
2026-03-14 20:04:58,blk_-846462930029191720,INFO,packet_responder,service_stop,failed,30.5,37.6,49.2,158.5,50.4,0.0,0.0000,LOW,Anomalous Pattern,NORMAL,NORMAL
2026-03-14 20:04:59,blk_5245800088125460403,INFO,datanode_service,disk_write,success,56.0,40.5,38.7,152.4,4.6,1.0,0.0000,LOW,Anomalous Pattern,NORMAL,NORMAL
2026-03-14 20:04:59,blk_-7645434041056783512,INFO,packet_responder,service_stop,failed,52.5,57.3,30.4,149.6,29.8,0.0,0.0000,LOW,Anomalous Pattern,NORMAL,NORMAL
2026-03-14 20:04:59,blk_-5560847528669994586,INFO,namenode_service,block_operation,success,26.4,55.6,24.2,109.2,15.1,0.0,0.0000,LOW,Anomalous Pattern,NORMAL,NORMAL
2026-03-14 20:05:00,blk_8595953129858897576,INFO,packet_responder,service_stop,failed,85.8,76.1,182.0,1812.2,988.9,5.0,1.0000,HIGH,Resource Exhaustion,FAILURE,ANOMALY
2026-03-14 20:05:00,blk_-6454309482118592005,INFO,packet_responder,service_stop,failed,36.6,54.3,31.7,66.8,27.5,1.0,0.0000,LOW,Anomalous Pattern,NORMAL,NORMAL
2026-03-14 20:05:00,blk_4683621961716800358,INFO,datanode_service,disk_write,success,51.0,42.5,22.0,247.8,3.1,0.0,0.0000,LOW,Anomalous Pattern,NORMAL,NORMAL
2026-03-14 20:05:00,blk_-5550589359153714973,INFO,packet_responder,service_stop,failed,37.6,48.8,23.3,139.8,46.9,0.0,0.0000,LOW,Anomalous Pattern,NORMAL,NORMAL
2026-03-14 20:05:00,blk_8425055705568216675,INFO,namenode_service,block_operation,success,55.7,41.7,32.5,125.9,17.3,0.0,0.0000,LOW,Anomalous Pattern,NORMAL,NORMAL
2026-03-14 20:05:00,blk_-6115633556214996150,INFO,datanode_service,disk_write,success,37.7,57.5,27.6,117.3,43.2,0.0,0.0000,LOW,Anomalous Pattern,NORMAL,NORMAL
2026-03-14 20:05:01,blk_8877926249623760255,INFO,packet_responder,disk_write,success,32.1,53.4,42.0,88.8,21.9,0.0,0.0000,LOW,Anomalous Pattern,NORMAL,NORMAL
2026-03-14 20:05:01,blk_227508842371733469,INFO,namenode_service,block_operation,success,50.7,48.4,35.1,178.2,37.3,1.0,0.0000,LOW,Anomalous Pattern,NORMAL,NORMAL
2026-03-14 20:05:01,blk_5110659036916292485,INFO,namenode_service,resource_allocation,success,38.8,42.2,42.9,174.6,8.4,0.0,0.0000,LOW,Anomalous Pattern,NORMAL,NORMAL
2026-03-14 20:05:01,blk_-1170163599274267781,INFO,packet_responder,service_stop,failed,41.9,27.7,27.9,111.9,16.2,0.0,0.0000,LOW,Anomalous Pattern,NORMAL,NORMAL
2026-03-14 20:05:02,blk_-1420295712741911604,INFO,packet_responder,service_stop,failed,26.6,51.7,40.7,105.0,18.9,1.0,0.0000,LOW,Anomalous Pattern,NORMAL,NORMAL
2026-03-14 20:05:02,blk_-1542070061864458479,INFO,namenode_service,block_operation,success,43.6,58.1,31.3,158.4,23.5,1.0,0.0000,LOW,Anomalous Pattern,NORMAL,NORMAL
2026-03-14 20:05:02,blk_6133073023894582922,INFO,packet_responder,disk_write,success,52.5,56.8,19.9,156.9,36.8,0.0,0.0000,LOW,Anomalous Pattern,NORMAL,NORMAL
2026-03-14 20:05:02,blk_8608974154783629388,INFO,namenode_service,block_operation,success,81.8,66.3,158.2,1713.8,495.3,5.0,1.0000,HIGH,Resource Exhaustion,FAILURE,ANOMALY
2026-03-14 20:05:02,blk_894829536898545331,INFO,datanode_service,disk_write,success,29.4,46.5,38.3,51.4,39.1,0.0,0.0000,LOW,Anomalous Pattern,NORMAL,NORMAL
2026-03-14 20:05:02,blk_5362004763919686020,INFO,datanode_service,disk_write,success,47.5,50.4,34.3,101.8,39.9,1.0,0.0000,LOW,Anomalous Pattern,NORMAL,NORMAL
2026-03-14 20:05:03,blk_4831034997494424145,INFO,namenode_service,block_operation,success,39.7,38.9,31.9,123.2,42.8,1.0,0.0000,LOW,Anomalous Pattern,NORMAL,NORMAL
2026-03-14 20:05:03,blk_8752080262068586661,INFO,packet_responder,disk_write,success,45.5,44.9,30.1,116.1,4.3,1.0,0.0000,LOW,Anomalous Pattern,NORMAL,NORMAL
2026-03-14 20:05:03,blk_-5173240975097893705,INFO,namenode_service,block_operation,success,48.3,33.6,38.2,46.7,45.2,0.0,0.0000,LOW,Anomalous Pattern,NORMAL,NORMAL
2026-03-14 20:05:03,blk_-1502116315118143166,INFO,packet_responder,service_stop,failed,26.9,42.2,29.5,129.9,28.5,1.0,0.0000,LOW,Anomalous Pattern,NORMAL,NORMAL
2026-03-14 20:05:03,blk_-4643564465080866653,INFO,namenode_service,block_operation,success,38.9,49.7,26.1,99.5,27.5,1.0,0.0000,LOW,Anomalous Pattern,NORMAL,NORMAL
2026-03-14 20:05:03,blk_6215864284775163720,INFO,namenode_service,block_operation,success,32.2,39.6,42.5,83.6,31.5,1.0,0.0000,LOW,Anomalous Pattern,NORMAL,NORMAL
2026-03-14 20:05:04,blk_-4695142764579329510,INFO,namenode_service,block_operation,success,32.8,47.2,42.2,95.4,23.5,0.0,0.0000,LOW,Anomalous Pattern,NORMAL,NORMAL
2026-03-14 20:05:04,blk_-4223063275950422470,INFO,packet_responder,service_stop,failed,48.8,35.1,6.3,110.6,38.0,0.0,0.0000,LOW,Anomalous Pattern,NORMAL,NORMAL
2026-03-14 20:05:04,blk_-1456845913226324562,INFO,namenode_service,block_operation,success,46.2,44.8,37.3,109.6,30.5,0.0,0.0000,LOW,Anomalous Pattern,NORMAL,NORMAL
2026-03-14 20:05:04,blk_291249785923698087,INFO,namenode_service,block_operation,success,39.9,59.9,23.0,74.7,35.6,1.0,0.0000,LOW,Anomalous Pattern,NORMAL,NORMAL
2026-03-14 20:05:04,blk_-393482409399829097,INFO,packet_responder,disk_write,success,38.5,56.4,19.9,84.0,47.3,0.0,0.0000,LOW,Anomalous Pattern,NORMAL,NORMAL
2026-03-14 20:05:04,blk_8582181734275842017,INFO,namenode_service,block_operation,success,87.6,81.5,100.9,1621.0,725.9,4.0,1.0000,HIGH,Resource Exhaustion,FAILURE,ANOMALY
2026-03-14 20:05:05,blk_-355385236871297024,INFO,namenode_service,resource_allocation,success,35.0,60.0,20.6,124.4,34.4,0.0,0.0000,LOW,Anomalous Pattern,NORMAL,NORMAL
2026-03-14 20:05:05,blk_-6088897233047541670,INFO,namenode_service,block_operation,success,12.3,44.5,35.5,200.8,10.9,0.0,0.0000,LOW,Anomalous Pattern,NORMAL,NORMAL
2026-03-14 20:05:05,blk_7774797924199097641,INFO,packet_responder,disk_write,success,44.6,59.4,24.7,132.1,47.7,0.0,0.0000,LOW,Anomalous Pattern,NORMAL,NORMAL
2026-03-14 20:05:05,blk_521969220703599538,INFO,packet_responder,service_stop,failed,34.3,29.2,32.8,120.8,33.0,1.0,0.0000,LOW,Anomalous Pattern,NORMAL,NORMAL
2026-03-14 20:05:05,blk_-6312809472821143659,INFO,namenode_service,block_operation,success,39.5,26.6,27.5,138.1,54.6,1.0,0.0000,LOW,Anomalous Pattern,NORMAL,NORMAL
2026-03-14 20:05:05,blk_7571085821022831106,INFO,packet_responder,service_stop,failed,34.7,66.5,30.9,183.0,21.8,1.0,0.0000,LOW,Memory Pressure,NORMAL,NORMAL
2026-03-14 20:05:05,blk_-6192251633256770063,INFO,packet_responder,service_stop,failed,52.8,35.7,37.1,103.3,34.6,1.0,0.0000,LOW,Anomalous Pattern,NORMAL,NORMAL
2026-03-14 20:05:05,blk_-4988806150874083606,INFO,namenode_service,resource_allocation,success,42.7,53.2,33.8,177.7,16.2,0.0,0.0000,LOW,Anomalous Pattern,NORMAL,NORMAL
2026-03-14 20:05:05,blk_-1347913703870477362,INFO,packet_responder,disk_write,success,49.3,63.0,37.0,90.6,22.8,1.0,0.0000,LOW,Anomalous Pattern,NORMAL,NORMAL
2026-03-14 20:05:05,blk_8654029530801577824,INFO,packet_responder,service_stop,failed,35.3,41.6,46.2,124.3,40.8,0.0,0.0000,LOW,Anomalous Pattern,NORMAL,NORMAL
2026-03-14 20:05:05,blk_-7492251399114045042,INFO,packet_responder,service_stop,failed,25.7,51.5,42.6,146.4,36.1,1.0,0.0000,LOW,Anomalous Pattern,NORMAL,NORMAL
2026-03-14 20:05:06,blk_-2381013440026895384,INFO,packet_responder,service_stop,failed,42.7,59.0,37.3,121.2,31.2,0.0,0.0000,LOW,Anomalous Pattern,NORMAL,NORMAL
2026-03-14 20:05:06,blk_-922774857171843614,INFO,datanode_service,disk_write,success,40.4,42.1,30.4,158.2,34.6,0.0,0.0000,LOW,Anomalous Pattern,NORMAL,NORMAL
2026-03-14 20:05:06,blk_2487726328979553595,INFO,namenode_service,block_operation,success,50.2,40.6,38.8,132.4,35.6,1.0,0.0000,LOW,Anomalous Pattern,NORMAL,NORMAL
2026-03-14 20:05:06,blk_-7441271595321487821,INFO,datanode_service,disk_write,success,42.1,33.9,18.6,64.6,26.8,1.0,0.0000,LOW,Anomalous Pattern,NORMAL,NORMAL
2026-03-14 20:05:06,blk_-1560850019804422298,INFO,packet_responder,service_stop,failed,38.1,48.3,23.7,166.6,10.1,1.0,0.0000,LOW,Anomalous Pattern,NORMAL,NORMAL
2026-03-14 20:05:06,blk_-7498638394264724047,INFO,namenode_service,resource_allocation,success,47.6,43.1,30.5,54.8,32.6,1.0,0.0000,LOW,Anomalous Pattern,NORMAL,NORMAL
2026-03-14 20:05:06,blk_7434291170589603247,INFO,packet_responder,service_stop,failed,27.2,49.6,36.4,192.7,42.5,0.0,0.0000,LOW,Anomalous Pattern,NORMAL,NORMAL
2026-03-14 20:05:06,blk_-1786713632176961281,INFO,datanode_service,disk_write,success,34.7,27.4,14.1,106.8,38.9,0.0,0.0000,LOW,Anomalous Pattern,NORMAL,NORMAL
2026-03-14 20:05:06,blk_4257748394530943920,INFO,namenode_service,block_operation,success,42.1,43.0,33.9,97.3,36.0,0.0,0.0000,LOW,Anomalous Pattern,NORMAL,NORMAL
2026-03-14 20:05:06,blk_3545265936243073802,INFO,datanode_service,disk_write,success,59.5,50.4,39.0,154.9,36.3,0.0,0.0000,LOW,Anomalous Pattern,NORMAL,NORMAL
2026-03-14 20:05:06,blk_9097589278338830437,INFO,packet_responder,disk_write,success,82.0,84.4,148.7,2202.9,815.5,6.0,1.0000,HIGH,Resource Exhaustion,FAILURE,ANOMALY
2026-03-14 20:05:06,blk_8094502026104300628,INFO,packet_responder,disk_write,success,31.9,47.2,25.4,163.3,7.2,0.0,0.0000,LOW,Anomalous Pattern,NORMAL,NORMAL
2026-03-14 20:05:07,blk_8101613600824377173,INFO,packet_responder,service_stop,failed,55.4,39.0,12.7,89.3,22.2,1.0,0.0000,LOW,Anomalous Pattern,NORMAL,NORMAL
2026-03-14 20:05:07,blk_3830697092527285549,INFO,packet_responder,disk_write,success,37.9,39.3,41.0,141.6,39.5,0.0,0.0000,LOW,Anomalous Pattern,NORMAL,NORMAL
2026-03-14 20:05:07,blk_1809838057337165109,INFO,packet_responder,service_stop,failed,30.3,40.1,40.2,132.8,18.0,0.0,0.0000,LOW,Anomalous Pattern,NORMAL,NORMAL
2026-03-14 20:05:07,blk_7433651541391539876,INFO,namenode_service,resource_allocation,success,41.9,51.2,40.5,142.3,26.8,0.0,0.0000,LOW,Anomalous Pattern,NORMAL,NORMAL
2026-03-14 20:05:07,blk_6295980753226225838,INFO,packet_responder,disk_write,success,12.0,61.6,26.0,163.6,50.9,0.0,0.0000,LOW,Anomalous Pattern,NORMAL,NORMAL
2026-03-14 20:05:07,blk_2298072726739764001,INFO,datanode_service,disk_write,success,33.4,49.0,41.0,145.2,38.2,0.0,0.0000,LOW,Anomalous Pattern,NORMAL,NORMAL
2026-03-14 20:05:07,blk_-8010306942283017456,INFO,packet_responder,disk_write,success,50.5,49.7,32.6,196.5,39.6,0.0,0.0000,LOW,Anomalous Pattern,NORMAL,NORMAL
2026-03-14 20:05:07,blk_7021972623387558057,INFO,datanode_service,disk_write,success,43.7,59.1,25.8,163.3,24.9,1.0,0.0000,LOW,Anomalous Pattern,NORMAL,NORMAL
2026-03-14 20:05:07,blk_5795256114719104203,INFO,namenode_service,block_operation,success,46.2,49.0,36.1,159.7,26.6,0.0,0.0000,LOW,Anomalous Pattern,NORMAL,NORMAL
2026-03-14 20:05:07,blk_2282881086791853417,INFO,block_scanner,system_event,success,37.4,47.9,45.9,147.0,28.0,0.0,0.0000,LOW,Anomalous Pattern,NORMAL,NORMAL
2026-03-14 20:05:07,blk_8308890730054904384,INFO,datanode_service,disk_write,success,40.5,33.6,5.4,107.9,26.1,0.0,0.0000,LOW,Anomalous Pattern,NORMAL,NORMAL
2026-03-14 20:05:07,blk_5359016578861996229,INFO,namenode_service,block_operation,success,32.2,37.4,22.1,210.4,28.8,0.0,0.0000,LOW,Anomalous Pattern,NORMAL,NORMAL
2026-03-14 20:05:07,blk_3050920587428079149,INFO,datanode_service,disk_write,success,49.9,50.3,32.0,281.2,45.1,0.0,0.0000,LOW,Anomalous Pattern,NORMAL,NORMAL
2026-03-14 20:05:07,blk_1623319458168739959,INFO,packet_responder,service_stop,failed,29.6,29.9,31.1,148.4,38.8,0.0,0.0000,LOW,Anomalous Pattern,NORMAL,NORMAL
2026-03-14 20:05:07,blk_274252151018950480,INFO,packet_responder,service_stop,failed,44.0,48.4,32.4,125.7,46.5,1.0,0.0000,LOW,Anomalous Pattern,NORMAL,NORMAL
2026-03-14 20:05:08,blk_6251516767993920889,INFO,namenode_service,block_operation,success,60.9,53.5,18.7,140.8,5.3,1.0,0.0000,LOW,Anomalous Pattern,NORMAL,NORMAL
2026-03-14 20:05:08,blk_7819129300327159896,INFO,namenode_service,resource_allocation,success,92.0,92.9,132.6,1943.1,361.8,7.0,1.0000,HIGH,Resource Exhaustion,FAILURE,ANOMALY
2026-03-14 20:05:08,blk_-5007147236685725255,INFO,packet_responder,disk_write,success,62.0,49.7,33.0,119.9,39.4,1.0,0.0000,LOW,Anomalous Pattern,NORMAL,NORMAL
2026-03-14 20:05:08,blk_-5455079000284219402,INFO,namenode_service,block_operation,success,46.0,25.8,28.7,119.2,38.1,0.0,0.0000,LOW,Anomalous Pattern,NORMAL,NORMAL
2026-03-14 20:05:08,blk_-4857218977907956225,INFO,namenode_service,block_operation,success,59.5,59.5,31.6,73.8,35.8,1.0,0.0000,LOW,Anomalous Pattern,NORMAL,NORMAL
2026-03-14 20:05:08,blk_-2897655469891048865,INFO,packet_responder,disk_write,success,32.9,38.1,21.1,168.5,6.3,1.0,0.0000,LOW,Anomalous Pattern,NORMAL,NORMAL
2026-03-14 20:05:08,blk_-2411112741360402213,INFO,datanode_service,disk_write,success,41.2,59.3,24.6,142.7,27.9,0.0,0.0000,LOW,Anomalous Pattern,NORMAL,NORMAL
2026-03-14 20:05:08,blk_5529131982755707331,INFO,packet_responder,service_stop,failed,36.2,36.4,43.6,65.5,29.6,0.0,0.0000,LOW,Anomalous Pattern,NORMAL,NORMAL
2026-03-14 20:05:08,blk_3389471606855124519,INFO,packet_responder,disk_write,success,34.6,35.5,23.1,61.2,37.5,1.0,0.0000,LOW,Anomalous Pattern,NORMAL,NORMAL
2026-03-14 20:05:08,blk_-6530960515863328774,INFO,packet_responder,service_stop,failed,40.8,68.3,51.8,141.5,21.5,0.0,0.0000,LOW,Memory Pressure,NORMAL,NORMAL
2026-03-14 20:05:08,blk_-5126677003513870097,INFO,datanode_service,disk_write,success,50.5,61.7,31.6,211.8,24.3,1.0,0.0000,LOW,Anomalous Pattern,NORMAL,NORMAL
2026-03-14 20:05:08,blk_8846721631607023562,INFO,namenode_service,block_operation,success,43.5,55.2,12.1,184.4,35.0,1.0,0.0000,LOW,Anomalous Pattern,NORMAL,NORMAL
2026-03-14 20:05:08,blk_-8744798204127081315,INFO,namenode_service,block_operation,success,31.6,57.7,35.9,105.5,40.9,0.0,0.0000,LOW,Anomalous Pattern,NORMAL,NORMAL
2026-03-14 20:05:08,blk_5570135251324647021,INFO,namenode_service,block_operation,success,24.3,43.3,44.4,80.1,45.9,1.0,0.0000,LOW,Anomalous Pattern,NORMAL,NORMAL
2026-03-14 20:05:09,blk_8902874290653812711,INFO,namenode_service,block_operation,success,97.2,87.9,115.3,1932.7,678.8,5.0,1.0000,HIGH,Resource Exhaustion,FAILURE,ANOMALY
