session_id,risk_score,risk_level,severity,component,primary_cause,all_causes,indicators,cause_count,cpu_avg,memory_avg,response_avg,latency_avg,disk_io_avg,error_count_avg,failed_events
blk_-8531310335568756456,0.8307,HIGH,CRITICAL,datanode_service,Resource Exhaustion,Resource Exhaustion | Memory Pressure | Service Degradation | Network Congestion | Disk Bottleneck | Software Fault | Repeated Failures,CPU=88.0% | Memory=79.5% | ResponseTime=1800ms | Latency=595ms | DiskIO=135.6MB/s | Errors=5.0 | FailedEvents=18,7,88.03093750000001,79.5396875,1799.508125,594.655625,135.6090625,4.96875,18
blk_5777459062943260062,0.8158,HIGH,CRITICAL,datanode_service,Resource Exhaustion,Resource Exhaustion | Memory Pressure | Service Degradation | Network Congestion | Disk Bottleneck | Software Fault,CPU=85.6% | Memory=82.9% | ResponseTime=1870ms | Latency=656ms | DiskIO=138.1MB/s | Errors=5.4,6,85.59380952380953,82.87,1870.3023809523809,655.5590476190476,138.0909523809524,5.380952380952381,3
blk_3858821904894294369,0.8043,HIGH,CRITICAL,datanode_service,Resource Exhaustion,Resource Exhaustion | Memory Pressure | Service Degradation | Network Congestion | Disk Bottleneck | Software Fault | Repeated Failures,CPU=89.3% | Memory=81.6% | ResponseTime=1841ms | Latency=607ms | DiskIO=137.4MB/s | Errors=4.4 | FailedEvents=15,7,89.26151515151516,81.61090909090909,1840.6339393939395,607.4954545454545,137.35151515151517,4.424242424242424,15
blk_2035360809852889117,0.8012,HIGH,CRITICAL,namenode_service,Resource Exhaustion,Resource Exhaustion | Memory Pressure | Service Degradation | Network Congestion | Disk Bottleneck | Software Fault | Repeated Failures,CPU=87.3% | Memory=84.0% | ResponseTime=1738ms | Latency=615ms | DiskIO=140.2MB/s | Errors=5.4 | FailedEvents=4,7,87.279,84.02250000000001,1738.2305,615.3399999999999,140.178,5.4,4
blk_7956543127401791181,0.7935,HIGH,CRITICAL,datanode_service,Resource Exhaustion,Resource Exhaustion | Memory Pressure | Service Degradation | Network Congestion | Disk Bottleneck | Software Fault | Repeated Failures,CPU=88.6% | Memory=82.3% | ResponseTime=1785ms | Latency=655ms | DiskIO=139.0MB/s | Errors=4.7 | FailedEvents=18,7,88.6415625,82.254375,1784.6565625,654.9459375,139.0215625,4.71875,18
blk_8867775509445445431,0.7909,HIGH,CRITICAL,packet_responder,Resource Exhaustion,Resource Exhaustion | Memory Pressure | Service Degradation | Network Congestion | Disk Bottleneck | Software Fault,CPU=87.5% | Memory=81.3% | ResponseTime=1920ms | Latency=710ms | DiskIO=137.2MB/s | Errors=5.0,6,87.48384615384614,81.32615384615384,1919.512307692308,709.6384615384615,137.1676923076923,5.0,3
blk_4241467193520768333,0.7906,HIGH,CRITICAL,datanode_service,Resource Exhaustion,Resource Exhaustion | Memory Pressure | Service Degradation | Network Congestion | Disk Bottleneck | Software Fault | Repeated Failures,CPU=85.3% | Memory=83.0% | ResponseTime=1893ms | Latency=635ms | DiskIO=139.7MB/s | Errors=4.7 | FailedEvents=15,7,85.34057142857144,82.962,1893.094285714286,634.8497142857143,139.66942857142857,4.742857142857143,15
blk_3947106522258141922,0.7885,HIGH,CRITICAL,datanode_service,Resource Exhaustion,Resource Exhaustion | Memory Pressure | Service Degradation | Network Congestion | Disk Bottleneck | Software Fault | Repeated Failures,CPU=88.8% | Memory=83.3% | ResponseTime=1740ms | Latency=712ms | DiskIO=134.4MB/s | Errors=5.2 | FailedEvents=18,7,88.7946875,83.298125,1739.7609375,711.8690625,134.3803125,5.21875,18
blk_766399086471411315,0.7728,HIGH,CRITICAL,packet_responder,Resource Exhaustion,Resource Exhaustion | Memory Pressure | Service Degradation | Network Congestion | Disk Bottleneck | Software Fault,CPU=87.6% | Memory=80.1% | ResponseTime=2125ms | Latency=607ms | DiskIO=131.0MB/s | Errors=5.3,6,87.60230769230769,80.06769230769231,2125.4776923076925,606.95,130.99923076923076,5.307692307692308,3
blk_-5424098422252438576,0.7714,HIGH,CRITICAL,datanode_service,Resource Exhaustion,Resource Exhaustion | Memory Pressure | Service Degradation | Network Congestion | Disk Bottleneck | Software Fault,CPU=88.2% | Memory=81.8% | ResponseTime=1928ms | Latency=623ms | DiskIO=142.9MB/s | Errors=5.3,6,88.20142857142858,81.79904761904761,1928.307619047619,622.64,142.91809523809525,5.333333333333333,3
blk_6778948312309528424,0.7703,HIGH,CRITICAL,datanode_service,Resource Exhaustion,Resource Exhaustion | Memory Pressure | Service Degradation | Network Congestion | Disk Bottleneck | Software Fault | Repeated Failures,CPU=86.7% | Memory=80.7% | ResponseTime=1810ms | Latency=637ms | DiskIO=143.2MB/s | Errors=4.7 | FailedEvents=5,7,86.65444444444444,80.67611111111111,1810.2411111111112,637.33,143.18944444444443,4.666666666666667,5
blk_8555164537917099054,0.7681,HIGH,CRITICAL,datanode_service,Resource Exhaustion,Resource Exhaustion | Memory Pressure | Service Degradation | Network Congestion | Disk Bottleneck | Software Fault,CPU=84.5% | Memory=81.2% | ResponseTime=2076ms | Latency=578ms | DiskIO=149.2MB/s | Errors=5.3,6,84.47529411764705,81.22470588235294,2075.5829411764707,578.1335294117647,149.15,5.294117647058823,3
blk_2784084578095654465,0.7676,HIGH,CRITICAL,datanode_service,Resource Exhaustion,Resource Exhaustion | Memory Pressure | Service Degradation | Network Congestion | Disk Bottleneck | Software Fault,CPU=89.8% | Memory=82.0% | ResponseTime=1821ms | Latency=523ms | DiskIO=142.4MB/s | Errors=5.1,6,89.7804761904762,82.03809523809524,1821.035238095238,522.7442857142856,142.37714285714287,5.095238095238095,3
blk_3057845822257859655,0.766,HIGH,CRITICAL,datanode_service,Resource Exhaustion,Resource Exhaustion | Memory Pressure | Service Degradation | Network Congestion | Disk Bottleneck | Software Fault,CPU=88.3% | Memory=82.9% | ResponseTime=1949ms | Latency=627ms | DiskIO=146.9MB/s | Errors=5.3,6,88.33952380952381,82.91190476190476,1948.765238095238,626.7,146.8995238095238,5.333333333333333,3
blk_6856243370314568565,0.7651,HIGH,CRITICAL,namenode_service,Resource Exhaustion,Resource Exhaustion | Memory Pressure | Service Degradation | Network Congestion | Disk Bottleneck | Software Fault | Repeated Failures,CPU=86.7% | Memory=83.8% | ResponseTime=1721ms | Latency=633ms | DiskIO=147.2MB/s | Errors=5.5 | FailedEvents=4,7,86.7095,83.84349999999999,1720.6675,632.559,147.1885,5.45,4
blk_8582970738191859541,0.765,HIGH,CRITICAL,datanode_service,Resource Exhaustion,Resource Exhaustion | Memory Pressure | Service Degradation | Network Congestion | Disk Bottleneck | Software Fault | Repeated Failures,CPU=87.5% | Memory=83.8% | ResponseTime=1748ms | Latency=621ms | DiskIO=138.8MB/s | Errors=5.1 | FailedEvents=5,7,87.465625,83.78125,1747.530625,620.895,138.773125,5.125,5
blk_8827951563980824329,0.7637,HIGH,CRITICAL,packet_responder,Resource Exhaustion,Resource Exhaustion | Memory Pressure | Service Degradation | Network Congestion | Disk Bottleneck | Software Fault,CPU=87.8% | Memory=83.6% | ResponseTime=1878ms | Latency=712ms | DiskIO=135.2MB/s | Errors=5.1,6,87.77923076923078,83.55307692307693,1878.2753846153844,712.1015384615384,135.2453846153846,5.076923076923077,3
blk_448592873889985922,0.7621,HIGH,CRITICAL,datanode_service,Resource Exhaustion,Resource Exhaustion | Memory Pressure | Service Degradation | Network Congestion | Disk Bottleneck | Software Fault | Repeated Failures,CPU=85.7% | Memory=79.7% | ResponseTime=1836ms | Latency=624ms | DiskIO=136.6MB/s | Errors=5.2 | FailedEvents=5,7,85.69666666666666,79.69555555555556,1835.7988888888888,624.3777777777777,136.60722222222222,5.222222222222222,5
blk_-6495416228773023412,0.7614,HIGH,CRITICAL,packet_responder,Resource Exhaustion,Resource Exhaustion | Memory Pressure | Service Degradation | Network Congestion | Disk Bottleneck | Software Fault,CPU=85.6% | Memory=79.4% | ResponseTime=2043ms | Latency=625ms | DiskIO=139.5MB/s | Errors=4.8,6,85.5576923076923,79.35384615384615,2042.936923076923,625.3807692307693,139.45230769230767,4.846153846153846,3
blk_-3688983700621441572,0.7582,HIGH,CRITICAL,datanode_service,Resource Exhaustion,Resource Exhaustion | Memory Pressure | Service Degradation | Network Congestion | Disk Bottleneck | Software Fault,CPU=84.6% | Memory=82.8% | ResponseTime=1826ms | Latency=709ms | DiskIO=142.4MB/s | Errors=4.9,6,84.57761904761904,82.78857142857143,1826.0661904761905,709.322380952381,142.3747619047619,4.904761904761905,3
blk_9185617829711213989,0.758,HIGH,CRITICAL,packet_responder,Resource Exhaustion,Resource Exhaustion | Memory Pressure | Service Degradation | Network Congestion | Disk Bottleneck | Software Fault,CPU=85.0% | Memory=81.5% | ResponseTime=1536ms | Latency=608ms | DiskIO=150.3MB/s | Errors=5.9,6,84.97000000000001,81.51461538461538,1536.3184615384614,608.2053846153847,150.26846153846154,5.923076923076923,3
blk_-5315518810801308894,0.7579,HIGH,CRITICAL,packet_responder,Resource Exhaustion,Resource Exhaustion | Memory Pressure | Service Degradation | Network Congestion | Disk Bottleneck | Software Fault,CPU=86.2% | Memory=83.1% | ResponseTime=1946ms | Latency=562ms | DiskIO=132.1MB/s | Errors=5.8,6,86.16357142857143,83.07857142857142,1945.935714285714,562.4142857142857,132.08357142857145,5.785714285714286,3
blk_-3544583377289625738,0.7578,HIGH,CRITICAL,datanode_service,Resource Exhaustion,Resource Exhaustion | Memory Pressure | Service Degradation | Network Congestion | Disk Bottleneck | Software Fault | Repeated Failures,CPU=85.9% | Memory=82.3% | ResponseTime=1723ms | Latency=590ms | DiskIO=136.3MB/s | Errors=5.0 | FailedEvents=4,7,85.89260089686098,82.29439461883409,1723.3670852017938,590.317802690583,136.28076233183856,5.031390134529148,4
blk_8388642701725277995,0.7574,HIGH,CRITICAL,packet_responder,Resource Exhaustion,Resource Exhaustion | Memory Pressure | Service Degradation | Network Congestion | Disk Bottleneck | Software Fault,CPU=86.7% | Memory=81.3% | ResponseTime=1745ms | Latency=655ms | DiskIO=147.8MB/s | Errors=4.9,6,86.6723076923077,81.28461538461539,1745.383846153846,654.5699999999999,147.82538461538462,4.923076923076923,3
blk_8240913160336830189,0.7564,HIGH,CRITICAL,packet_responder,Resource Exhaustion,Resource Exhaustion | Memory Pressure | Service Degradation | Network Congestion | Disk Bottleneck | Software Fault,CPU=89.9% | Memory=83.9% | ResponseTime=1890ms | Latency=630ms | DiskIO=136.3MB/s | Errors=4.8,6,89.92538461538462,83.86,1890.3184615384612,629.5561538461538,136.25153846153847,4.769230769230769,3
blk_-7107304215728057734,0.7545,HIGH,CRITICAL,datanode_service,Resource Exhaustion,Resource Exhaustion | Memory Pressure | Service Degradation | Network Congestion | Disk Bottleneck | Software Fault,CPU=85.4% | Memory=83.4% | ResponseTime=1785ms | Latency=610ms | DiskIO=140.0MB/s | Errors=5.1,6,85.41666666666667,83.44625,1784.6,609.7354166666667,140.03125,5.125,3
blk_3584224065406961324,0.7544,HIGH,CRITICAL,datanode_service,Resource Exhaustion,Resource Exhaustion | Memory Pressure | Service Degradation | Network Congestion | Disk Bottleneck | Software Fault,CPU=82.4% | Memory=84.0% | ResponseTime=1665ms | Latency=689ms | DiskIO=127.3MB/s | Errors=4.8,6,82.43571428571428,84.0104761904762,1664.9152380952382,689.22,127.29333333333332,4.809523809523809,3
blk_-7144023818055296765,0.7533,HIGH,CRITICAL,namenode_service,Resource Exhaustion,Resource Exhaustion | Memory Pressure | Service Degradation | Network Congestion | Disk Bottleneck | Software Fault | Repeated Failures,CPU=86.5% | Memory=82.0% | ResponseTime=1760ms | Latency=721ms | DiskIO=134.7MB/s | Errors=5.2 | FailedEvents=4,7,86.4845,82.0385,1760.2755000000002,721.4415,134.73,5.2,4
blk_6533711349086671734,0.7533,HIGH,CRITICAL,namenode_service,Resource Exhaustion,Resource Exhaustion | Memory Pressure | Service Degradation | Network Congestion | Disk Bottleneck | Software Fault | Repeated Failures,CPU=87.5% | Memory=82.4% | ResponseTime=1760ms | Latency=653ms | DiskIO=143.6MB/s | Errors=4.8 | FailedEvents=4,7,87.47,82.39450000000001,1760.1330000000005,652.751,143.5625,4.8,4
blk_-5410886886439711883,0.752,HIGH,CRITICAL,datanode_service,Resource Exhaustion,Resource Exhaustion | Memory Pressure | Service Degradation | Network Congestion | Disk Bottleneck | Software Fault,CPU=87.4% | Memory=82.8% | ResponseTime=1503ms | Latency=597ms | DiskIO=136.9MB/s | Errors=5.3,6,87.37190476190476,82.84761904761905,1503.1390476190477,596.5519047619048,136.8547619047619,5.285714285714286,3
blk_9203790828755100013,0.7518,HIGH,CRITICAL,packet_responder,Resource Exhaustion,Resource Exhaustion | Memory Pressure | Service Degradation | Network Congestion | Disk Bottleneck | Software Fault | Repeated Failures,CPU=86.5% | Memory=83.3% | ResponseTime=1588ms | Latency=654ms | DiskIO=142.5MB/s | Errors=5.5 | FailedEvents=4,7,86.476875,83.29375,1588.140625,653.810625,142.468125,5.5,4
blk_8183994687655608718,0.7513,HIGH,CRITICAL,packet_responder,Resource Exhaustion,Resource Exhaustion | Memory Pressure | Service Degradation | Network Congestion | Disk Bottleneck | Software Fault,CPU=84.2% | Memory=83.5% | ResponseTime=1741ms | Latency=596ms | DiskIO=118.9MB/s | Errors=5.9,6,84.21230769230769,83.48,1740.9376923076925,596.2261538461539,118.88076923076925,5.923076923076923,3
blk_989409441141247289,0.7512,HIGH,CRITICAL,datanode_service,Resource Exhaustion,Resource Exhaustion | Memory Pressure | Service Degradation | Network Congestion | Disk Bottleneck | Software Fault | Repeated Failures,CPU=87.9% | Memory=83.5% | ResponseTime=2086ms | Latency=697ms | DiskIO=146.0MB/s | Errors=4.4 | FailedEvents=5,7,87.86,83.47647058823529,2085.8223529411766,697.0688235294118,146.02941176470588,4.352941176470588,5
blk_-6067429461406356955,0.7512,HIGH,CRITICAL,namenode_service,Resource Exhaustion,Resource Exhaustion | Memory Pressure | Service Degradation | Network Congestion | Disk Bottleneck | Software Fault | Repeated Failures,CPU=84.7% | Memory=81.9% | ResponseTime=1711ms | Latency=590ms | DiskIO=143.7MB/s | Errors=5.2 | FailedEvents=4,7,84.65299999999999,81.861,1711.0455000000002,590.0915,143.6515,5.25,4
blk_9088607960539178771,0.7511,HIGH,CRITICAL,packet_responder,Resource Exhaustion,Resource Exhaustion | Memory Pressure | Service Degradation | Network Congestion | Disk Bottleneck | Software Fault,CPU=88.5% | Memory=82.6% | ResponseTime=1999ms | Latency=715ms | DiskIO=134.0MB/s | Errors=5.1,6,88.46153846153847,82.63692307692307,1998.5276923076924,714.6984615384615,133.97230769230768,5.076923076923077,3
blk_9074146197608057038,0.7501,HIGH,CRITICAL,packet_responder,Resource Exhaustion,Resource Exhaustion | Memory Pressure | Service Degradation | Network Congestion | Disk Bottleneck | Software Fault | Repeated Failures,CPU=87.5% | Memory=83.9% | ResponseTime=1763ms | Latency=605ms | DiskIO=134.5MB/s | Errors=5.7 | FailedEvents=4,7,87.536875,83.87875,1762.625,604.6,134.49875,5.6875,4
blk_-7765726308613130721,0.7501,HIGH,CRITICAL,packet_responder,Resource Exhaustion,Resource Exhaustion | Memory Pressure | Service Degradation | Network Congestion | Disk Bottleneck | Software Fault,CPU=88.3% | Memory=82.0% | ResponseTime=1864ms | Latency=678ms | DiskIO=132.8MB/s | Errors=4.9,6,88.25071428571428,81.95714285714287,1864.0928571428567,677.5342857142857,132.78857142857143,4.857142857142857,3
blk_5872727231755365998,0.7498,HIGH,CRITICAL,datanode_service,Resource Exhaustion,Resource Exhaustion | Memory Pressure | Service Degradation | Network Congestion | Disk Bottleneck | Software Fault,CPU=89.0% | Memory=81.8% | ResponseTime=1915ms | Latency=606ms | DiskIO=137.7MB/s | Errors=5.1,6,89.02238095238096,81.80857142857143,1915.405714285714,606.4171428571428,137.74333333333334,5.095238095238095,3
blk_-8213344449220111733,0.7493,HIGH,CRITICAL,datanode_service,Resource Exhaustion,Resource Exhaustion | Memory Pressure | Service Degradation | Network Congestion | Disk Bottleneck | Software Fault,CPU=88.2% | Memory=83.3% | ResponseTime=1801ms | Latency=619ms | DiskIO=129.2MB/s | Errors=5.1,6,88.23047619047618,83.29809523809524,1801.0842857142857,619.4395238095237,129.20285714285714,5.095238095238095,3
blk_100729861999205408,0.749,HIGH,CRITICAL,namenode_service,Resource Exhaustion,Resource Exhaustion | Memory Pressure | Service Degradation | Network Congestion | Disk Bottleneck | Software Fault | Repeated Failures,CPU=86.5% | Memory=83.0% | ResponseTime=1943ms | Latency=626ms | DiskIO=135.8MB/s | Errors=4.8 | FailedEvents=4,7,86.49600000000001,83.014,1943.283,626.3425,135.76,4.8,4
blk_7536693147882198965,0.7484,HIGH,CRITICAL,datanode_service,Resource Exhaustion,Resource Exhaustion | Memory Pressure | Service Degradation | Network Congestion | Disk Bottleneck | Software Fault,CPU=86.5% | Memory=82.3% | ResponseTime=1903ms | Latency=598ms | DiskIO=135.4MB/s | Errors=5.0,6,86.47636363636364,82.27227272727272,1902.6704545454545,598.3018181818181,135.40318181818182,5.045454545454546,3
blk_-3810637406843178536,0.7478,HIGH,CRITICAL,datanode_service,Resource Exhaustion,Resource Exhaustion | Memory Pressure | Service Degradation | Network Congestion | Disk Bottleneck | Software Fault,CPU=87.5% | Memory=83.5% | ResponseTime=1935ms | Latency=636ms | DiskIO=126.3MB/s | Errors=5.2,6,87.50904761904762,83.52238095238096,1934.74,636.4180952380952,126.3090476190476,5.238095238095238,3
blk_5648741609066690312,0.7477,HIGH,CRITICAL,packet_responder,Resource Exhaustion,Resource Exhaustion | Memory Pressure | Service Degradation | Network Congestion | Disk Bottleneck | Software Fault,CPU=86.0% | Memory=83.4% | ResponseTime=1767ms | Latency=693ms | DiskIO=133.3MB/s | Errors=5.3,6,86.00846153846153,83.44076923076923,1767.06,692.8061538461538,133.31307692307692,5.307692307692308,3
blk_-2033526004731990730,0.7474,HIGH,CRITICAL,datanode_service,Resource Exhaustion,Resource Exhaustion | Memory Pressure | Service Degradation | Network Congestion | Disk Bottleneck | Software Fault | Repeated Failures,CPU=86.1% | Memory=84.1% | ResponseTime=1856ms | Latency=647ms | DiskIO=144.3MB/s | Errors=4.9 | FailedEvents=5,7,86.07277777777777,84.12611111111111,1856.0933333333328,647.3105555555555,144.29444444444445,4.888888888888889,5
blk_3004345169311090065,0.7467,HIGH,CRITICAL,packet_responder,Resource Exhaustion,Resource Exhaustion | Memory Pressure | Service Degradation | Network Congestion | Disk Bottleneck | Software Fault,CPU=89.0% | Memory=79.9% | ResponseTime=1897ms | Latency=713ms | DiskIO=141.3MB/s | Errors=4.5,6,89.045,79.93785714285715,1896.9864285714289,713.0357142857143,141.34857142857143,4.5,3
blk_5802078870340405089,0.7459,HIGH,CRITICAL,datanode_service,Resource Exhaustion,Resource Exhaustion | Memory Pressure | Service Degradation | Network Congestion | Disk Bottleneck | Software Fault | Repeated Failures,CPU=87.3% | Memory=78.8% | ResponseTime=1666ms | Latency=685ms | DiskIO=157.5MB/s | Errors=4.9 | FailedEvents=5,7,87.280625,78.8,1666.010625,685.216875,157.46875,4.9375,5
blk_-8513351748579810786,0.7457,HIGH,CRITICAL,namenode_service,Resource Exhaustion,Resource Exhaustion | Memory Pressure | Service Degradation | Network Congestion | Disk Bottleneck | Software Fault | Repeated Failures,CPU=85.2% | Memory=80.7% | ResponseTime=1719ms | Latency=612ms | DiskIO=141.3MB/s | Errors=5.5 | FailedEvents=4,7,85.22821428571429,80.74428571428572,1719.0785714285714,612.2642857142857,141.2967857142857,5.5,4
blk_8110708863790308621,0.7456,HIGH,CRITICAL,packet_responder,Resource Exhaustion,Resource Exhaustion | Memory Pressure | Service Degradation | Network Congestion | Disk Bottleneck | Software Fault | Repeated Failures,CPU=89.8% | Memory=81.5% | ResponseTime=1755ms | Latency=613ms | DiskIO=134.0MB/s | Errors=4.8 | FailedEvents=4,7,89.84785714285715,81.48285714285714,1754.8535714285715,613.1264285714286,134.00142857142856,4.785714285714286,4
blk_3555112835115566470,0.7444,HIGH,CRITICAL,packet_responder,Resource Exhaustion,Resource Exhaustion | Memory Pressure | Service Degradation | Network Congestion | Disk Bottleneck | Software Fault,CPU=87.5% | Memory=81.6% | ResponseTime=1842ms | Latency=653ms | DiskIO=155.8MB/s | Errors=4.3,6,87.50923076923075,81.63461538461539,1842.002307692308,653.1130769230768,155.82384615384615,4.307692307692308,3
blk_809511024737609922,0.7437,HIGH,CRITICAL,packet_responder,Resource Exhaustion,Resource Exhaustion | Memory Pressure | Service Degradation | Network Congestion | Disk Bottleneck | Software Fault | Repeated Failures,CPU=85.1% | Memory=82.5% | ResponseTime=1955ms | Latency=623ms | DiskIO=141.6MB/s | Errors=5.5 | FailedEvents=4,7,85.13928571428572,82.49285714285715,1954.837857142857,622.8642857142858,141.60357142857143,5.5,4
blk_-6855996938294508606,0.7434,HIGH,CRITICAL,datanode_service,Resource Exhaustion,Resource Exhaustion | Memory Pressure | Service Degradation | Network Congestion | Disk Bottleneck | Software Fault,CPU=84.1% | Memory=84.0% | ResponseTime=1805ms | Latency=669ms | DiskIO=149.1MB/s | Errors=5.0,6,84.11380952380952,84.04047619047618,1804.5147619047616,668.7542857142857,149.13809523809525,5.047619047619048,3
blk_5862064168004546076,0.7428,HIGH,CRITICAL,datanode_service,Resource Exhaustion,Resource Exhaustion | Memory Pressure | Service Degradation | Network Congestion | Disk Bottleneck | Software Fault | Repeated Failures,CPU=84.9% | Memory=80.4% | ResponseTime=1836ms | Latency=623ms | DiskIO=136.9MB/s | Errors=5.5 | FailedEvents=5,7,84.89315789473685,80.36315789473684,1836.4410526315787,623.0110526315789,136.87947368421052,5.473684210526316,5
blk_-5439842411069317338,0.7407,HIGH,CRITICAL,datanode_service,Resource Exhaustion,Resource Exhaustion | Memory Pressure | Service Degradation | Network Congestion | Disk Bottleneck | Software Fault,CPU=87.1% | Memory=82.2% | ResponseTime=1986ms | Latency=533ms | DiskIO=143.0MB/s | Errors=4.8,6,87.07904761904763,82.21428571428571,1985.680476190476,533.3490476190476,143.0052380952381,4.809523809523809,3
blk_3871883461847188190,0.7406,HIGH,CRITICAL,datanode_service,Resource Exhaustion,Resource Exhaustion | Memory Pressure | Service Degradation | Network Congestion | Disk Bottleneck | Software Fault,CPU=85.8% | Memory=90.3% | ResponseTime=2512ms | Latency=784ms | DiskIO=127.5MB/s | Errors=3.8,6,85.8475,90.3225,2512.04,784.1575,127.4825,3.75,1
blk_8782208400278719319,0.7406,HIGH,CRITICAL,packet_responder,Resource Exhaustion,Resource Exhaustion | Memory Pressure | Service Degradation | Network Congestion | Disk Bottleneck | Software Fault,CPU=84.7% | Memory=82.0% | ResponseTime=1703ms | Latency=577ms | DiskIO=146.7MB/s | Errors=5.2,6,84.72,81.96571428571428,1702.9692857142857,576.6942857142857,146.65214285714288,5.214285714285714,3
blk_8615822261693450572,0.7403,HIGH,CRITICAL,packet_responder,Resource Exhaustion,Resource Exhaustion | Memory Pressure | Service Degradation | Network Congestion | Disk Bottleneck | Software Fault,CPU=87.4% | Memory=80.2% | ResponseTime=1791ms | Latency=581ms | DiskIO=134.5MB/s | Errors=5.0,6,87.36153846153846,80.19461538461539,1790.583076923077,581.4661538461539,134.46,5.0,3
blk_109564252861405473,0.7402,HIGH,CRITICAL,datanode_service,Resource Exhaustion,Resource Exhaustion | Memory Pressure | Service Degradation | Network Congestion | Disk Bottleneck | Software Fault,CPU=87.5% | Memory=81.0% | ResponseTime=1817ms | Latency=642ms | DiskIO=141.7MB/s | Errors=5.0,6,87.52761904761904,80.9895238095238,1817.2423809523807,642.1785714285714,141.68857142857144,5.0,3
blk_-4304326910587241051,0.7401,HIGH,CRITICAL,datanode_service,Resource Exhaustion,Resource Exhaustion | Memory Pressure | Service Degradation | Network Congestion | Disk Bottleneck | Software Fault,CPU=84.3% | Memory=81.7% | ResponseTime=1731ms | Latency=617ms | DiskIO=132.2MB/s | Errors=4.7,6,84.3228,81.7036,1730.8164000000002,617.1368,132.1524,4.68,3
blk_-7455385476433896629,0.7394,HIGH,CRITICAL,datanode_service,Resource Exhaustion,Resource Exhaustion | Memory Pressure | Service Degradation | Network Congestion | Disk Bottleneck | Software Fault,CPU=86.8% | Memory=79.9% | ResponseTime=1887ms | Latency=632ms | DiskIO=138.7MB/s | Errors=4.7,6,86.81428571428572,79.94428571428571,1887.0661904761905,631.6980952380952,138.70285714285714,4.714285714285714,3
blk_1873255094910695255,0.7393,HIGH,CRITICAL,datanode_service,Resource Exhaustion,Resource Exhaustion | Memory Pressure | Service Degradation | Network Congestion | Disk Bottleneck | Software Fault,CPU=88.6% | Memory=84.2% | ResponseTime=1865ms | Latency=634ms | DiskIO=144.3MB/s | Errors=5.3,6,88.62619047619049,84.2004761904762,1864.8923809523808,633.9190476190475,144.27,5.285714285714286,3
blk_7409100024045179646,0.7392,HIGH,CRITICAL,datanode_service,Resource Exhaustion,Resource Exhaustion | Memory Pressure | Service Degradation | Network Congestion | Disk Bottleneck | Software Fault | Repeated Failures,CPU=86.4% | Memory=84.9% | ResponseTime=1799ms | Latency=585ms | DiskIO=142.5MB/s | Errors=4.6 | FailedEvents=5,7,86.36777777777777,84.94666666666666,1798.933888888889,585.005,142.51555555555558,4.555555555555555,5
blk_5024705187938108448,0.7391,HIGH,CRITICAL,datanode_service,Resource Exhaustion,Resource Exhaustion | Memory Pressure | Service Degradation | Network Congestion | Disk Bottleneck | Software Fault,CPU=86.9% | Memory=81.1% | ResponseTime=1815ms | Latency=651ms | DiskIO=141.2MB/s | Errors=4.5,6,86.88238095238096,81.13190476190476,1815.3538095238096,651.08,141.16666666666666,4.476190476190476,3
blk_7846063368336366730,0.739,HIGH,CRITICAL,packet_responder,Resource Exhaustion,Resource Exhaustion | Memory Pressure | Service Degradation | Network Congestion | Disk Bottleneck | Software Fault,CPU=85.8% | Memory=84.8% | ResponseTime=1906ms | Latency=605ms | DiskIO=129.3MB/s | Errors=5.5,6,85.76923076923077,84.81923076923077,1906.29,605.1492307692308,129.2915384615385,5.461538461538462,3
blk_8381532731417899614,0.7387,HIGH,CRITICAL,packet_responder,Resource Exhaustion,Resource Exhaustion | Memory Pressure | Service Degradation | Network Congestion | Disk Bottleneck | Software Fault,CPU=85.8% | Memory=79.8% | ResponseTime=1862ms | Latency=560ms | DiskIO=144.2MB/s | Errors=4.4,6,85.80076923076923,79.82923076923076,1862.0676923076924,560.3184615384615,144.19230769230768,4.384615384615385,3
blk_8907738821052531402,0.7387,HIGH,CRITICAL,datanode_service,Resource Exhaustion,Resource Exhaustion | Memory Pressure | Service Degradation | Network Congestion | Disk Bottleneck | Software Fault,CPU=86.4% | Memory=83.6% | ResponseTime=1833ms | Latency=564ms | DiskIO=144.5MB/s | Errors=5.0,6,86.44,83.60714285714286,1833.3376190476188,563.6114285714286,144.52904761904762,5.047619047619048,3
blk_8404846426350083009,0.7386,HIGH,CRITICAL,packet_responder,Resource Exhaustion,Resource Exhaustion | Memory Pressure | Service Degradation | Network Congestion | Disk Bottleneck | Software Fault,CPU=84.1% | Memory=80.4% | ResponseTime=1929ms | Latency=599ms | DiskIO=134.4MB/s | Errors=5.4,6,84.08500000000001,80.44785714285715,1929.3442857142857,599.4207142857142,134.43214285714285,5.428571428571429,3
blk_4580425254864663555,0.7383,HIGH,CRITICAL,packet_responder,Resource Exhaustion,Resource Exhaustion | Memory Pressure | Service Degradation | Network Congestion | Disk Bottleneck | Software Fault,CPU=90.0% | Memory=78.9% | ResponseTime=1611ms | Latency=585ms | DiskIO=130.1MB/s | Errors=5.6,6,90.01,78.89923076923077,1611.4907692307693,584.9946153846154,130.09692307692308,5.615384615384615,3
blk_-8191677345482862686,0.7383,HIGH,CRITICAL,datanode_service,Resource Exhaustion,Resource Exhaustion | Memory Pressure | Service Degradation | Network Congestion | Disk Bottleneck | Software Fault,CPU=89.7% | Memory=80.7% | ResponseTime=1767ms | Latency=636ms | DiskIO=136.7MB/s | Errors=4.8,6,89.72086956521738,80.72043478260869,1767.0008695652173,635.7917391304347,136.65652173913043,4.826086956521739,3
blk_-8280269740588631810,0.7381,HIGH,CRITICAL,packet_responder,Resource Exhaustion,Resource Exhaustion | Memory Pressure | Service Degradation | Network Congestion | Disk Bottleneck | Software Fault | Repeated Failures,CPU=87.7% | Memory=84.1% | ResponseTime=1689ms | Latency=538ms | DiskIO=134.0MB/s | Errors=5.0 | FailedEvents=4,7,87.66533333333334,84.10733333333334,1688.5446666666664,537.5886666666667,133.96533333333335,5.0,4
blk_-8174899640122668015,0.7371,HIGH,CRITICAL,packet_responder,Resource Exhaustion,Resource Exhaustion | Memory Pressure | Service Degradation | Network Congestion | Disk Bottleneck | Software Fault,CPU=84.4% | Memory=84.0% | ResponseTime=1650ms | Latency=545ms | DiskIO=148.0MB/s | Errors=5.5,6,84.41692307692308,83.9876923076923,1650.1623076923076,545.0946153846154,148.03692307692307,5.461538461538462,3
blk_-919439116365725304,0.7371,HIGH,CRITICAL,datanode_service,Resource Exhaustion,Resource Exhaustion | Memory Pressure | Service Degradation | Network Congestion | Disk Bottleneck | Software Fault,CPU=84.7% | Memory=80.3% | ResponseTime=1808ms | Latency=628ms | DiskIO=132.8MB/s | Errors=4.9,6,84.69952380952381,80.31238095238095,1807.8438095238096,627.5880952380952,132.75285714285715,4.857142857142857,3
blk_8679869832505764977,0.7365,HIGH,CRITICAL,packet_responder,Resource Exhaustion,Resource Exhaustion | Memory Pressure | Service Degradation | Network Congestion | Disk Bottleneck | Software Fault,CPU=86.9% | Memory=86.8% | ResponseTime=1679ms | Latency=736ms | DiskIO=144.5MB/s | Errors=5.5,6,86.86769230769231,86.77538461538461,1678.806923076923,736.3376923076922,144.51384615384617,5.461538461538462,3
blk_-8534041117861733776,0.7364,HIGH,CRITICAL,packet_responder,Resource Exhaustion,Resource Exhaustion | Memory Pressure | Service Degradation | Network Congestion | Disk Bottleneck | Software Fault,CPU=87.7% | Memory=84.1% | ResponseTime=1788ms | Latency=601ms | DiskIO=144.3MB/s | Errors=4.9,6,87.71357142857143,84.09928571428573,1788.2578571428571,601.2685714285715,144.31714285714287,4.857142857142857,3
blk_8765347691095872360,0.7363,HIGH,CRITICAL,namenode_service,Resource Exhaustion,Resource Exhaustion | Memory Pressure | Service Degradation | Network Congestion | Disk Bottleneck | Software Fault | Repeated Failures,CPU=85.6% | Memory=83.3% | ResponseTime=2012ms | Latency=672ms | DiskIO=144.6MB/s | Errors=5.0 | FailedEvents=4,7,85.576,83.309,2011.506,671.924,144.582,5.0,4
blk_93737232069426335,0.7361,HIGH,CRITICAL,datanode_service,Resource Exhaustion,Resource Exhaustion | Memory Pressure | Service Degradation | Network Congestion | Disk Bottleneck | Software Fault,CPU=88.2% | Memory=81.7% | ResponseTime=1727ms | Latency=644ms | DiskIO=131.4MB/s | Errors=5.6,6,88.16142857142856,81.68142857142857,1727.0261904761903,644.4842857142858,131.44857142857143,5.619047619047619,3
blk_8845521564139098870,0.7361,HIGH,CRITICAL,packet_responder,Resource Exhaustion,Resource Exhaustion | Memory Pressure | Service Degradation | Network Congestion | Disk Bottleneck | Software Fault,CPU=89.8% | Memory=85.1% | ResponseTime=1928ms | Latency=590ms | DiskIO=158.0MB/s | Errors=5.2,6,89.75785714285715,85.05571428571429,1927.6571428571428,589.7692857142857,158.01285714285714,5.214285714285714,3
blk_8936510448582058190,0.7359,HIGH,CRITICAL,packet_responder,Resource Exhaustion,Resource Exhaustion | Memory Pressure | Service Degradation | Network Congestion | Disk Bottleneck | Software Fault | Repeated Failures,CPU=87.5% | Memory=83.9% | ResponseTime=1823ms | Latency=531ms | DiskIO=135.2MB/s | Errors=4.4 | FailedEvents=4,7,87.51533333333333,83.86866666666667,1822.902,531.2273333333334,135.17533333333333,4.4,4
blk_9183289340489989286,0.7356,HIGH,CRITICAL,namenode_service,Resource Exhaustion,Resource Exhaustion | Memory Pressure | Service Degradation | Network Congestion | Disk Bottleneck | Software Fault | Repeated Failures,CPU=89.5% | Memory=82.2% | ResponseTime=1620ms | Latency=704ms | DiskIO=144.5MB/s | Errors=5.5 | FailedEvents=4,7,89.55,82.2105,1620.27,704.1635,144.5045,5.5,4
blk_9123910480732447611,0.7355,HIGH,CRITICAL,packet_responder,Resource Exhaustion,Resource Exhaustion | Memory Pressure | Service Degradation | Network Congestion | Disk Bottleneck | Software Fault,CPU=91.4% | Memory=81.4% | ResponseTime=1800ms | Latency=680ms | DiskIO=138.2MB/s | Errors=4.9,6,91.42538461538462,81.38153846153847,1800.3907692307694,679.6407692307693,138.21,4.923076923076923,3
blk_7247985612172454700,0.7352,HIGH,CRITICAL,datanode_service,Resource Exhaustion,Resource Exhaustion | Memory Pressure | Service Degradation | Network Congestion | Disk Bottleneck | Software Fault,CPU=87.6% | Memory=82.2% | ResponseTime=1844ms | Latency=639ms | DiskIO=150.4MB/s | Errors=5.0,6,87.61190476190475,82.23619047619047,1844.0928571428572,639.2257142857143,150.36904761904762,5.0,3
blk_-730360888507267446,0.735,HIGH,CRITICAL,datanode_service,Resource Exhaustion,Resource Exhaustion | Memory Pressure | Service Degradation | Network Congestion | Disk Bottleneck | Software Fault,CPU=85.6% | Memory=85.3% | ResponseTime=1747ms | Latency=602ms | DiskIO=137.2MB/s | Errors=4.8,6,85.61904761904762,85.32190476190476,1746.8576190476192,602.33,137.18571428571428,4.809523809523809,3
blk_5668844343403787735,0.735,HIGH,CRITICAL,packet_responder,Resource Exhaustion,Resource Exhaustion | Memory Pressure | Service Degradation | Network Congestion | Disk Bottleneck | Software Fault,CPU=85.0% | Memory=79.0% | ResponseTime=1868ms | Latency=614ms | DiskIO=133.5MB/s | Errors=5.5,6,85.03538461538461,78.96615384615384,1867.5323076923075,614.2584615384616,133.5415384615385,5.461538461538462,3
blk_4438299806816545743,0.7349,HIGH,CRITICAL,datanode_service,Resource Exhaustion,Resource Exhaustion | Memory Pressure | Service Degradation | Network Congestion | Disk Bottleneck | Software Fault | Repeated Failures,CPU=88.3% | Memory=82.5% | ResponseTime=1740ms | Latency=641ms | DiskIO=147.1MB/s | Errors=5.4 | FailedEvents=5,7,88.33375,82.4725,1740.49125,641.138125,147.08375,5.375,5
blk_-1018108268208665701,0.7345,HIGH,CRITICAL,packet_responder,Resource Exhaustion,Resource Exhaustion | Memory Pressure | Service Degradation | Network Congestion | Disk Bottleneck | Software Fault,CPU=89.4% | Memory=83.4% | ResponseTime=1865ms | Latency=517ms | DiskIO=139.2MB/s | Errors=5.7,6,89.43307692307692,83.44384615384615,1865.242307692308,516.6176923076923,139.2323076923077,5.6923076923076925,3
blk_-1684438862222855332,0.7342,HIGH,CRITICAL,datanode_service,Resource Exhaustion,Resource Exhaustion | Memory Pressure | Service Degradation | Network Congestion | Disk Bottleneck | Software Fault,CPU=88.6% | Memory=85.0% | ResponseTime=1911ms | Latency=597ms | DiskIO=130.4MB/s | Errors=5.0,6,88.64714285714285,84.97857142857143,1910.509047619048,597.3938095238095,130.39,5.0,3
blk_4961970861863065608,0.7341,HIGH,CRITICAL,datanode_service,Resource Exhaustion,Resource Exhaustion | Memory Pressure | Service Degradation | Network Congestion | Disk Bottleneck | Software Fault | Repeated Failures,CPU=89.0% | Memory=82.6% | ResponseTime=1642ms | Latency=611ms | DiskIO=141.8MB/s | Errors=4.8 | FailedEvents=5,7,89.020625,82.55562499999999,1641.6975,610.7025,141.76875,4.75,5
blk_9119436228613123200,0.734,HIGH,CRITICAL,packet_responder,Resource Exhaustion,Resource Exhaustion | Memory Pressure | Service Degradation | Network Congestion | Disk Bottleneck | Software Fault,CPU=84.7% | Memory=85.2% | ResponseTime=1629ms | Latency=626ms | DiskIO=125.2MB/s | Errors=5.4,6,84.70142857142856,85.19714285714285,1629.2535714285714,625.6464285714285,125.225,5.428571428571429,3
blk_-7383291829441955619,0.7337,HIGH,CRITICAL,packet_responder,Resource Exhaustion,Resource Exhaustion | Memory Pressure | Service Degradation | Network Congestion | Disk Bottleneck | Software Fault | Repeated Failures,CPU=89.3% | Memory=81.1% | ResponseTime=1874ms | Latency=641ms | DiskIO=136.6MB/s | Errors=4.2 | FailedEvents=4,7,89.32066666666667,81.09466666666667,1873.832,640.8233333333334,136.58599999999998,4.2,4
blk_4921378864555450171,0.7332,HIGH,CRITICAL,namenode_service,Resource Exhaustion,Resource Exhaustion | Memory Pressure | Service Degradation | Network Congestion | Disk Bottleneck | Software Fault | Repeated Failures,CPU=87.3% | Memory=81.0% | ResponseTime=1841ms | Latency=573ms | DiskIO=147.0MB/s | Errors=5.1 | FailedEvents=4,7,87.346,81.04400000000001,1840.7595,573.191,147.04500000000002,5.1,4
blk_-2514128292967219002,0.7332,HIGH,CRITICAL,packet_responder,Resource Exhaustion,Resource Exhaustion | Memory Pressure | Service Degradation | Network Congestion | Disk Bottleneck | Software Fault,CPU=87.9% | Memory=79.8% | ResponseTime=1811ms | Latency=714ms | DiskIO=141.1MB/s | Errors=5.5,6,87.92076923076924,79.78307692307693,1810.9792307692308,713.5553846153846,141.09846153846155,5.461538461538462,3
blk_-5476544405411015862,0.7331,HIGH,CRITICAL,datanode_service,Resource Exhaustion,Resource Exhaustion | Memory Pressure | Service Degradation | Network Congestion | Disk Bottleneck | Software Fault,CPU=87.9% | Memory=84.0% | ResponseTime=1771ms | Latency=589ms | DiskIO=138.8MB/s | Errors=5.5,6,87.90058823529411,83.97823529411764,1771.4476470588236,588.5070588235294,138.78235294117647,5.529411764705882,3
blk_-2710979271972492726,0.7326,HIGH,CRITICAL,datanode_service,Resource Exhaustion,Resource Exhaustion | Memory Pressure | Service Degradation | Network Congestion | Disk Bottleneck | Software Fault,CPU=88.1% | Memory=85.3% | ResponseTime=1665ms | Latency=717ms | DiskIO=130.1MB/s | Errors=5.5,6,88.14095238095238,85.3047619047619,1664.6961904761906,716.5514285714286,130.12238095238095,5.523809523809524,3
blk_8498401613791720690,0.7325,HIGH,CRITICAL,datanode_service,Resource Exhaustion,Resource Exhaustion | Memory Pressure | Service Degradation | Network Congestion | Disk Bottleneck | Software Fault | Repeated Failures,CPU=86.5% | Memory=80.3% | ResponseTime=1880ms | Latency=596ms | DiskIO=142.8MB/s | Errors=5.8 | FailedEvents=5,7,86.46411764705883,80.29470588235294,1879.5541176470588,595.8441176470589,142.83235294117648,5.764705882352941,5
blk_648451759432563893,0.7325,HIGH,CRITICAL,packet_responder,Resource Exhaustion,Resource Exhaustion | Memory Pressure | Service Degradation | Network Congestion | Disk Bottleneck | Software Fault,CPU=85.7% | Memory=80.7% | ResponseTime=2111ms | Latency=648ms | DiskIO=137.6MB/s | Errors=4.9,6,85.66384615384617,80.6923076923077,2111.460769230769,647.5053846153846,137.63538461538462,4.923076923076923,3
blk_-234108381077576240,0.7322,HIGH,CRITICAL,packet_responder,Resource Exhaustion,Resource Exhaustion | Memory Pressure | Service Degradation | Network Congestion | Disk Bottleneck | Software Fault,CPU=85.2% | Memory=76.8% | ResponseTime=1800ms | Latency=574ms | DiskIO=138.0MB/s | Errors=4.6,6,85.23285714285714,76.79285714285713,1799.875,574.195,138.03071428571428,4.642857142857143,3
blk_4845543104469179835,0.7318,HIGH,CRITICAL,datanode_service,Resource Exhaustion,Resource Exhaustion | Memory Pressure | Service Degradation | Network Congestion | Disk Bottleneck | Software Fault,CPU=83.5% | Memory=81.0% | ResponseTime=1699ms | Latency=573ms | DiskIO=132.1MB/s | Errors=5.0,6,83.4647619047619,81.00142857142858,1699.4299999999998,573.4042857142857,132.09047619047618,5.0,3
blk_6270547280647061074,0.7318,HIGH,CRITICAL,datanode_service,Resource Exhaustion,Resource Exhaustion | Memory Pressure | Service Degradation | Network Congestion | Disk Bottleneck | Software Fault,CPU=85.5% | Memory=83.2% | ResponseTime=1778ms | Latency=595ms | DiskIO=134.5MB/s | Errors=4.5,6,85.53095238095239,83.20857142857142,1778.4142857142856,595.3166666666666,134.53380952380954,4.476190476190476,3
blk_-2388311246798576509,0.7313,HIGH,CRITICAL,datanode_service,Resource Exhaustion,Resource Exhaustion | Memory Pressure | Service Degradation | Network Congestion | Disk Bottleneck | Software Fault | Repeated Failures,CPU=85.3% | Memory=83.3% | ResponseTime=1965ms | Latency=597ms | DiskIO=140.0MB/s | Errors=4.9 | FailedEvents=5,7,85.345,83.324375,1964.855,596.95875,139.97625,4.875,5
blk_-2917690427666236786,0.7313,HIGH,CRITICAL,packet_responder,Resource Exhaustion,Resource Exhaustion | Memory Pressure | Service Degradation | Network Congestion | Disk Bottleneck | Software Fault,CPU=91.1% | Memory=82.1% | ResponseTime=1842ms | Latency=644ms | DiskIO=122.2MB/s | Errors=5.9,6,91.05846153846154,82.10692307692308,1842.393076923077,643.8792307692308,122.2176923076923,5.923076923076923,3
blk_-1067131609371010449,0.7311,HIGH,CRITICAL,namenode_service,Resource Exhaustion,Resource Exhaustion | Memory Pressure | Service Degradation | Network Congestion | Disk Bottleneck | Software Fault | Repeated Failures,CPU=88.3% | Memory=81.6% | ResponseTime=1853ms | Latency=565ms | DiskIO=132.0MB/s | Errors=4.8 | FailedEvents=4,7,88.31857142857143,81.59571428571428,1852.9125,565.1089285714286,132.00107142857144,4.821428571428571,4
blk_3512795912717946566,0.7307,HIGH,CRITICAL,packet_responder,Resource Exhaustion,Resource Exhaustion | Memory Pressure | Service Degradation | Network Congestion | Disk Bottleneck | Software Fault,CPU=85.9% | Memory=83.2% | ResponseTime=2024ms | Latency=605ms | DiskIO=129.9MB/s | Errors=5.0,6,85.93615384615386,83.2176923076923,2023.6315384615384,604.7038461538461,129.8623076923077,5.0,3
blk_-4072630768970171839,0.7306,HIGH,CRITICAL,datanode_service,Resource Exhaustion,Resource Exhaustion | Memory Pressure | Service Degradation | Network Congestion | Disk Bottleneck | Software Fault,CPU=88.6% | Memory=82.0% | ResponseTime=1765ms | Latency=548ms | DiskIO=144.9MB/s | Errors=5.1,6,88.57523809523809,82.02571428571429,1764.5052380952382,547.9080952380953,144.91619047619048,5.095238095238095,3
blk_-5858572659363150247,0.7305,HIGH,CRITICAL,packet_responder,Resource Exhaustion,Resource Exhaustion | Memory Pressure | Service Degradation | Network Congestion | Disk Bottleneck | Software Fault,CPU=89.9% | Memory=84.5% | ResponseTime=2016ms | Latency=633ms | DiskIO=139.6MB/s | Errors=5.0,6,89.85230769230769,84.49923076923076,2016.2030769230769,632.7053846153847,139.57307692307694,5.0,3
blk_-1791968396816126249,0.7305,HIGH,CRITICAL,packet_responder,Resource Exhaustion,Resource Exhaustion | Memory Pressure | Service Degradation | Network Congestion | Disk Bottleneck | Software Fault,CPU=87.5% | Memory=83.3% | ResponseTime=1997ms | Latency=625ms | DiskIO=148.4MB/s | Errors=5.2,6,87.4523076923077,83.25307692307692,1996.6976923076925,625.3623076923077,148.4346153846154,5.153846153846154,3
blk_6799153658629221543,0.7303,HIGH,CRITICAL,packet_responder,Resource Exhaustion,Resource Exhaustion | Memory Pressure | Service Degradation | Network Congestion | Disk Bottleneck | Software Fault,CPU=83.9% | Memory=79.6% | ResponseTime=1846ms | Latency=571ms | DiskIO=147.3MB/s | Errors=5.3,6,83.90615384615384,79.55153846153847,1845.6307692307691,570.7923076923078,147.28384615384616,5.307692307692308,3
blk_1351772134921376191,0.7302,HIGH,CRITICAL,namenode_service,Resource Exhaustion,Resource Exhaustion | Memory Pressure | Service Degradation | Network Congestion | Disk Bottleneck | Software Fault | Repeated Failures,CPU=87.5% | Memory=79.0% | ResponseTime=1771ms | Latency=581ms | DiskIO=125.6MB/s | Errors=4.8 | FailedEvents=4,7,87.485,78.9715,1770.6755,581.329,125.632,4.85,4
blk_8702679344131899479,0.7301,HIGH,CRITICAL,packet_responder,Resource Exhaustion,Resource Exhaustion | Memory Pressure | Service Degradation | Network Congestion | Disk Bottleneck | Software Fault,CPU=91.2% | Memory=81.4% | ResponseTime=1894ms | Latency=601ms | DiskIO=150.1MB/s | Errors=5.5,6,91.18,81.43214285714285,1894.4314285714288,601.1257142857143,150.1,5.5,3
blk_8246640784664624144,0.7299,HIGH,CRITICAL,packet_responder,Resource Exhaustion,Resource Exhaustion | Memory Pressure | Service Degradation | Network Congestion | Disk Bottleneck | Software Fault,CPU=83.7% | Memory=81.1% | ResponseTime=1855ms | Latency=622ms | DiskIO=163.3MB/s | Errors=5.3,6,83.72153846153847,81.11153846153846,1855.186923076923,621.8638461538461,163.28692307692307,5.307692307692308,3
blk_-3890194161958154460,0.7294,HIGH,CRITICAL,packet_responder,Resource Exhaustion,Resource Exhaustion | Memory Pressure | Service Degradation | Network Congestion | Disk Bottleneck | Software Fault,CPU=84.6% | Memory=82.4% | ResponseTime=1702ms | Latency=602ms | DiskIO=149.8MB/s | Errors=4.5,6,84.63615384615385,82.40923076923076,1701.6353846153845,602.0684615384615,149.79923076923075,4.538461538461538,3
blk_8717759609161495372,0.7288,HIGH,CRITICAL,packet_responder,Resource Exhaustion,Resource Exhaustion | Memory Pressure | Service Degradation | Network Congestion | Disk Bottleneck | Software Fault,CPU=85.5% | Memory=81.6% | ResponseTime=1611ms | Latency=732ms | DiskIO=141.1MB/s | Errors=4.9,6,85.52692307692307,81.63076923076923,1610.5184615384617,731.6615384615385,141.06615384615387,4.923076923076923,3
blk_8678431064356885798,0.7287,HIGH,CRITICAL,packet_responder,Resource Exhaustion,Resource Exhaustion | Memory Pressure | Service Degradation | Network Congestion | Disk Bottleneck | Software Fault,CPU=86.9% | Memory=84.1% | ResponseTime=2032ms | Latency=660ms | DiskIO=146.8MB/s | Errors=5.7,6,86.90307692307692,84.07615384615384,2032.0684615384612,659.5384615384615,146.83307692307693,5.6923076923076925,3
blk_8449844618908035987,0.7282,HIGH,CRITICAL,packet_responder,Resource Exhaustion,Resource Exhaustion | Memory Pressure | Service Degradation | Network Congestion | Disk Bottleneck | Software Fault | Repeated Failures,CPU=90.3% | Memory=79.6% | ResponseTime=1795ms | Latency=555ms | DiskIO=143.4MB/s | Errors=5.1 | FailedEvents=4,7,90.281875,79.64375,1794.909375,554.525,143.385,5.0625,4
blk_8176798625733484253,0.7277,HIGH,CRITICAL,packet_responder,Resource Exhaustion,Resource Exhaustion | Memory Pressure | Service Degradation | Network Congestion | Disk Bottleneck | Software Fault,CPU=87.5% | Memory=84.4% | ResponseTime=1742ms | Latency=566ms | DiskIO=146.8MB/s | Errors=5.0,6,87.49153846153847,84.4346153846154,1741.9815384615383,566.3623076923077,146.81461538461537,5.0,3
blk_8672344672672069517,0.7273,HIGH,CRITICAL,packet_responder,Resource Exhaustion,Resource Exhaustion | Memory Pressure | Service Degradation | Network Congestion | Disk Bottleneck | Software Fault | Repeated Failures,CPU=89.3% | Memory=82.6% | ResponseTime=1816ms | Latency=642ms | DiskIO=143.2MB/s | Errors=5.1 | FailedEvents=4,7,89.30571428571429,82.62928571428571,1816.2271428571428,641.9192857142858,143.19642857142858,5.071428571428571,4
blk_-6530245448740847960,0.7273,HIGH,CRITICAL,namenode_service,Resource Exhaustion,Resource Exhaustion | Memory Pressure | Service Degradation | Network Congestion | Disk Bottleneck | Software Fault | Repeated Failures,CPU=88.9% | Memory=81.7% | ResponseTime=1681ms | Latency=684ms | DiskIO=130.4MB/s | Errors=5.6 | FailedEvents=4,7,88.85499999999999,81.6655,1680.625,684.4525,130.372,5.6,4
blk_6734013189321160172,0.7272,HIGH,CRITICAL,packet_responder,Resource Exhaustion,Resource Exhaustion | Memory Pressure | Service Degradation | Network Congestion | Disk Bottleneck | Software Fault | Repeated Failures,CPU=91.8% | Memory=80.1% | ResponseTime=1749ms | Latency=661ms | DiskIO=136.0MB/s | Errors=5.8 | FailedEvents=4,7,91.84928571428571,80.06500000000001,1748.7814285714285,660.6757142857142,136.035,5.785714285714286,4
blk_8902650196621789803,0.727,HIGH,CRITICAL,packet_responder,Resource Exhaustion,Resource Exhaustion | Memory Pressure | Service Degradation | Network Congestion | Disk Bottleneck | Software Fault,CPU=87.4% | Memory=80.0% | ResponseTime=1824ms | Latency=699ms | DiskIO=143.1MB/s | Errors=5.2,6,87.39307692307692,79.95307692307694,1823.715384615385,698.6192307692307,143.14846153846153,5.153846153846154,3
blk_6291404884140655419,0.727,HIGH,CRITICAL,packet_responder,Resource Exhaustion,Resource Exhaustion | Memory Pressure | Service Degradation | Network Congestion | Disk Bottleneck | Software Fault,CPU=89.1% | Memory=84.6% | ResponseTime=1901ms | Latency=651ms | DiskIO=150.1MB/s | Errors=4.4,6,89.07642857142856,84.59857142857143,1900.6442857142856,651.1707142857142,150.06,4.357142857142857,3
blk_-1748869645497411855,0.7269,HIGH,CRITICAL,packet_responder,Resource Exhaustion,Resource Exhaustion | Memory Pressure | Service Degradation | Network Congestion | Disk Bottleneck | Software Fault,CPU=85.7% | Memory=82.2% | ResponseTime=1910ms | Latency=641ms | DiskIO=147.6MB/s | Errors=5.5,6,85.74538461538462,82.24307692307693,1909.5215384615385,641.2876923076923,147.62,5.461538461538462,3
blk_8729768707867317330,0.7269,HIGH,CRITICAL,packet_responder,Resource Exhaustion,Resource Exhaustion | Memory Pressure | Service Degradation | Network Congestion | Disk Bottleneck | Software Fault,CPU=88.9% | Memory=82.2% | ResponseTime=1644ms | Latency=622ms | DiskIO=146.9MB/s | Errors=5.4,6,88.86538461538461,82.22000000000001,1643.763846153846,622.1653846153846,146.88692307692307,5.384615384615385,3
blk_8897009968816991260,0.7264,HIGH,CRITICAL,packet_responder,Resource Exhaustion,Resource Exhaustion | Memory Pressure | Service Degradation | Network Congestion | Disk Bottleneck | Software Fault,CPU=84.7% | Memory=82.9% | ResponseTime=1838ms | Latency=620ms | DiskIO=133.3MB/s | Errors=5.0,6,84.71615384615384,82.85615384615386,1837.8376923076924,620.1392307692308,133.26384615384617,5.0,3
blk_-9037964383978278196,0.7264,HIGH,CRITICAL,datanode_service,Resource Exhaustion,Resource Exhaustion | Memory Pressure | Service Degradation | Network Congestion | Disk Bottleneck | Software Fault,CPU=89.8% | Memory=81.6% | ResponseTime=1869ms | Latency=671ms | DiskIO=145.0MB/s | Errors=5.1,6,89.8229411764706,81.59705882352942,1869.1711764705883,670.9876470588235,144.95176470588234,5.0588235294117645,3
blk_-6748331154068864940,0.7262,HIGH,CRITICAL,datanode_service,Resource Exhaustion,Resource Exhaustion | Memory Pressure | Service Degradation | Network Congestion | Disk Bottleneck | Software Fault,CPU=87.6% | Memory=81.5% | ResponseTime=1525ms | Latency=592ms | DiskIO=135.4MB/s | Errors=5.7,6,87.63238095238096,81.50380952380952,1525.4766666666667,592.4804761904762,135.38190476190476,5.714285714285714,3
blk_7985524981839863080,0.7261,HIGH,CRITICAL,datanode_service,Resource Exhaustion,Resource Exhaustion | Memory Pressure | Service Degradation | Network Congestion | Disk Bottleneck | Software Fault | Repeated Failures,CPU=86.3% | Memory=81.3% | ResponseTime=1651ms | Latency=673ms | DiskIO=135.6MB/s | Errors=4.9 | FailedEvents=5,7,86.31,81.34941176470589,1650.6276470588234,673.1847058823529,135.5894117647059,4.882352941176471,5
blk_-1631119742248419554,0.726,HIGH,CRITICAL,packet_responder,Resource Exhaustion,Resource Exhaustion | Memory Pressure | Service Degradation | Network Congestion | Disk Bottleneck | Software Fault,CPU=85.8% | Memory=82.4% | ResponseTime=1878ms | Latency=686ms | DiskIO=151.1MB/s | Errors=5.3,6,85.76307692307692,82.44461538461539,1877.733846153846,685.7238461538461,151.11,5.307692307692308,3
blk_7841450763934605452,0.7258,HIGH,CRITICAL,namenode_service,Resource Exhaustion,Resource Exhaustion | Memory Pressure | Service Degradation | Network Congestion | Disk Bottleneck | Software Fault | Repeated Failures,CPU=85.6% | Memory=83.2% | ResponseTime=1745ms | Latency=639ms | DiskIO=149.9MB/s | Errors=5.3 | FailedEvents=4,7,85.62899999999999,83.2365,1745.274,639.217,149.9085,5.3,4
blk_-157357857026929660,0.7258,HIGH,CRITICAL,packet_responder,Resource Exhaustion,Resource Exhaustion | Memory Pressure | Service Degradation | Network Congestion | Disk Bottleneck | Software Fault,CPU=85.2% | Memory=79.5% | ResponseTime=1452ms | Latency=522ms | DiskIO=142.1MB/s | Errors=5.0,6,85.16066666666667,79.498,1451.72,521.5826666666667,142.14333333333337,5.0,3
blk_-3853265591005020112,0.7257,HIGH,CRITICAL,datanode_service,Resource Exhaustion,Resource Exhaustion | Memory Pressure | Service Degradation | Network Congestion | Disk Bottleneck | Software Fault | Repeated Failures,CPU=84.4% | Memory=80.9% | ResponseTime=1789ms | Latency=678ms | DiskIO=139.3MB/s | Errors=4.5 | FailedEvents=4,7,84.35923076923078,80.85192307692309,1788.6634615384614,677.9196153846153,139.33423076923077,4.5,4
blk_8415589348408995409,0.7257,HIGH,CRITICAL,packet_responder,Resource Exhaustion,Resource Exhaustion | Memory Pressure | Service Degradation | Network Congestion | Disk Bottleneck | Software Fault,CPU=85.8% | Memory=79.0% | ResponseTime=1858ms | Latency=552ms | DiskIO=136.2MB/s | Errors=5.0,6,85.75846153846155,79.01615384615386,1857.8107692307688,552.4876923076923,136.24615384615385,5.0,3
blk_8757168740754741153,0.7256,HIGH,CRITICAL,packet_responder,Resource Exhaustion,Resource Exhaustion | Memory Pressure | Service Degradation | Network Congestion | Disk Bottleneck | Software Fault | Repeated Failures,CPU=84.0% | Memory=83.3% | ResponseTime=1863ms | Latency=502ms | DiskIO=132.3MB/s | Errors=5.2 | FailedEvents=4,7,83.984375,83.265,1863.316875,501.945,132.339375,5.1875,4
blk_-6669848110381513005,0.7256,HIGH,CRITICAL,namenode_service,Resource Exhaustion,Resource Exhaustion | Memory Pressure | Service Degradation | Network Congestion | Disk Bottleneck | Software Fault | Repeated Failures,CPU=85.4% | Memory=83.3% | ResponseTime=1835ms | Latency=640ms | DiskIO=137.0MB/s | Errors=4.8 | FailedEvents=4,7,85.43642857142858,83.32571428571428,1835.0317857142857,640.3564285714285,137.00571428571428,4.75,4
blk_7021207890856924160,0.7256,HIGH,CRITICAL,datanode_service,Resource Exhaustion,Resource Exhaustion | Memory Pressure | Service Degradation | Network Congestion | Disk Bottleneck | Software Fault,CPU=90.0% | Memory=83.7% | ResponseTime=1747ms | Latency=631ms | DiskIO=151.3MB/s | Errors=4.9,6,89.96095238095238,83.68476190476191,1746.977619047619,630.884761904762,151.3095238095238,4.904761904761905,3
blk_6996194389878584395,0.7254,HIGH,CRITICAL,packet_responder,Resource Exhaustion,Resource Exhaustion | Memory Pressure | Service Degradation | Network Congestion | Disk Bottleneck | Software Fault,CPU=88.3% | Memory=82.0% | ResponseTime=1955ms | Latency=643ms | DiskIO=138.4MB/s | Errors=4.8,6,88.33,82.01769230769231,1955.1746153846157,642.5484615384614,138.38076923076923,4.769230769230769,3
blk_7936423389955810426,0.7253,HIGH,CRITICAL,datanode_service,Resource Exhaustion,Resource Exhaustion | Memory Pressure | Service Degradation | Network Congestion | Disk Bottleneck | Software Fault | Repeated Failures,CPU=90.7% | Memory=80.7% | ResponseTime=1732ms | Latency=582ms | DiskIO=146.6MB/s | Errors=4.9 | FailedEvents=5,7,90.669375,80.713125,1731.96,581.9175,146.61375,4.875,5
blk_2018472970914441524,0.7251,HIGH,CRITICAL,namenode_service,Resource Exhaustion,Resource Exhaustion | Memory Pressure | Service Degradation | Network Congestion | Disk Bottleneck | Software Fault,CPU=86.2% | Memory=83.9% | ResponseTime=1599ms | Latency=648ms | DiskIO=148.0MB/s | Errors=5.3,6,86.2176923076923,83.90423076923078,1599.3465384615386,647.5723076923077,147.9803846153846,5.346153846153846,3
blk_7004525668496279572,0.7249,HIGH,CRITICAL,datanode_service,Resource Exhaustion,Resource Exhaustion | Memory Pressure | Service Degradation | Network Congestion | Disk Bottleneck | Software Fault,CPU=86.5% | Memory=82.0% | ResponseTime=1784ms | Latency=569ms | DiskIO=134.3MB/s | Errors=4.9,6,86.51,82.01294117647059,1784.0747058823529,568.6682352941177,134.28117647058824,4.941176470588236,3
blk_718180401135527658,0.7248,HIGH,CRITICAL,packet_responder,Resource Exhaustion,Resource Exhaustion | Memory Pressure | Service Degradation | Network Congestion | Disk Bottleneck | Software Fault,CPU=86.4% | Memory=86.0% | ResponseTime=1827ms | Latency=633ms | DiskIO=133.7MB/s | Errors=5.3,6,86.44923076923077,85.98692307692308,1826.6653846153847,632.9376923076924,133.70153846153846,5.307692307692308,3
blk_8650671644529477649,0.7245,HIGH,CRITICAL,datanode_service,Resource Exhaustion,Resource Exhaustion | Memory Pressure | Service Degradation | Network Congestion | Disk Bottleneck | Software Fault,CPU=86.0% | Memory=84.0% | ResponseTime=1898ms | Latency=648ms | DiskIO=142.9MB/s | Errors=5.0,6,86.0395238095238,84.0247619047619,1898.098095238095,648.21,142.86333333333334,5.0,3
blk_-1946694783635652405,0.7242,HIGH,CRITICAL,datanode_service,Resource Exhaustion,Resource Exhaustion | Memory Pressure | Service Degradation | Network Congestion | Disk Bottleneck | Software Fault,CPU=88.5% | Memory=80.5% | ResponseTime=1755ms | Latency=556ms | DiskIO=135.8MB/s | Errors=5.0,6,88.51666666666667,80.46952380952382,1754.7514285714285,556.3042857142857,135.81761904761905,5.0,3
blk_7604683085433170185,0.7242,HIGH,CRITICAL,packet_responder,Resource Exhaustion,Resource Exhaustion | Memory Pressure | Service Degradation | Network Congestion | Disk Bottleneck | Software Fault,CPU=90.0% | Memory=79.9% | ResponseTime=1734ms | Latency=626ms | DiskIO=137.0MB/s | Errors=5.1,6,89.99785714285714,79.87785714285714,1733.5985714285712,625.5657142857143,137.03,5.142857142857143,3
blk_8088039405396200884,0.7239,HIGH,CRITICAL,packet_responder,Resource Exhaustion,Resource Exhaustion | Memory Pressure | Service Degradation | Network Congestion | Disk Bottleneck | Software Fault,CPU=86.3% | Memory=81.8% | ResponseTime=2113ms | Latency=527ms | DiskIO=138.3MB/s | Errors=5.4,6,86.28615384615385,81.77999999999999,2113.3876923076923,526.5307692307692,138.30461538461535,5.384615384615385,3
blk_8013056805162205802,0.7237,HIGH,CRITICAL,packet_responder,Resource Exhaustion,Resource Exhaustion | Memory Pressure | Service Degradation | Network Congestion | Disk Bottleneck | Software Fault,CPU=85.7% | Memory=82.5% | ResponseTime=1765ms | Latency=478ms | DiskIO=144.8MB/s | Errors=5.3,6,85.72769230769231,82.52692307692307,1764.6653846153847,478.3738461538461,144.8446153846154,5.307692307692308,3
blk_5284512076658274222,0.723,HIGH,CRITICAL,datanode_service,Resource Exhaustion,Resource Exhaustion | Memory Pressure | Service Degradation | Network Congestion | Disk Bottleneck | Software Fault,CPU=85.2% | Memory=79.9% | ResponseTime=1874ms | Latency=685ms | DiskIO=133.9MB/s | Errors=4.9,6,85.23428571428572,79.92428571428572,1874.157619047619,684.7166666666666,133.93714285714285,4.904761904761905,3
blk_5365186434949144118,0.7229,HIGH,CRITICAL,packet_responder,Resource Exhaustion,Resource Exhaustion | Memory Pressure | Service Degradation | Network Congestion | Disk Bottleneck | Software Fault,CPU=89.5% | Memory=81.5% | ResponseTime=1619ms | Latency=661ms | DiskIO=129.6MB/s | Errors=5.0,6,89.51692307692308,81.48307692307692,1618.955384615385,660.5276923076924,129.6153846153846,5.0,3
blk_7816926915214177014,0.7228,HIGH,CRITICAL,packet_responder,Resource Exhaustion,Resource Exhaustion | Memory Pressure | Service Degradation | Network Congestion | Disk Bottleneck | Software Fault | Repeated Failures,CPU=85.9% | Memory=83.9% | ResponseTime=1646ms | Latency=635ms | DiskIO=153.0MB/s | Errors=5.4 | FailedEvents=4,7,85.88666666666667,83.87666666666668,1646.37,634.672,152.95600000000002,5.4,4
blk_-1547954353065580372,0.7225,HIGH,CRITICAL,packet_responder,Resource Exhaustion,Resource Exhaustion | Memory Pressure | Service Degradation | Network Congestion | Disk Bottleneck | Software Fault | Repeated Failures,CPU=87.7% | Memory=78.9% | ResponseTime=1860ms | Latency=711ms | DiskIO=122.9MB/s | Errors=5.1 | FailedEvents=4,7,87.67666666666668,78.88799999999999,1859.7486666666664,710.654,122.89933333333332,5.133333333333334,4
blk_-7057732666118938934,0.7225,HIGH,CRITICAL,datanode_service,Resource Exhaustion,Resource Exhaustion | Memory Pressure | Service Degradation | Network Congestion | Disk Bottleneck | Software Fault,CPU=88.5% | Memory=80.4% | ResponseTime=1748ms | Latency=625ms | DiskIO=133.4MB/s | Errors=5.2,6,88.48428571428572,80.40190476190476,1748.3090476190475,625.1800000000001,133.4452380952381,5.238095238095238,3
blk_848973434635485874,0.7224,HIGH,CRITICAL,namenode_service,Resource Exhaustion,Resource Exhaustion | Memory Pressure | Service Degradation | Network Congestion | Disk Bottleneck | Software Fault | Repeated Failures,CPU=86.1% | Memory=82.3% | ResponseTime=1648ms | Latency=599ms | DiskIO=130.0MB/s | Errors=5.0 | FailedEvents=4,7,86.0805,82.333,1648.177,598.6575,129.9725,5.0,4
blk_8608502302378900202,0.7222,HIGH,CRITICAL,namenode_service,Resource Exhaustion,Resource Exhaustion | Memory Pressure | Service Degradation | Network Congestion | Disk Bottleneck | Software Fault | Repeated Failures,CPU=88.6% | Memory=83.5% | ResponseTime=1678ms | Latency=544ms | DiskIO=139.6MB/s | Errors=4.8 | FailedEvents=4,7,88.628,83.5125,1678.041,544.2479999999999,139.613,4.85,4
blk_-8592783146128373201,0.7222,HIGH,CRITICAL,datanode_service,Resource Exhaustion,Resource Exhaustion | Memory Pressure | Service Degradation | Network Congestion | Disk Bottleneck | Software Fault | Repeated Failures,CPU=87.1% | Memory=84.2% | ResponseTime=1838ms | Latency=580ms | DiskIO=134.1MB/s | Errors=4.8 | FailedEvents=5,7,87.12375,84.20875,1837.66625,579.79875,134.1425,4.75,5
blk_8850105819968430651,0.7222,HIGH,CRITICAL,datanode_service,Resource Exhaustion,Resource Exhaustion | Memory Pressure | Service Degradation | Network Congestion | Disk Bottleneck | Software Fault,CPU=90.9% | Memory=81.5% | ResponseTime=1896ms | Latency=592ms | DiskIO=148.6MB/s | Errors=5.4,6,90.93333333333332,81.4747619047619,1895.56,592.3466666666667,148.61380952380952,5.380952380952381,3
blk_5859258706708876420,0.722,HIGH,CRITICAL,namenode_service,Resource Exhaustion,Resource Exhaustion | Memory Pressure | Service Degradation | Network Congestion | Disk Bottleneck | Software Fault | Repeated Failures,CPU=86.1% | Memory=82.2% | ResponseTime=1816ms | Latency=669ms | DiskIO=125.2MB/s | Errors=5.0 | FailedEvents=4,7,86.118,82.1755,1816.395,669.0350000000001,125.24949999999998,5.05,4
blk_8240034805238412376,0.7219,HIGH,CRITICAL,packet_responder,Resource Exhaustion,Resource Exhaustion | Memory Pressure | Service Degradation | Network Congestion | Disk Bottleneck | Software Fault | Repeated Failures,CPU=85.7% | Memory=81.3% | ResponseTime=1828ms | Latency=571ms | DiskIO=148.1MB/s | Errors=5.0 | FailedEvents=4,7,85.72928571428572,81.30214285714285,1827.9592857142857,571.29,148.13357142857143,5.0,4
blk_8386155670234862721,0.7218,HIGH,CRITICAL,datanode_service,Resource Exhaustion,Resource Exhaustion | Memory Pressure | Service Degradation | Network Congestion | Disk Bottleneck | Software Fault | Repeated Failures,CPU=86.7% | Memory=78.4% | ResponseTime=1728ms | Latency=627ms | DiskIO=139.9MB/s | Errors=4.9 | FailedEvents=5,7,86.65,78.3725,1728.335625,627.12375,139.8725,4.9375,5
blk_8144841232242618041,0.7217,HIGH,CRITICAL,packet_responder,Resource Exhaustion,Resource Exhaustion | Memory Pressure | Service Degradation | Network Congestion | Disk Bottleneck | Software Fault,CPU=90.7% | Memory=83.5% | ResponseTime=1614ms | Latency=728ms | DiskIO=141.6MB/s | Errors=4.8,6,90.73538461538462,83.4876923076923,1613.7007692307693,727.63,141.63615384615383,4.769230769230769,3
blk_8783868643333860956,0.7217,HIGH,CRITICAL,packet_responder,Resource Exhaustion,Resource Exhaustion | Memory Pressure | Service Degradation | Network Congestion | Disk Bottleneck | Software Fault,CPU=85.9% | Memory=80.7% | ResponseTime=1718ms | Latency=771ms | DiskIO=141.9MB/s | Errors=4.4,6,85.92692307692307,80.7423076923077,1718.2884615384614,771.2784615384614,141.94538461538465,4.384615384615385,3
blk_1692120908097027760,0.7216,HIGH,CRITICAL,datanode_service,Resource Exhaustion,Resource Exhaustion | Memory Pressure | Service Degradation | Network Congestion | Disk Bottleneck | Software Fault | Repeated Failures,CPU=84.6% | Memory=80.4% | ResponseTime=1720ms | Latency=700ms | DiskIO=136.0MB/s | Errors=5.1 | FailedEvents=5,7,84.57000000000001,80.41058823529411,1720.3182352941176,699.8352941176471,136.02294117647057,5.0588235294117645,5
blk_7859032812867403399,0.7216,HIGH,CRITICAL,datanode_service,Resource Exhaustion,Resource Exhaustion | Memory Pressure | Service Degradation | Network Congestion | Disk Bottleneck | Software Fault,CPU=88.1% | Memory=82.5% | ResponseTime=1895ms | Latency=616ms | DiskIO=148.3MB/s | Errors=5.6,6,88.10714285714286,82.46285714285715,1894.5466666666669,616.1533333333333,148.29285714285714,5.571428571428571,3
blk_8594880095852495695,0.7215,HIGH,CRITICAL,packet_responder,Resource Exhaustion,Resource Exhaustion | Memory Pressure | Service Degradation | Network Congestion | Disk Bottleneck | Software Fault,CPU=85.7% | Memory=79.9% | ResponseTime=1862ms | Latency=577ms | DiskIO=144.4MB/s | Errors=4.8,6,85.68923076923078,79.89692307692309,1862.202307692308,576.7153846153847,144.39769230769232,4.769230769230769,3
blk_132633656123110022,0.7213,HIGH,CRITICAL,packet_responder,Resource Exhaustion,Resource Exhaustion | Memory Pressure | Service Degradation | Network Congestion | Disk Bottleneck | Software Fault,CPU=86.4% | Memory=80.2% | ResponseTime=2061ms | Latency=640ms | DiskIO=155.4MB/s | Errors=4.5,6,86.40384615384616,80.1623076923077,2061.4715384615383,640.2838461538462,155.40846153846152,4.538461538461538,3
blk_-8906313827510278686,0.7213,HIGH,CRITICAL,packet_responder,Resource Exhaustion,Resource Exhaustion | Memory Pressure | Service Degradation | Network Congestion | Disk Bottleneck | Software Fault,CPU=87.9% | Memory=81.6% | ResponseTime=1944ms | Latency=579ms | DiskIO=140.7MB/s | Errors=4.9,6,87.92999999999999,81.59615384615384,1944.2823076923075,578.7615384615384,140.73692307692306,4.923076923076923,3
blk_8293844257258679343,0.7213,HIGH,CRITICAL,packet_responder,Resource Exhaustion,Resource Exhaustion | Memory Pressure | Service Degradation | Network Congestion | Disk Bottleneck | Software Fault,CPU=90.2% | Memory=81.0% | ResponseTime=1806ms | Latency=592ms | DiskIO=156.4MB/s | Errors=4.7,6,90.2146153846154,81.01923076923077,1805.6184615384616,592.0038461538462,156.44230769230768,4.6923076923076925,3
blk_8841101419103300225,0.7211,HIGH,CRITICAL,packet_responder,Resource Exhaustion,Resource Exhaustion | Memory Pressure | Service Degradation | Network Congestion | Disk Bottleneck | Software Fault,CPU=86.9% | Memory=82.6% | ResponseTime=1839ms | Latency=612ms | DiskIO=138.2MB/s | Errors=5.1,6,86.94769230769231,82.60769230769232,1838.6253846153847,611.6884615384615,138.17461538461538,5.076923076923077,3
blk_-470412845504875529,0.721,HIGH,CRITICAL,packet_responder,Resource Exhaustion,Resource Exhaustion | Memory Pressure | Service Degradation | Network Congestion | Disk Bottleneck | Software Fault,CPU=89.7% | Memory=81.9% | ResponseTime=1823ms | Latency=565ms | DiskIO=147.6MB/s | Errors=5.1,6,89.68571428571428,81.91928571428572,1822.7764285714288,565.3242857142857,147.59142857142857,5.071428571428571,3
blk_-9067309629944611736,0.721,HIGH,CRITICAL,datanode_service,Resource Exhaustion,Resource Exhaustion | Memory Pressure | Service Degradation | Network Congestion | Disk Bottleneck | Software Fault,CPU=86.9% | Memory=82.3% | ResponseTime=1756ms | Latency=646ms | DiskIO=140.3MB/s | Errors=5.2,6,86.88952380952381,82.32904761904763,1756.2376190476189,646.2828571428572,140.28380952380954,5.190476190476191,3
blk_883390173993705142,0.7206,HIGH,CRITICAL,namenode_service,Resource Exhaustion,Resource Exhaustion | Memory Pressure | Service Degradation | Network Congestion | Disk Bottleneck | Software Fault | Repeated Failures,CPU=84.6% | Memory=82.0% | ResponseTime=1781ms | Latency=581ms | DiskIO=136.0MB/s | Errors=5.6 | FailedEvents=4,7,84.6455,81.98049999999999,1780.755,581.3395,136.0445,5.6,4
blk_8142283193114313085,0.7203,HIGH,CRITICAL,packet_responder,Resource Exhaustion,Resource Exhaustion | Memory Pressure | Service Degradation | Network Congestion | Disk Bottleneck | Software Fault,CPU=85.9% | Memory=81.3% | ResponseTime=2023ms | Latency=675ms | DiskIO=139.8MB/s | Errors=5.8,6,85.90923076923076,81.28615384615385,2022.6638461538464,675.3246153846153,139.78307692307692,5.769230769230769,3
blk_8449671276190277764,0.7203,HIGH,CRITICAL,packet_responder,Resource Exhaustion,Resource Exhaustion | Memory Pressure | Service Degradation | Network Congestion | Disk Bottleneck | Software Fault,CPU=87.9% | Memory=81.3% | ResponseTime=1836ms | Latency=551ms | DiskIO=145.8MB/s | Errors=4.4,6,87.87692307692308,81.29307692307692,1835.6415384615384,551.2146153846154,145.82153846153844,4.384615384615385,3
blk_2305044551910943801,0.7202,HIGH,CRITICAL,packet_responder,Resource Exhaustion,Resource Exhaustion | Memory Pressure | Service Degradation | Network Congestion | Disk Bottleneck | Software Fault,CPU=85.3% | Memory=81.4% | ResponseTime=1827ms | Latency=581ms | DiskIO=146.3MB/s | Errors=4.9,6,85.26076923076923,81.44923076923077,1826.6207692307687,581.2223076923076,146.31307692307692,4.923076923076923,3
blk_872694497849122755,0.7201,HIGH,CRITICAL,datanode_service,Resource Exhaustion,Resource Exhaustion | Memory Pressure | Service Degradation | Network Congestion | Disk Bottleneck | Software Fault | Repeated Failures,CPU=85.2% | Memory=83.0% | ResponseTime=1819ms | Latency=680ms | DiskIO=142.8MB/s | Errors=4.6 | FailedEvents=6,7,85.20157894736842,83.03947368421052,1818.7121052631576,679.5652631578947,142.84842105263158,4.631578947368421,6
blk_7951884590850562414,0.7201,HIGH,CRITICAL,packet_responder,Resource Exhaustion,Resource Exhaustion | Memory Pressure | Service Degradation | Network Congestion | Disk Bottleneck | Software Fault,CPU=87.4% | Memory=85.2% | ResponseTime=1592ms | Latency=635ms | DiskIO=138.4MB/s | Errors=5.0,6,87.37846153846155,85.23615384615384,1592.1653846153847,635.1653846153846,138.42307692307693,5.0,3
blk_315685952352619727,0.72,HIGH,CRITICAL,datanode_service,Resource Exhaustion,Resource Exhaustion | Memory Pressure | Service Degradation | Network Congestion | Disk Bottleneck | Software Fault,CPU=87.6% | Memory=82.5% | ResponseTime=1876ms | Latency=622ms | DiskIO=143.7MB/s | Errors=4.9,6,87.62352941176471,82.48529411764706,1876.2276470588235,622.48,143.69235294117647,4.882352941176471,3
blk_5105314033876471150,0.7198,HIGH,CRITICAL,packet_responder,Resource Exhaustion,Resource Exhaustion | Memory Pressure | Service Degradation | Network Congestion | Disk Bottleneck | Software Fault,CPU=85.2% | Memory=84.6% | ResponseTime=1726ms | Latency=617ms | DiskIO=131.9MB/s | Errors=4.8,6,85.23384615384614,84.60538461538461,1725.670769230769,616.6,131.92538461538462,4.769230769230769,3
blk_8014635294688388136,0.7198,HIGH,CRITICAL,packet_responder,Resource Exhaustion,Resource Exhaustion | Memory Pressure | Service Degradation | Network Congestion | Disk Bottleneck | Software Fault,CPU=88.8% | Memory=83.3% | ResponseTime=1845ms | Latency=643ms | DiskIO=143.9MB/s | Errors=5.2,6,88.80307692307693,83.2523076923077,1845.168461538461,642.9192307692308,143.88846153846154,5.153846153846154,3
blk_1888344106553545398,0.7197,HIGH,CRITICAL,packet_responder,Resource Exhaustion,Resource Exhaustion | Memory Pressure | Service Degradation | Network Congestion | Disk Bottleneck | Software Fault,CPU=86.5% | Memory=83.3% | ResponseTime=1781ms | Latency=604ms | DiskIO=138.1MB/s | Errors=5.4,6,86.45214285714285,83.27499999999999,1781.1485714285716,604.1428571428571,138.10142857142858,5.428571428571429,3
blk_8603591900851525088,0.7194,HIGH,CRITICAL,packet_responder,Resource Exhaustion,Resource Exhaustion | Memory Pressure | Service Degradation | Network Congestion | Disk Bottleneck | Software Fault | Repeated Failures,CPU=87.5% | Memory=80.4% | ResponseTime=1689ms | Latency=666ms | DiskIO=136.5MB/s | Errors=5.6 | FailedEvents=4,7,87.476875,80.400625,1689.27,665.58625,136.515,5.5625,4
blk_8085678596604697115,0.7193,HIGH,CRITICAL,packet_responder,Resource Exhaustion,Resource Exhaustion | Memory Pressure | Service Degradation | Network Congestion | Disk Bottleneck | Software Fault,CPU=87.2% | Memory=80.7% | ResponseTime=1897ms | Latency=552ms | DiskIO=130.4MB/s | Errors=5.4,6,87.19153846153846,80.66153846153846,1896.8769230769235,551.7069230769231,130.44692307692307,5.384615384615385,3
blk_3050134249169418639,0.7193,HIGH,CRITICAL,datanode_service,Resource Exhaustion,Resource Exhaustion | Memory Pressure | Service Degradation | Network Congestion | Disk Bottleneck | Software Fault,CPU=83.2% | Memory=82.7% | ResponseTime=2024ms | Latency=601ms | DiskIO=147.6MB/s | Errors=4.7,6,83.15238095238095,82.66619047619048,2023.8771428571429,601.3442857142857,147.6104761904762,4.714285714285714,3
blk_906909961436300670,0.7193,HIGH,CRITICAL,datanode_service,Resource Exhaustion,Resource Exhaustion | Memory Pressure | Service Degradation | Network Congestion | Disk Bottleneck | Software Fault,CPU=90.3% | Memory=81.9% | ResponseTime=1841ms | Latency=649ms | DiskIO=137.2MB/s | Errors=5.0,6,90.31666666666668,81.90142857142857,1840.6738095238093,648.9842857142858,137.15238095238095,5.0,3
blk_6827227789958204337,0.7192,HIGH,CRITICAL,datanode_service,Resource Exhaustion,Resource Exhaustion | Memory Pressure | Service Degradation | Network Congestion | Disk Bottleneck | Software Fault,CPU=85.3% | Memory=80.2% | ResponseTime=1828ms | Latency=598ms | DiskIO=138.4MB/s | Errors=5.0,6,85.30857142857143,80.19238095238094,1827.574761904762,598.3285714285714,138.3542857142857,4.9523809523809526,3
blk_-3665449654583060430,0.7192,HIGH,CRITICAL,packet_responder,Resource Exhaustion,Resource Exhaustion | Memory Pressure | Service Degradation | Network Congestion | Disk Bottleneck | Software Fault,CPU=85.7% | Memory=79.6% | ResponseTime=1715ms | Latency=659ms | DiskIO=141.4MB/s | Errors=5.1,6,85.69692307692307,79.63076923076923,1714.783076923077,658.8746153846153,141.35692307692307,5.076923076923077,3
blk_9035869480030726062,0.7191,HIGH,CRITICAL,packet_responder,Resource Exhaustion,Resource Exhaustion | Memory Pressure | Service Degradation | Network Congestion | Disk Bottleneck | Software Fault,CPU=85.6% | Memory=80.3% | ResponseTime=1932ms | Latency=592ms | DiskIO=146.7MB/s | Errors=5.1,6,85.60461538461537,80.27307692307691,1931.757692307692,591.9907692307693,146.7069230769231,5.076923076923077,3
blk_-7742978040630443012,0.7191,HIGH,CRITICAL,packet_responder,Resource Exhaustion,Resource Exhaustion | Memory Pressure | Service Degradation | Network Congestion | Disk Bottleneck | Software Fault,CPU=85.9% | Memory=79.7% | ResponseTime=1892ms | Latency=586ms | DiskIO=143.8MB/s | Errors=5.4,6,85.86769230769231,79.74307692307693,1891.695384615385,585.9607692307692,143.75923076923075,5.384615384615385,3
blk_4466415175131854449,0.7191,HIGH,CRITICAL,packet_responder,Resource Exhaustion,Resource Exhaustion | Memory Pressure | Service Degradation | Network Congestion | Disk Bottleneck | Software Fault,CPU=90.4% | Memory=84.8% | ResponseTime=1838ms | Latency=588ms | DiskIO=140.5MB/s | Errors=5.2,6,90.35769230769232,84.76384615384616,1838.3223076923075,587.5592307692308,140.48692307692306,5.153846153846154,3
blk_7744384859145599898,0.7187,HIGH,CRITICAL,namenode_service,Resource Exhaustion,Resource Exhaustion | Memory Pressure | Service Degradation | Network Congestion | Disk Bottleneck | Software Fault | Repeated Failures,CPU=86.8% | Memory=81.5% | ResponseTime=1688ms | Latency=571ms | DiskIO=138.7MB/s | Errors=4.9 | FailedEvents=4,7,86.81142857142858,81.45857142857143,1687.8557142857142,570.9189285714285,138.6807142857143,4.892857142857143,4
blk_8178350735925918359,0.7187,HIGH,CRITICAL,packet_responder,Resource Exhaustion,Resource Exhaustion | Memory Pressure | Service Degradation | Network Congestion | Disk Bottleneck | Software Fault | Repeated Failures,CPU=85.8% | Memory=82.3% | ResponseTime=1795ms | Latency=587ms | DiskIO=142.6MB/s | Errors=4.7 | FailedEvents=4,7,85.84333333333333,82.316,1794.6753333333334,586.5626666666667,142.624,4.666666666666667,4
blk_-401303441822095974,0.7187,HIGH,CRITICAL,datanode_service,Resource Exhaustion,Resource Exhaustion | Memory Pressure | Service Degradation | Network Congestion | Disk Bottleneck | Software Fault,CPU=86.3% | Memory=83.2% | ResponseTime=1760ms | Latency=558ms | DiskIO=129.9MB/s | Errors=5.2,6,86.33428571428571,83.15666666666667,1760.0728571428572,557.6423809523809,129.87428571428572,5.238095238095238,3
blk_1549832952118614534,0.7186,HIGH,CRITICAL,datanode_service,Resource Exhaustion,Resource Exhaustion | Memory Pressure | Service Degradation | Network Congestion | Disk Bottleneck | Software Fault,CPU=88.3% | Memory=83.0% | ResponseTime=1855ms | Latency=620ms | DiskIO=146.6MB/s | Errors=4.5,6,88.30428571428571,83.02666666666667,1855.2119047619049,620.2457142857143,146.56047619047618,4.523809523809524,3
blk_-8783137537535861342,0.7183,HIGH,CRITICAL,packet_responder,Resource Exhaustion,Resource Exhaustion | Memory Pressure | Service Degradation | Network Congestion | Disk Bottleneck | Software Fault,CPU=87.7% | Memory=83.2% | ResponseTime=1683ms | Latency=505ms | DiskIO=129.7MB/s | Errors=5.2,6,87.65923076923076,83.2046153846154,1683.2853846153846,504.8346153846154,129.66230769230768,5.230769230769231,3
blk_-299674282465425293,0.7182,HIGH,CRITICAL,packet_responder,Resource Exhaustion,Resource Exhaustion | Memory Pressure | Service Degradation | Network Congestion | Disk Bottleneck | Software Fault,CPU=87.2% | Memory=84.6% | ResponseTime=1787ms | Latency=613ms | DiskIO=148.5MB/s | Errors=4.5,6,87.23,84.61615384615385,1787.276923076923,613.2646153846155,148.46615384615384,4.538461538461538,3
blk_8391490706717686739,0.7181,HIGH,CRITICAL,packet_responder,Resource Exhaustion,Resource Exhaustion | Memory Pressure | Service Degradation | Network Congestion | Disk Bottleneck | Software Fault | Repeated Failures,CPU=87.1% | Memory=83.1% | ResponseTime=1836ms | Latency=608ms | DiskIO=137.5MB/s | Errors=5.4 | FailedEvents=4,7,87.081875,83.061875,1836.085625,608.421875,137.495625,5.4375,4
blk_-2251463203494491643,0.7181,HIGH,CRITICAL,packet_responder,Resource Exhaustion,Resource Exhaustion | Memory Pressure | Service Degradation | Network Congestion | Disk Bottleneck | Software Fault | Repeated Failures,CPU=83.5% | Memory=83.2% | ResponseTime=1873ms | Latency=599ms | DiskIO=147.8MB/s | Errors=4.7 | FailedEvents=4,7,83.47133333333333,83.24266666666668,1872.554666666667,599.4066666666666,147.8093333333333,4.733333333333333,4
blk_-39871031604524370,0.7181,HIGH,CRITICAL,datanode_service,Resource Exhaustion,Resource Exhaustion | Memory Pressure | Service Degradation | Network Congestion | Disk Bottleneck | Software Fault,CPU=85.5% | Memory=83.9% | ResponseTime=1903ms | Latency=610ms | DiskIO=134.4MB/s | Errors=5.2,6,85.53705882352942,83.85117647058824,1903.4282352941173,610.2576470588235,134.4235294117647,5.235294117647059,3
blk_4669445121891068582,0.7181,HIGH,CRITICAL,datanode_service,Resource Exhaustion,Resource Exhaustion | Memory Pressure | Service Degradation | Network Congestion | Disk Bottleneck | Software Fault,CPU=85.2% | Memory=82.9% | ResponseTime=1734ms | Latency=612ms | DiskIO=149.5MB/s | Errors=5.6,6,85.17428571428572,82.91190476190476,1734.107142857143,612.3576190476191,149.49714285714285,5.571428571428571,3
blk_7865818174831484581,0.7179,HIGH,CRITICAL,packet_responder,Resource Exhaustion,Resource Exhaustion | Memory Pressure | Service Degradation | Network Congestion | Disk Bottleneck | Software Fault,CPU=87.9% | Memory=81.7% | ResponseTime=1611ms | Latency=610ms | DiskIO=135.9MB/s | Errors=5.7,6,87.92800000000001,81.68533333333333,1610.932,609.6826666666667,135.91333333333333,5.666666666666667,3
blk_2589739521853512495,0.7178,HIGH,CRITICAL,datanode_service,Resource Exhaustion,Resource Exhaustion | Memory Pressure | Service Degradation | Network Congestion | Disk Bottleneck | Software Fault,CPU=87.4% | Memory=83.2% | ResponseTime=1783ms | Latency=605ms | DiskIO=146.3MB/s | Errors=4.3,6,87.4095238095238,83.20523809523809,1782.827142857143,605.2461904761905,146.26809523809524,4.285714285714286,3
blk_-7398458179586194792,0.7176,HIGH,CRITICAL,datanode_service,Resource Exhaustion,Resource Exhaustion | Memory Pressure | Service Degradation | Network Congestion | Disk Bottleneck | Software Fault,CPU=84.7% | Memory=81.4% | ResponseTime=1872ms | Latency=572ms | DiskIO=143.5MB/s | Errors=5.0,6,84.71000000000001,81.42238095238095,1871.8638095238096,571.9161904761904,143.4790476190476,5.047619047619048,3
blk_-5547543708787709558,0.7175,HIGH,CRITICAL,packet_responder,Resource Exhaustion,Resource Exhaustion | Memory Pressure | Service Degradation | Network Congestion | Disk Bottleneck | Software Fault,CPU=85.8% | Memory=82.1% | ResponseTime=1955ms | Latency=586ms | DiskIO=128.3MB/s | Errors=5.6,6,85.79384615384615,82.12076923076923,1955.0576923076924,585.8230769230769,128.32,5.615384615384615,3
blk_-7600891299289205196,0.7174,HIGH,CRITICAL,packet_responder,Resource Exhaustion,Resource Exhaustion | Memory Pressure | Service Degradation | Network Congestion | Disk Bottleneck | Software Fault | Repeated Failures,CPU=88.4% | Memory=82.6% | ResponseTime=1857ms | Latency=535ms | DiskIO=143.9MB/s | Errors=5.3 | FailedEvents=4,7,88.432,82.62333333333332,1857.0673333333327,535.428,143.90333333333334,5.266666666666667,4
blk_-4509092526264320136,0.7174,HIGH,CRITICAL,namenode_service,Resource Exhaustion,Resource Exhaustion | Memory Pressure | Service Degradation | Network Congestion | Disk Bottleneck | Software Fault | Repeated Failures,CPU=84.4% | Memory=82.6% | ResponseTime=1727ms | Latency=609ms | DiskIO=150.1MB/s | Errors=5.2 | FailedEvents=4,7,84.36821428571429,82.55785714285715,1726.59,609.1364285714286,150.0635714285714,5.214285714285714,4
blk_-8990396203057646559,0.7174,HIGH,CRITICAL,packet_responder,Resource Exhaustion,Resource Exhaustion | Memory Pressure | Service Degradation | Network Congestion | Disk Bottleneck | Software Fault,CPU=89.7% | Memory=81.9% | ResponseTime=1640ms | Latency=647ms | DiskIO=144.8MB/s | Errors=4.9,6,89.7192857142857,81.92071428571428,1640.2521428571429,647.2578571428572,144.83785714285713,4.928571428571429,3
blk_-6022606683774983643,0.7173,HIGH,CRITICAL,packet_responder,Resource Exhaustion,Resource Exhaustion | Memory Pressure | Service Degradation | Network Congestion | Disk Bottleneck | Software Fault,CPU=87.5% | Memory=84.9% | ResponseTime=1945ms | Latency=670ms | DiskIO=136.2MB/s | Errors=4.8,6,87.51,84.91615384615385,1944.658461538461,669.5076923076923,136.21692307692308,4.846153846153846,3
blk_-7385230733907457822,0.7172,HIGH,CRITICAL,packet_responder,Resource Exhaustion,Resource Exhaustion | Memory Pressure | Service Degradation | Network Congestion | Disk Bottleneck | Software Fault,CPU=86.8% | Memory=84.8% | ResponseTime=1658ms | Latency=649ms | DiskIO=131.3MB/s | Errors=4.1,6,86.77230769230769,84.82615384615384,1658.436923076923,648.7807692307692,131.29,4.076923076923077,3
blk_2777547556189502259,0.717,HIGH,CRITICAL,packet_responder,Resource Exhaustion,Resource Exhaustion | Memory Pressure | Service Degradation | Network Congestion | Disk Bottleneck | Software Fault,CPU=89.0% | Memory=86.2% | ResponseTime=1761ms | Latency=562ms | DiskIO=132.3MB/s | Errors=4.8,6,88.97714285714287,86.24928571428572,1760.7800000000002,562.2507142857143,132.32571428571427,4.785714285714286,3
blk_-7628397054451158354,0.7169,HIGH,CRITICAL,packet_responder,Resource Exhaustion,Resource Exhaustion | Memory Pressure | Service Degradation | Network Congestion | Disk Bottleneck | Software Fault,CPU=86.6% | Memory=83.5% | ResponseTime=1818ms | Latency=545ms | DiskIO=136.6MB/s | Errors=5.1,6,86.56285714285715,83.48642857142856,1818.3607142857145,545.2014285714286,136.58857142857144,5.071428571428571,3
blk_-8019384396102909611,0.7169,HIGH,CRITICAL,packet_responder,Resource Exhaustion,Resource Exhaustion | Memory Pressure | Service Degradation | Network Congestion | Disk Bottleneck | Software Fault,CPU=88.2% | Memory=85.1% | ResponseTime=1586ms | Latency=645ms | DiskIO=136.0MB/s | Errors=5.3,6,88.24307692307693,85.11076923076924,1586.1838461538462,644.9984615384615,136.0253846153846,5.307692307692308,3
blk_-186449692016201490,0.7168,HIGH,CRITICAL,datanode_service,Resource Exhaustion,Resource Exhaustion | Memory Pressure | Service Degradation | Network Congestion | Disk Bottleneck | Software Fault | Repeated Failures,CPU=87.9% | Memory=82.6% | ResponseTime=1810ms | Latency=575ms | DiskIO=145.4MB/s | Errors=4.3 | FailedEvents=4,7,87.87227272727273,82.5840909090909,1809.509090909091,575.2309090909091,145.3622727272727,4.2727272727272725,4
blk_8076232912516551236,0.7168,HIGH,CRITICAL,packet_responder,Resource Exhaustion,Resource Exhaustion | Memory Pressure | Service Degradation | Network Congestion | Disk Bottleneck | Software Fault,CPU=83.9% | Memory=81.5% | ResponseTime=1548ms | Latency=578ms | DiskIO=148.1MB/s | Errors=5.4,6,83.91923076923078,81.51692307692308,1547.723076923077,577.7992307692307,148.08692307692306,5.384615384615385,3
blk_5872945912132740080,0.7167,HIGH,CRITICAL,packet_responder,Resource Exhaustion,Resource Exhaustion | Memory Pressure | Service Degradation | Network Congestion | Disk Bottleneck | Software Fault | Repeated Failures,CPU=86.3% | Memory=84.9% | ResponseTime=1543ms | Latency=670ms | DiskIO=141.2MB/s | Errors=5.3 | FailedEvents=4,7,86.31428571428572,84.92928571428571,1542.662857142857,669.8492857142857,141.23285714285714,5.285714285714286,4
blk_-7689115998181195743,0.7167,HIGH,CRITICAL,packet_responder,Resource Exhaustion,Resource Exhaustion | Memory Pressure | Service Degradation | Network Congestion | Disk Bottleneck | Software Fault | Repeated Failures,CPU=86.6% | Memory=81.3% | ResponseTime=1864ms | Latency=703ms | DiskIO=138.6MB/s | Errors=5.1 | FailedEvents=4,7,86.56733333333334,81.32466666666666,1864.2673333333332,703.4426666666666,138.56533333333334,5.066666666666666,4
blk_93783987352198596,0.7166,HIGH,CRITICAL,datanode_service,Resource Exhaustion,Resource Exhaustion | Memory Pressure | Service Degradation | Network Congestion | Disk Bottleneck | Software Fault | Repeated Failures,CPU=87.1% | Memory=82.2% | ResponseTime=1770ms | Latency=599ms | DiskIO=136.7MB/s | Errors=4.9 | FailedEvents=4,7,87.11772727272727,82.21454545454546,1769.978181818182,599.1072727272727,136.7068181818182,4.863636363636363,4
blk_8167133920493961033,0.7166,HIGH,CRITICAL,packet_responder,Resource Exhaustion,Resource Exhaustion | Memory Pressure | Service Degradation | Network Congestion | Disk Bottleneck | Software Fault,CPU=88.9% | Memory=81.6% | ResponseTime=1796ms | Latency=604ms | DiskIO=147.4MB/s | Errors=5.8,6,88.88384615384615,81.57461538461538,1796.4469230769232,603.9992307692307,147.42076923076922,5.846153846153846,3
blk_-5902810647818538566,0.7166,HIGH,CRITICAL,datanode_service,Resource Exhaustion,Resource Exhaustion | Memory Pressure | Service Degradation | Network Congestion | Disk Bottleneck | Software Fault,CPU=87.5% | Memory=82.0% | ResponseTime=1589ms | Latency=570ms | DiskIO=137.9MB/s | Errors=4.7,6,87.52333333333334,82.0104761904762,1588.66,570.1233333333333,137.92666666666668,4.666666666666667,3
blk_9044900396738187207,0.7165,HIGH,CRITICAL,packet_responder,Resource Exhaustion,Resource Exhaustion | Memory Pressure | Service Degradation | Network Congestion | Disk Bottleneck | Software Fault,CPU=85.2% | Memory=82.1% | ResponseTime=1604ms | Latency=577ms | DiskIO=129.9MB/s | Errors=4.9,6,85.23538461538462,82.14538461538463,1603.7961538461536,577.3361538461538,129.90692307692308,4.923076923076923,3
blk_692167975271429163,0.7164,HIGH,CRITICAL,namenode_service,Resource Exhaustion,Resource Exhaustion | Memory Pressure | Service Degradation | Network Congestion | Disk Bottleneck | Software Fault | Repeated Failures,CPU=85.9% | Memory=80.5% | ResponseTime=1673ms | Latency=611ms | DiskIO=128.4MB/s | Errors=5.8 | FailedEvents=4,7,85.907,80.47200000000001,1672.521,610.668,128.432,5.85,4
blk_8074764299476278402,0.7164,HIGH,CRITICAL,packet_responder,Resource Exhaustion,Resource Exhaustion | Memory Pressure | Service Degradation | Network Congestion | Disk Bottleneck | Software Fault | Repeated Failures,CPU=86.9% | Memory=81.0% | ResponseTime=1707ms | Latency=676ms | DiskIO=132.1MB/s | Errors=5.3 | FailedEvents=4,7,86.89857142857143,80.97214285714286,1706.6807142857142,676.3814285714286,132.10785714285714,5.285714285714286,4
blk_-533570301301432324,0.7164,HIGH,CRITICAL,datanode_service,Resource Exhaustion,Resource Exhaustion | Memory Pressure | Service Degradation | Network Congestion | Disk Bottleneck | Software Fault,CPU=86.2% | Memory=81.3% | ResponseTime=1763ms | Latency=557ms | DiskIO=149.1MB/s | Errors=5.3,6,86.20142857142858,81.30714285714286,1763.1480952380953,556.6090476190477,149.06714285714284,5.285714285714286,3
blk_9221184527699631149,0.7164,HIGH,CRITICAL,packet_responder,Resource Exhaustion,Resource Exhaustion | Memory Pressure | Service Degradation | Network Congestion | Disk Bottleneck | Software Fault,CPU=87.8% | Memory=82.6% | ResponseTime=1935ms | Latency=518ms | DiskIO=118.1MB/s | Errors=5.1,6,87.76384615384616,82.60076923076923,1934.673076923077,517.8369230769231,118.11923076923075,5.076923076923077,3
blk_-6224292292148434734,0.7163,HIGH,CRITICAL,datanode_service,Resource Exhaustion,Resource Exhaustion | Memory Pressure | Service Degradation | Network Congestion | Disk Bottleneck | Software Fault,CPU=88.0% | Memory=82.6% | ResponseTime=1618ms | Latency=603ms | DiskIO=125.0MB/s | Errors=5.7,6,87.99764705882353,82.63529411764705,1617.975294117647,602.5794117647059,125.00117647058823,5.705882352941177,3
blk_7993187890644835536,0.7162,HIGH,CRITICAL,datanode_service,Resource Exhaustion,Resource Exhaustion | Memory Pressure | Service Degradation | Network Congestion | Disk Bottleneck | Software Fault | Repeated Failures,CPU=86.8% | Memory=84.6% | ResponseTime=1866ms | Latency=557ms | DiskIO=134.2MB/s | Errors=5.4 | FailedEvents=5,7,86.795,84.573125,1866.433125,557.2225,134.236875,5.375,5
blk_-7306372637392334418,0.7162,HIGH,CRITICAL,datanode_service,Resource Exhaustion,Resource Exhaustion | Memory Pressure | Service Degradation | Network Congestion | Disk Bottleneck | Software Fault,CPU=84.1% | Memory=78.4% | ResponseTime=1834ms | Latency=650ms | DiskIO=129.3MB/s | Errors=4.3,6,84.09444444444445,78.36555555555555,1833.5455555555557,649.7494444444444,129.28166666666667,4.333333333333333,3
blk_-8692505341300910301,0.7161,HIGH,CRITICAL,packet_responder,Resource Exhaustion,Resource Exhaustion | Memory Pressure | Service Degradation | Network Congestion | Disk Bottleneck | Software Fault,CPU=89.0% | Memory=82.2% | ResponseTime=1755ms | Latency=563ms | DiskIO=136.4MB/s | Errors=5.3,6,89.01714285714286,82.17571428571429,1755.162857142857,563.2628571428571,136.435,5.285714285714286,3
blk_6649339985085650121,0.716,HIGH,CRITICAL,namenode_service,Resource Exhaustion,Resource Exhaustion | Memory Pressure | Service Degradation | Network Congestion | Disk Bottleneck | Software Fault | Repeated Failures,CPU=84.1% | Memory=84.9% | ResponseTime=1705ms | Latency=622ms | DiskIO=134.1MB/s | Errors=5.0 | FailedEvents=4,7,84.074,84.9185,1705.1619999999998,622.3835,134.112,4.95,4
blk_2749026664373761648,0.716,HIGH,CRITICAL,datanode_service,Resource Exhaustion,Resource Exhaustion | Memory Pressure | Service Degradation | Network Congestion | Disk Bottleneck | Software Fault,CPU=86.9% | Memory=81.7% | ResponseTime=1564ms | Latency=563ms | DiskIO=144.0MB/s | Errors=4.9,6,86.92666666666666,81.69428571428571,1563.540476190476,563.3957142857142,143.9842857142857,4.857142857142857,3
blk_-609616929829228112,0.7159,HIGH,CRITICAL,packet_responder,Resource Exhaustion,Resource Exhaustion | Memory Pressure | Service Degradation | Network Congestion | Disk Bottleneck | Software Fault | Repeated Failures,CPU=90.3% | Memory=84.5% | ResponseTime=1619ms | Latency=568ms | DiskIO=147.2MB/s | Errors=5.5 | FailedEvents=4,7,90.34642857142856,84.52714285714286,1618.505,567.9978571428571,147.23285714285717,5.5,4
blk_3696334728148948171,0.7159,HIGH,CRITICAL,datanode_service,Resource Exhaustion,Resource Exhaustion | Memory Pressure | Service Degradation | Network Congestion | Disk Bottleneck | Software Fault,CPU=89.7% | Memory=83.5% | ResponseTime=1779ms | Latency=576ms | DiskIO=148.8MB/s | Errors=4.5,6,89.72611111111111,83.54277777777777,1779.2483333333334,576.2911111111111,148.8011111111111,4.5,3
blk_8385981168332727134,0.7157,HIGH,CRITICAL,packet_responder,Resource Exhaustion,Resource Exhaustion | Memory Pressure | Service Degradation | Network Congestion | Disk Bottleneck | Software Fault,CPU=85.5% | Memory=82.0% | ResponseTime=1776ms | Latency=615ms | DiskIO=145.3MB/s | Errors=5.6,6,85.51,82.01,1775.7730769230768,615.4215384615384,145.25307692307692,5.615384615384615,3
blk_6787272778292904665,0.7156,HIGH,CRITICAL,datanode_service,Resource Exhaustion,Resource Exhaustion | Memory Pressure | Service Degradation | Network Congestion | Disk Bottleneck | Software Fault,CPU=86.2% | Memory=81.3% | ResponseTime=1821ms | Latency=550ms | DiskIO=139.1MB/s | Errors=5.4,6,86.24238095238096,81.29666666666667,1820.619523809524,550.0947619047619,139.0747619047619,5.380952380952381,3
blk_6366394750192544027,0.7155,HIGH,CRITICAL,packet_responder,Resource Exhaustion,Resource Exhaustion | Memory Pressure | Service Degradation | Network Congestion | Disk Bottleneck | Software Fault,CPU=88.2% | Memory=83.4% | ResponseTime=1799ms | Latency=622ms | DiskIO=141.8MB/s | Errors=5.6,6,88.17384615384616,83.35846153846154,1798.6592307692308,622.0253846153846,141.78307692307692,5.615384615384615,3
blk_3289716633338885559,0.7154,HIGH,CRITICAL,packet_responder,Resource Exhaustion,Resource Exhaustion | Memory Pressure | Service Degradation | Network Congestion | Disk Bottleneck | Software Fault | Repeated Failures,CPU=85.1% | Memory=82.6% | ResponseTime=1771ms | Latency=538ms | DiskIO=145.5MB/s | Errors=4.4 | FailedEvents=4,7,85.07266666666666,82.608,1770.9786666666666,537.782,145.47,4.4,4
blk_-1780534360683840107,0.7154,HIGH,CRITICAL,datanode_service,Resource Exhaustion,Resource Exhaustion | Memory Pressure | Service Degradation | Network Congestion | Disk Bottleneck | Software Fault,CPU=89.7% | Memory=83.0% | ResponseTime=2052ms | Latency=793ms | DiskIO=138.4MB/s | Errors=6.0,6,89.6825,82.955,2052.4875,792.7775,138.415,6.0,1
blk_9216544003932784678,0.7153,HIGH,CRITICAL,packet_responder,Resource Exhaustion,Resource Exhaustion | Memory Pressure | Service Degradation | Network Congestion | Disk Bottleneck | Software Fault,CPU=86.8% | Memory=81.5% | ResponseTime=1797ms | Latency=693ms | DiskIO=134.3MB/s | Errors=5.2,6,86.78076923076924,81.49153846153847,1797.3453846153843,693.2976923076924,134.3323076923077,5.153846153846154,3
blk_5244768171941869611,0.7153,HIGH,CRITICAL,packet_responder,Resource Exhaustion,Resource Exhaustion | Memory Pressure | Service Degradation | Network Congestion | Disk Bottleneck | Software Fault,CPU=94.7% | Memory=81.8% | ResponseTime=1688ms | Latency=531ms | DiskIO=128.8MB/s | Errors=4.8,6,94.71692307692308,81.78692307692307,1688.1538461538462,531.3976923076923,128.8153846153846,4.769230769230769,3
blk_8310266693567724842,0.7153,HIGH,CRITICAL,packet_responder,Resource Exhaustion,Resource Exhaustion | Memory Pressure | Service Degradation | Network Congestion | Disk Bottleneck | Software Fault,CPU=89.4% | Memory=82.1% | ResponseTime=1617ms | Latency=684ms | DiskIO=136.5MB/s | Errors=5.4,6,89.42615384615384,82.07384615384616,1617.11,684.1753846153847,136.4623076923077,5.384615384615385,3
blk_-2006782767408917261,0.7152,HIGH,CRITICAL,packet_responder,Resource Exhaustion,Resource Exhaustion | Memory Pressure | Service Degradation | Network Congestion | Disk Bottleneck | Software Fault,CPU=90.7% | Memory=82.5% | ResponseTime=1929ms | Latency=663ms | DiskIO=127.4MB/s | Errors=4.1,6,90.73692307692308,82.46230769230769,1928.882307692308,663.0561538461538,127.41461538461536,4.076923076923077,3
blk_-1615193203727166357,0.7152,HIGH,CRITICAL,packet_responder,Resource Exhaustion,Resource Exhaustion | Memory Pressure | Service Degradation | Network Congestion | Disk Bottleneck | Software Fault,CPU=85.9% | Memory=85.5% | ResponseTime=1520ms | Latency=660ms | DiskIO=144.0MB/s | Errors=5.2,6,85.91153846153846,85.52846153846153,1519.5961538461538,659.6023076923077,143.99307692307693,5.230769230769231,3
blk_4479034282221691265,0.7151,HIGH,CRITICAL,packet_responder,Resource Exhaustion,Resource Exhaustion | Memory Pressure | Service Degradation | Network Congestion | Disk Bottleneck | Software Fault,CPU=85.6% | Memory=84.6% | ResponseTime=1763ms | Latency=543ms | DiskIO=142.7MB/s | Errors=5.6,6,85.56,84.55307692307693,1762.7084615384615,543.4107692307692,142.66384615384615,5.615384615384615,3
blk_-7316152892303883522,0.7151,HIGH,CRITICAL,packet_responder,Resource Exhaustion,Resource Exhaustion | Memory Pressure | Service Degradation | Network Congestion | Disk Bottleneck | Software Fault,CPU=87.2% | Memory=86.8% | ResponseTime=1862ms | Latency=611ms | DiskIO=136.7MB/s | Errors=5.0,6,87.22230769230768,86.78615384615385,1861.945384615385,611.1084615384615,136.67846153846153,5.0,3
blk_9148442421530482614,0.715,HIGH,CRITICAL,datanode_service,Resource Exhaustion,Resource Exhaustion | Memory Pressure | Service Degradation | Network Congestion | Disk Bottleneck | Software Fault | Repeated Failures,CPU=86.4% | Memory=80.3% | ResponseTime=1672ms | Latency=603ms | DiskIO=146.8MB/s | Errors=4.9 | FailedEvents=5,7,86.41999999999999,80.3029411764706,1672.2994117647058,603.0758823529412,146.83117647058825,4.941176470588236,5
blk_9058263837749030301,0.7147,HIGH,CRITICAL,packet_responder,Resource Exhaustion,Resource Exhaustion | Memory Pressure | Service Degradation | Network Congestion | Disk Bottleneck | Software Fault,CPU=84.1% | Memory=81.4% | ResponseTime=1753ms | Latency=730ms | DiskIO=151.9MB/s | Errors=4.9,6,84.06076923076922,81.44999999999999,1753.1715384615384,729.9369230769231,151.90076923076924,4.923076923076923,3
blk_8799682561931742266,0.7146,HIGH,CRITICAL,packet_responder,Resource Exhaustion,Resource Exhaustion | Memory Pressure | Service Degradation | Network Congestion | Disk Bottleneck | Software Fault,CPU=83.4% | Memory=79.7% | ResponseTime=1799ms | Latency=633ms | DiskIO=162.2MB/s | Errors=4.6,6,83.38615384615385,79.7023076923077,1799.1007692307694,632.8761538461538,162.20153846153846,4.615384615384615,3
blk_-8864673682297964130,0.7146,HIGH,CRITICAL,datanode_service,Resource Exhaustion,Resource Exhaustion | Memory Pressure | Service Degradation | Network Congestion | Disk Bottleneck | Software Fault,CPU=93.6% | Memory=85.8% | ResponseTime=1776ms | Latency=744ms | DiskIO=129.5MB/s | Errors=5.8,6,93.595,85.775,1775.6425,744.4675,129.4675,5.75,1
blk_8822775702627284108,0.7145,HIGH,CRITICAL,packet_responder,Resource Exhaustion,Resource Exhaustion | Memory Pressure | Service Degradation | Network Congestion | Disk Bottleneck | Software Fault,CPU=88.8% | Memory=86.2% | ResponseTime=1613ms | Latency=592ms | DiskIO=136.9MB/s | Errors=5.0,6,88.81333333333333,86.22133333333333,1613.2659999999998,591.5553333333334,136.9226666666667,5.0,3
blk_1671779663447174401,0.7145,HIGH,CRITICAL,packet_responder,Resource Exhaustion,Resource Exhaustion | Memory Pressure | Service Degradation | Network Congestion | Disk Bottleneck | Software Fault,CPU=87.5% | Memory=80.6% | ResponseTime=1656ms | Latency=589ms | DiskIO=128.8MB/s | Errors=5.4,6,87.52071428571428,80.62714285714286,1656.125,588.5821428571428,128.78214285714287,5.357142857142857,3
blk_8669216175735562689,0.7143,HIGH,CRITICAL,packet_responder,Resource Exhaustion,Resource Exhaustion | Memory Pressure | Service Degradation | Network Congestion | Disk Bottleneck | Software Fault,CPU=86.3% | Memory=77.8% | ResponseTime=1870ms | Latency=628ms | DiskIO=135.4MB/s | Errors=5.2,6,86.30538461538461,77.76615384615386,1870.0884615384616,628.0876923076924,135.39615384615385,5.230769230769231,3
blk_8122739010469948299,0.7142,HIGH,CRITICAL,packet_responder,Resource Exhaustion,Resource Exhaustion | Memory Pressure | Service Degradation | Network Congestion | Disk Bottleneck | Software Fault,CPU=87.0% | Memory=80.7% | ResponseTime=1618ms | Latency=619ms | DiskIO=136.5MB/s | Errors=4.8,6,86.96615384615384,80.66538461538462,1618.286153846154,618.8646153846154,136.53153846153847,4.846153846153846,3
blk_8776541468782357879,0.7141,HIGH,CRITICAL,datanode_service,Resource Exhaustion,Resource Exhaustion | Memory Pressure | Service Degradation | Network Congestion | Disk Bottleneck | Software Fault | Repeated Failures,CPU=88.1% | Memory=80.5% | ResponseTime=1806ms | Latency=542ms | DiskIO=136.4MB/s | Errors=5.5 | FailedEvents=5,7,88.12,80.5425,1806.3375,542.153125,136.42625,5.5,5
blk_8765601758654707054,0.7141,HIGH,CRITICAL,packet_responder,Resource Exhaustion,Resource Exhaustion | Memory Pressure | Service Degradation | Network Congestion | Disk Bottleneck | Software Fault,CPU=87.7% | Memory=81.6% | ResponseTime=1667ms | Latency=606ms | DiskIO=142.9MB/s | Errors=5.0,6,87.69384615384615,81.56384615384614,1667.1569230769232,605.6430769230769,142.9353846153846,5.0,3
blk_7263944332659641248,0.714,HIGH,CRITICAL,datanode_service,Resource Exhaustion,Resource Exhaustion | Memory Pressure | Service Degradation | Network Congestion | Disk Bottleneck | Software Fault,CPU=87.9% | Memory=82.6% | ResponseTime=1985ms | Latency=597ms | DiskIO=146.5MB/s | Errors=5.1,6,87.87360000000001,82.6456,1985.2104,597.3872,146.54399999999998,5.08,3
blk_5355331426351288746,0.714,HIGH,CRITICAL,packet_responder,Resource Exhaustion,Resource Exhaustion | Memory Pressure | Service Degradation | Network Congestion | Disk Bottleneck | Software Fault,CPU=87.9% | Memory=84.1% | ResponseTime=2002ms | Latency=501ms | DiskIO=129.0MB/s | Errors=5.6,6,87.90846153846154,84.05538461538461,2002.2476923076924,500.74,128.99692307692308,5.615384615384615,3
blk_-6710278520007599935,0.7139,HIGH,CRITICAL,packet_responder,Resource Exhaustion,Resource Exhaustion | Memory Pressure | Service Degradation | Network Congestion | Disk Bottleneck | Software Fault,CPU=90.0% | Memory=83.9% | ResponseTime=1812ms | Latency=468ms | DiskIO=129.4MB/s | Errors=4.9,6,89.99615384615385,83.88692307692307,1812.487692307692,468.1561538461538,129.37846153846155,4.923076923076923,3
blk_-5355008438453668398,0.7138,HIGH,CRITICAL,datanode_service,Resource Exhaustion,Resource Exhaustion | Memory Pressure | Service Degradation | Network Congestion | Disk Bottleneck | Software Fault,CPU=87.8% | Memory=82.9% | ResponseTime=1860ms | Latency=555ms | DiskIO=129.2MB/s | Errors=4.6,6,87.77952380952381,82.8995238095238,1860.110476190476,554.87,129.1704761904762,4.571428571428571,3
blk_8120619795359051336,0.7137,HIGH,CRITICAL,packet_responder,Resource Exhaustion,Resource Exhaustion | Memory Pressure | Service Degradation | Network Congestion | Disk Bottleneck | Software Fault,CPU=88.6% | Memory=81.3% | ResponseTime=1720ms | Latency=592ms | DiskIO=151.1MB/s | Errors=4.6,6,88.64923076923077,81.25384615384615,1720.4,591.6769230769231,151.05076923076925,4.615384615384615,3
blk_8918440911006295945,0.7135,HIGH,CRITICAL,packet_responder,Resource Exhaustion,Resource Exhaustion | Memory Pressure | Service Degradation | Network Congestion | Disk Bottleneck | Software Fault | Repeated Failures,CPU=82.7% | Memory=79.5% | ResponseTime=2016ms | Latency=567ms | DiskIO=150.8MB/s | Errors=4.6 | FailedEvents=4,7,82.74357142857143,79.50714285714285,2015.792857142857,567.4192857142857,150.84357142857144,4.571428571428571,4
blk_-3174232733041654340,0.7134,HIGH,CRITICAL,namenode_service,Resource Exhaustion,Resource Exhaustion | Memory Pressure | Service Degradation | Network Congestion | Disk Bottleneck | Software Fault | Repeated Failures,CPU=85.0% | Memory=80.6% | ResponseTime=1772ms | Latency=544ms | DiskIO=139.2MB/s | Errors=4.7 | FailedEvents=5,7,84.966,80.57028571428572,1772.1260000000002,543.7574285714285,139.20171428571427,4.714285714285714,5
blk_8629941919071568515,0.7132,HIGH,CRITICAL,packet_responder,Resource Exhaustion,Resource Exhaustion | Memory Pressure | Service Degradation | Network Congestion | Disk Bottleneck | Software Fault,CPU=87.3% | Memory=80.6% | ResponseTime=1816ms | Latency=671ms | DiskIO=140.2MB/s | Errors=4.9,6,87.34769230769231,80.58769230769232,1816.25,670.6307692307693,140.1776923076923,4.923076923076923,3
blk_-9009060689449347255,0.7131,HIGH,CRITICAL,packet_responder,Resource Exhaustion,Resource Exhaustion | Memory Pressure | Service Degradation | Network Congestion | Disk Bottleneck | Software Fault | Repeated Failures,CPU=83.9% | Memory=82.5% | ResponseTime=1830ms | Latency=633ms | DiskIO=144.5MB/s | Errors=4.8 | FailedEvents=4,7,83.853125,82.4625,1830.490625,633.13625,144.52375,4.75,4
blk_101531001839995775,0.7131,HIGH,CRITICAL,datanode_service,Resource Exhaustion,Resource Exhaustion | Memory Pressure | Service Degradation | Network Congestion | Disk Bottleneck | Software Fault,CPU=87.6% | Memory=80.5% | ResponseTime=1669ms | Latency=594ms | DiskIO=144.5MB/s | Errors=4.8,6,87.6024,80.4844,1668.6012,593.624,144.5024,4.8,3
blk_7845198117535823083,0.7131,HIGH,CRITICAL,packet_responder,Resource Exhaustion,Resource Exhaustion | Memory Pressure | Service Degradation | Network Congestion | Disk Bottleneck | Software Fault,CPU=88.3% | Memory=82.5% | ResponseTime=1664ms | Latency=721ms | DiskIO=143.0MB/s | Errors=4.9,6,88.29230769230769,82.52153846153846,1663.7753846153848,720.83,142.96307692307693,4.923076923076923,3
blk_2884407726542982840,0.713,HIGH,CRITICAL,datanode_service,Resource Exhaustion,Resource Exhaustion | Memory Pressure | Service Degradation | Network Congestion | Disk Bottleneck | Software Fault,CPU=86.9% | Memory=82.0% | ResponseTime=1761ms | Latency=627ms | DiskIO=137.9MB/s | Errors=5.1,6,86.9064705882353,82.00823529411765,1760.6011764705884,626.9176470588236,137.93882352941176,5.117647058823529,3
blk_-7536911736241633768,0.713,HIGH,CRITICAL,packet_responder,Resource Exhaustion,Resource Exhaustion | Memory Pressure | Service Degradation | Network Congestion | Disk Bottleneck | Software Fault,CPU=90.2% | Memory=81.9% | ResponseTime=1924ms | Latency=595ms | DiskIO=146.1MB/s | Errors=4.8,6,90.19153846153846,81.89538461538463,1923.8392307692309,595.3069230769231,146.06846153846155,4.846153846153846,3
blk_2856738968323370295,0.713,HIGH,CRITICAL,packet_responder,Resource Exhaustion,Resource Exhaustion | Memory Pressure | Service Degradation | Network Congestion | Disk Bottleneck | Software Fault,CPU=84.3% | Memory=83.4% | ResponseTime=1654ms | Latency=601ms | DiskIO=143.1MB/s | Errors=5.2,6,84.28923076923077,83.44692307692307,1654.3923076923077,600.9846153846154,143.0946153846154,5.153846153846154,3
blk_7549574386896151044,0.7129,HIGH,CRITICAL,datanode_service,Resource Exhaustion,Resource Exhaustion | Memory Pressure | Service Degradation | Network Congestion | Disk Bottleneck | Software Fault,CPU=84.2% | Memory=78.1% | ResponseTime=1869ms | Latency=573ms | DiskIO=141.7MB/s | Errors=5.1,6,84.19380952380952,78.14380952380952,1868.7152380952384,573.4309523809524,141.65952380952382,5.095238095238095,3
blk_-5019374427866587091,0.7129,HIGH,CRITICAL,datanode_service,Resource Exhaustion,Resource Exhaustion | Memory Pressure | Service Degradation | Network Congestion | Disk Bottleneck | Software Fault,CPU=85.5% | Memory=81.3% | ResponseTime=1768ms | Latency=693ms | DiskIO=137.3MB/s | Errors=5.8,6,85.54176470588236,81.3029411764706,1767.5529411764703,693.1711764705882,137.30235294117645,5.764705882352941,3
blk_-3945236748777429958,0.7128,HIGH,CRITICAL,datanode_service,Resource Exhaustion,Resource Exhaustion | Memory Pressure | Service Degradation | Network Congestion | Disk Bottleneck | Software Fault | Repeated Failures,CPU=86.9% | Memory=81.7% | ResponseTime=1924ms | Latency=607ms | DiskIO=136.1MB/s | Errors=4.8 | FailedEvents=4,7,86.85719999999999,81.72319999999999,1924.0272,607.23,136.1116,4.84,4
blk_6063511497059510154,0.7128,HIGH,CRITICAL,packet_responder,Resource Exhaustion,Resource Exhaustion | Memory Pressure | Service Degradation | Network Congestion | Disk Bottleneck | Software Fault,CPU=89.2% | Memory=84.0% | ResponseTime=1883ms | Latency=633ms | DiskIO=127.1MB/s | Errors=5.2,6,89.24384615384616,83.99,1882.832307692308,633.3061538461538,127.08923076923077,5.153846153846154,3
blk_8579261759183785667,0.7127,HIGH,CRITICAL,packet_responder,Resource Exhaustion,Resource Exhaustion | Memory Pressure | Service Degradation | Network Congestion | Disk Bottleneck | Software Fault,CPU=84.7% | Memory=80.7% | ResponseTime=1944ms | Latency=659ms | DiskIO=136.1MB/s | Errors=5.2,6,84.70923076923077,80.68923076923078,1943.789230769231,658.5953846153845,136.0723076923077,5.153846153846154,3
blk_8878081545625451484,0.7127,HIGH,CRITICAL,packet_responder,Resource Exhaustion,Resource Exhaustion | Memory Pressure | Service Degradation | Network Congestion | Disk Bottleneck | Software Fault,CPU=87.7% | Memory=81.3% | ResponseTime=1887ms | Latency=609ms | DiskIO=160.7MB/s | Errors=5.9,6,87.7023076923077,81.3323076923077,1886.9515384615383,608.5461538461539,160.68153846153848,5.923076923076923,3
blk_4894256295118920163,0.7126,HIGH,CRITICAL,datanode_service,Resource Exhaustion,Resource Exhaustion | Memory Pressure | Service Degradation | Network Congestion | Disk Bottleneck | Software Fault,CPU=84.8% | Memory=82.0% | ResponseTime=1712ms | Latency=575ms | DiskIO=140.4MB/s | Errors=5.2,6,84.79444444444444,82.03166666666667,1711.717777777778,575.4877777777779,140.43222222222224,5.222222222222222,3
blk_1536478664219379993,0.7125,HIGH,CRITICAL,packet_responder,Resource Exhaustion,Resource Exhaustion | Memory Pressure | Service Degradation | Network Congestion | Disk Bottleneck | Software Fault,CPU=88.9% | Memory=85.6% | ResponseTime=1935ms | Latency=626ms | DiskIO=125.9MB/s | Errors=5.1,6,88.87846153846155,85.61923076923077,1934.5930769230768,625.9815384615384,125.86615384615384,5.076923076923077,3
blk_-967996491121599783,0.7123,HIGH,CRITICAL,packet_responder,Resource Exhaustion,Resource Exhaustion | Memory Pressure | Service Degradation | Network Congestion | Disk Bottleneck | Software Fault | Repeated Failures,CPU=90.0% | Memory=82.0% | ResponseTime=1713ms | Latency=606ms | DiskIO=146.1MB/s | Errors=5.1 | FailedEvents=4,7,90.01142857142858,81.95071428571428,1713.3228571428572,605.7335714285715,146.13357142857143,5.071428571428571,4
blk_1543605971733759530,0.7123,HIGH,CRITICAL,packet_responder,Resource Exhaustion,Resource Exhaustion | Memory Pressure | Service Degradation | Network Congestion | Disk Bottleneck | Software Fault,CPU=89.2% | Memory=81.2% | ResponseTime=1909ms | Latency=659ms | DiskIO=138.0MB/s | Errors=4.5,6,89.22923076923077,81.23076923076923,1909.2384615384617,659.0792307692308,137.95384615384617,4.538461538461538,3
blk_-6467009160056916452,0.7121,HIGH,CRITICAL,namenode_service,Resource Exhaustion,Resource Exhaustion | Memory Pressure | Service Degradation | Network Congestion | Disk Bottleneck | Software Fault | Repeated Failures,CPU=87.3% | Memory=81.4% | ResponseTime=1709ms | Latency=658ms | DiskIO=137.8MB/s | Errors=4.9 | FailedEvents=4,7,87.26607142857142,81.36357142857142,1709.3589285714286,658.1703571428571,137.8357142857143,4.928571428571429,4
blk_8303413189200230139,0.712,HIGH,CRITICAL,packet_responder,Resource Exhaustion,Resource Exhaustion | Memory Pressure | Service Degradation | Network Congestion | Disk Bottleneck | Software Fault,CPU=88.7% | Memory=86.0% | ResponseTime=1738ms | Latency=598ms | DiskIO=137.7MB/s | Errors=4.8,6,88.66,85.98384615384614,1737.647692307692,598.1515384615385,137.65923076923076,4.846153846153846,3
blk_-380889578427177149,0.7119,HIGH,CRITICAL,packet_responder,Resource Exhaustion,Resource Exhaustion | Memory Pressure | Service Degradation | Network Congestion | Disk Bottleneck | Software Fault,CPU=87.4% | Memory=84.7% | ResponseTime=1839ms | Latency=617ms | DiskIO=142.5MB/s | Errors=4.8,6,87.42,84.66846153846154,1839.3392307692309,617.3784615384616,142.54461538461538,4.846153846153846,3
blk_1387162371719476785,0.7119,HIGH,CRITICAL,datanode_service,Resource Exhaustion,Resource Exhaustion | Memory Pressure | Service Degradation | Network Congestion | Disk Bottleneck | Software Fault,CPU=87.3% | Memory=82.4% | ResponseTime=1807ms | Latency=654ms | DiskIO=147.3MB/s | Errors=4.8,6,87.32000000000001,82.36285714285714,1806.8233333333333,654.23,147.30523809523808,4.761904761904762,3
blk_-321971566270597303,0.7117,HIGH,CRITICAL,packet_responder,Resource Exhaustion,Resource Exhaustion | Memory Pressure | Service Degradation | Network Congestion | Disk Bottleneck | Software Fault,CPU=82.5% | Memory=84.0% | ResponseTime=1846ms | Latency=619ms | DiskIO=144.5MB/s | Errors=4.2,6,82.51538461538462,83.98076923076923,1845.5415384615385,618.626923076923,144.46846153846153,4.230769230769231,3
blk_7070018214417320584,0.7115,HIGH,CRITICAL,namenode_service,Resource Exhaustion,Resource Exhaustion | Memory Pressure | Service Degradation | Network Congestion | Disk Bottleneck | Software Fault | Repeated Failures,CPU=87.3% | Memory=80.7% | ResponseTime=1712ms | Latency=693ms | DiskIO=140.6MB/s | Errors=4.8 | FailedEvents=4,7,87.33500000000001,80.65,1712.3905,693.4225,140.6375,4.8,4
blk_8337972792492393476,0.7115,HIGH,CRITICAL,packet_responder,Resource Exhaustion,Resource Exhaustion | Memory Pressure | Service Degradation | Network Congestion | Disk Bottleneck | Software Fault | Repeated Failures,CPU=81.9% | Memory=82.2% | ResponseTime=2009ms | Latency=599ms | DiskIO=130.3MB/s | Errors=4.2 | FailedEvents=4,7,81.91857142857144,82.18714285714285,2009.1057142857144,599.4285714285714,130.29928571428573,4.214285714285714,4
blk_-1254672328951184518,0.7115,HIGH,CRITICAL,packet_responder,Resource Exhaustion,Resource Exhaustion | Memory Pressure | Service Degradation | Network Congestion | Disk Bottleneck | Software Fault,CPU=82.3% | Memory=82.7% | ResponseTime=1721ms | Latency=763ms | DiskIO=147.0MB/s | Errors=4.7,6,82.26923076923077,82.67615384615384,1720.8023076923075,762.6876923076924,147.00230769230768,4.6923076923076925,3
blk_-702269656492732525,0.7114,HIGH,CRITICAL,namenode_service,Resource Exhaustion,Resource Exhaustion | Memory Pressure | Service Degradation | Network Congestion | Disk Bottleneck | Software Fault,CPU=83.7% | Memory=80.1% | ResponseTime=1848ms | Latency=627ms | DiskIO=142.4MB/s | Errors=4.8,6,83.69692307692307,80.1173076923077,1848.3807692307691,627.1380769230769,142.36423076923077,4.846153846153846,3
blk_4675834823748153576,0.7114,HIGH,CRITICAL,packet_responder,Resource Exhaustion,Resource Exhaustion | Memory Pressure | Service Degradation | Network Congestion | Disk Bottleneck | Software Fault,CPU=87.1% | Memory=81.2% | ResponseTime=1744ms | Latency=687ms | DiskIO=139.5MB/s | Errors=4.8,6,87.07307692307693,81.15230769230769,1744.0938461538462,686.6715384615384,139.51000000000002,4.846153846153846,3
blk_-9089757207635946003,0.7112,HIGH,CRITICAL,namenode_service,Resource Exhaustion,Resource Exhaustion | Memory Pressure | Service Degradation | Network Congestion | Disk Bottleneck | Software Fault | Repeated Failures,CPU=90.3% | Memory=82.3% | ResponseTime=1816ms | Latency=591ms | DiskIO=140.6MB/s | Errors=5.0 | FailedEvents=4,7,90.335,82.276,1816.097,590.762,140.5815,5.0,4
blk_8325507247419130105,0.7108,HIGH,CRITICAL,packet_responder,Resource Exhaustion,Resource Exhaustion | Memory Pressure | Service Degradation | Network Congestion | Disk Bottleneck | Software Fault | Repeated Failures,CPU=86.7% | Memory=80.0% | ResponseTime=2069ms | Latency=645ms | DiskIO=135.0MB/s | Errors=5.0 | FailedEvents=4,7,86.745,80.03,2068.7942857142857,644.6578571428571,135.04714285714286,5.0,4
blk_5911956008415876113,0.7108,HIGH,CRITICAL,datanode_service,Resource Exhaustion,Resource Exhaustion | Memory Pressure | Service Degradation | Network Congestion | Disk Bottleneck | Software Fault,CPU=86.1% | Memory=80.9% | ResponseTime=1852ms | Latency=566ms | DiskIO=148.8MB/s | Errors=4.8,6,86.1495238095238,80.86619047619048,1851.7523809523807,566.4085714285715,148.80904761904762,4.809523809523809,3
blk_1177055878155131978,0.7108,HIGH,CRITICAL,datanode_service,Resource Exhaustion,Resource Exhaustion | Memory Pressure | Service Degradation | Network Congestion | Disk Bottleneck | Software Fault,CPU=87.2% | Memory=82.9% | ResponseTime=1798ms | Latency=633ms | DiskIO=135.2MB/s | Errors=4.6,6,87.24142857142857,82.92333333333333,1797.7457142857145,633.2152380952381,135.16809523809522,4.619047619047619,3
blk_1092850037489347423,0.7106,HIGH,CRITICAL,namenode_service,Resource Exhaustion,Resource Exhaustion | Memory Pressure | Service Degradation | Network Congestion | Disk Bottleneck | Software Fault,CPU=87.7% | Memory=84.1% | ResponseTime=1840ms | Latency=592ms | DiskIO=135.2MB/s | Errors=4.6,6,87.72727272727273,84.08227272727272,1839.8622727272727,591.6140909090909,135.21045454545455,4.590909090909091,3
blk_8235430182285859198,0.7106,HIGH,CRITICAL,packet_responder,Resource Exhaustion,Resource Exhaustion | Memory Pressure | Service Degradation | Network Congestion | Disk Bottleneck | Software Fault,CPU=85.8% | Memory=82.2% | ResponseTime=2024ms | Latency=528ms | DiskIO=147.3MB/s | Errors=4.7,6,85.75642857142857,82.1907142857143,2024.4892857142856,527.785,147.34714285714287,4.714285714285714,3
blk_8565602787763324157,0.7106,HIGH,CRITICAL,packet_responder,Resource Exhaustion,Resource Exhaustion | Memory Pressure | Service Degradation | Network Congestion | Disk Bottleneck | Software Fault,CPU=84.7% | Memory=85.2% | ResponseTime=1691ms | Latency=659ms | DiskIO=144.4MB/s | Errors=5.0,6,84.67999999999999,85.23923076923077,1691.3069230769229,659.0592307692308,144.3546153846154,5.0,3
blk_-9082684598885968763,0.7106,HIGH,CRITICAL,packet_responder,Resource Exhaustion,Resource Exhaustion | Memory Pressure | Service Degradation | Network Congestion | Disk Bottleneck | Software Fault,CPU=85.8% | Memory=85.8% | ResponseTime=1864ms | Latency=553ms | DiskIO=158.2MB/s | Errors=4.6,6,85.81461538461538,85.82384615384616,1863.663076923077,553.27,158.19846153846154,4.615384615384615,3
blk_8574135221556602405,0.7106,HIGH,CRITICAL,packet_responder,Resource Exhaustion,Resource Exhaustion | Memory Pressure | Service Degradation | Network Congestion | Disk Bottleneck | Software Fault,CPU=85.6% | Memory=85.9% | ResponseTime=1711ms | Latency=553ms | DiskIO=141.1MB/s | Errors=4.7,6,85.55066666666667,85.94,1711.1453333333334,552.9206666666666,141.05666666666667,4.666666666666667,3
blk_6520528150528384710,0.7105,HIGH,CRITICAL,datanode_service,Resource Exhaustion,Resource Exhaustion | Memory Pressure | Service Degradation | Network Congestion | Disk Bottleneck | Software Fault,CPU=84.7% | Memory=82.6% | ResponseTime=1635ms | Latency=573ms | DiskIO=135.1MB/s | Errors=4.8,6,84.69142857142857,82.63238095238096,1635.4757142857145,573.33,135.08523809523808,4.809523809523809,3
blk_-7934205015562514751,0.7105,HIGH,CRITICAL,datanode_service,Resource Exhaustion,Resource Exhaustion | Memory Pressure | Service Degradation | Network Congestion | Disk Bottleneck | Software Fault,CPU=90.0% | Memory=83.5% | ResponseTime=1705ms | Latency=539ms | DiskIO=141.1MB/s | Errors=5.1,6,89.98714285714286,83.51285714285714,1704.7814285714285,539.2104761904762,141.1042857142857,5.095238095238095,3
blk_233969144033797825,0.7104,HIGH,CRITICAL,packet_responder,Resource Exhaustion,Resource Exhaustion | Memory Pressure | Service Degradation | Network Congestion | Disk Bottleneck | Software Fault,CPU=86.3% | Memory=80.6% | ResponseTime=1861ms | Latency=565ms | DiskIO=132.8MB/s | Errors=5.2,6,86.27692307692307,80.5653846153846,1861.4807692307693,565.3976923076923,132.76307692307694,5.230769230769231,3
blk_-5017056836614386084,0.7103,HIGH,CRITICAL,packet_responder,Resource Exhaustion,Resource Exhaustion | Memory Pressure | Service Degradation | Network Congestion | Disk Bottleneck | Software Fault,CPU=87.1% | Memory=79.4% | ResponseTime=1856ms | Latency=597ms | DiskIO=141.3MB/s | Errors=5.9,6,87.11384615384615,79.39153846153846,1855.9446153846152,597.2984615384615,141.25153846153847,5.923076923076923,3
blk_-7975016482305320202,0.7103,HIGH,CRITICAL,packet_responder,Resource Exhaustion,Resource Exhaustion | Memory Pressure | Service Degradation | Network Congestion | Disk Bottleneck | Software Fault,CPU=86.6% | Memory=80.3% | ResponseTime=1672ms | Latency=629ms | DiskIO=145.4MB/s | Errors=5.2,6,86.55923076923077,80.26307692307692,1671.6699999999998,628.6784615384615,145.3576923076923,5.153846153846154,3
blk_9007642564539681747,0.7103,HIGH,CRITICAL,packet_responder,Resource Exhaustion,Resource Exhaustion | Memory Pressure | Service Degradation | Network Congestion | Disk Bottleneck | Software Fault,CPU=87.5% | Memory=82.1% | ResponseTime=1817ms | Latency=586ms | DiskIO=138.3MB/s | Errors=4.5,6,87.47769230769231,82.12692307692308,1817.3446153846155,585.5123076923077,138.27076923076922,4.461538461538462,3
blk_8870429688197765256,0.7102,HIGH,CRITICAL,packet_responder,Resource Exhaustion,Resource Exhaustion | Memory Pressure | Service Degradation | Network Congestion | Disk Bottleneck | Software Fault,CPU=87.1% | Memory=84.2% | ResponseTime=1755ms | Latency=619ms | DiskIO=145.6MB/s | Errors=4.8,6,87.0723076923077,84.2023076923077,1754.8730769230767,619.4623076923077,145.6046153846154,4.846153846153846,3
blk_944177728727281939,0.71,HIGH,CRITICAL,packet_responder,Resource Exhaustion,Resource Exhaustion | Memory Pressure | Service Degradation | Network Congestion | Disk Bottleneck | Software Fault,CPU=88.5% | Memory=85.5% | ResponseTime=1762ms | Latency=517ms | DiskIO=142.4MB/s | Errors=5.5,6,88.47769230769231,85.53153846153847,1761.9684615384615,516.5076923076923,142.40307692307692,5.461538461538462,3
blk_2391757758397659667,0.71,HIGH,CRITICAL,datanode_service,Resource Exhaustion,Resource Exhaustion | Memory Pressure | Service Degradation | Network Congestion | Disk Bottleneck | Software Fault,CPU=85.9% | Memory=81.0% | ResponseTime=1833ms | Latency=686ms | DiskIO=146.0MB/s | Errors=5.0,6,85.90857142857142,81.04619047619047,1832.939523809524,685.9157142857142,146.02904761904762,5.0,3
blk_8199550931573381828,0.71,HIGH,CRITICAL,packet_responder,Resource Exhaustion,Resource Exhaustion | Memory Pressure | Service Degradation | Network Congestion | Disk Bottleneck | Software Fault,CPU=86.5% | Memory=81.5% | ResponseTime=1747ms | Latency=648ms | DiskIO=141.4MB/s | Errors=4.9,6,86.45071428571428,81.50928571428572,1746.7428571428572,647.8249999999999,141.375,4.928571428571429,3
blk_8042905975540419743,0.7099,HIGH,CRITICAL,packet_responder,Resource Exhaustion,Resource Exhaustion | Memory Pressure | Service Degradation | Network Congestion | Disk Bottleneck | Software Fault,CPU=86.5% | Memory=80.2% | ResponseTime=1800ms | Latency=596ms | DiskIO=151.3MB/s | Errors=5.1,6,86.51461538461538,80.22076923076922,1800.4792307692308,595.6484615384616,151.30846153846153,5.076923076923077,3
blk_8706323259251094486,0.7098,HIGH,CRITICAL,packet_responder,Resource Exhaustion,Resource Exhaustion | Memory Pressure | Service Degradation | Network Congestion | Disk Bottleneck | Software Fault | Repeated Failures,CPU=88.0% | Memory=83.6% | ResponseTime=1677ms | Latency=572ms | DiskIO=160.0MB/s | Errors=5.2 | FailedEvents=4,7,87.99285714285715,83.60785714285714,1676.805,572.0292857142857,160.02214285714285,5.214285714285714,4
blk_8363656790205637596,0.7098,HIGH,CRITICAL,packet_responder,Resource Exhaustion,Resource Exhaustion | Memory Pressure | Service Degradation | Network Congestion | Disk Bottleneck | Software Fault | Repeated Failures,CPU=89.0% | Memory=80.5% | ResponseTime=1938ms | Latency=585ms | DiskIO=148.9MB/s | Errors=4.8 | FailedEvents=4,7,88.9725,80.5175,1938.09375,584.82875,148.89875,4.75,4
blk_4886816749578510073,0.7098,HIGH,CRITICAL,datanode_service,Resource Exhaustion,Resource Exhaustion | Memory Pressure | Service Degradation | Network Congestion | Disk Bottleneck | Software Fault,CPU=84.0% | Memory=82.2% | ResponseTime=1825ms | Latency=580ms | DiskIO=129.0MB/s | Errors=5.2,6,83.95411764705882,82.2,1824.578823529412,579.5670588235294,129.00117647058823,5.176470588235294,3
blk_-2995535508265484441,0.7097,HIGH,CRITICAL,packet_responder,Resource Exhaustion,Resource Exhaustion | Memory Pressure | Service Degradation | Network Congestion | Disk Bottleneck | Software Fault,CPU=86.4% | Memory=80.8% | ResponseTime=1943ms | Latency=671ms | DiskIO=137.3MB/s | Errors=5.1,6,86.44357142857143,80.84928571428573,1942.817142857143,671.0164285714285,137.32571428571427,5.071428571428571,3
blk_-1498468583874023563,0.7096,HIGH,CRITICAL,packet_responder,Resource Exhaustion,Resource Exhaustion | Memory Pressure | Service Degradation | Network Congestion | Disk Bottleneck | Software Fault,CPU=84.1% | Memory=86.3% | ResponseTime=1619ms | Latency=604ms | DiskIO=127.1MB/s | Errors=5.2,6,84.07846153846154,86.3276923076923,1618.7953846153846,604.4976923076923,127.06230769230768,5.153846153846154,3
blk_3174751483965949562,0.7093,HIGH,CRITICAL,datanode_service,Resource Exhaustion,Resource Exhaustion | Memory Pressure | Service Degradation | Network Congestion | Disk Bottleneck | Software Fault | Repeated Failures,CPU=88.1% | Memory=79.8% | ResponseTime=1687ms | Latency=595ms | DiskIO=134.1MB/s | Errors=5.2 | FailedEvents=5,7,88.13882352941175,79.75058823529412,1686.68,594.9823529411765,134.12588235294118,5.176470588235294,5
blk_344295897461734506,0.7093,HIGH,CRITICAL,packet_responder,Resource Exhaustion,Resource Exhaustion | Memory Pressure | Service Degradation | Network Congestion | Disk Bottleneck | Software Fault,CPU=91.6% | Memory=81.9% | ResponseTime=1829ms | Latency=693ms | DiskIO=134.6MB/s | Errors=5.9,6,91.648,81.934,1829.390666666667,693.226,134.64666666666668,5.933333333333334,3
blk_7471375420030602627,0.7092,HIGH,CRITICAL,packet_responder,Resource Exhaustion,Resource Exhaustion | Memory Pressure | Service Degradation | Network Congestion | Disk Bottleneck | Software Fault,CPU=88.4% | Memory=82.0% | ResponseTime=1853ms | Latency=570ms | DiskIO=143.9MB/s | Errors=5.3,6,88.42307692307692,81.9976923076923,1852.5315384615385,570.3,143.92384615384614,5.307692307692308,3
blk_-8271180788744548110,0.7091,HIGH,CRITICAL,namenode_service,Resource Exhaustion,Resource Exhaustion | Memory Pressure | Service Degradation | Network Congestion | Disk Bottleneck | Software Fault | Repeated Failures,CPU=88.5% | Memory=82.0% | ResponseTime=1712ms | Latency=622ms | DiskIO=149.8MB/s | Errors=4.5 | FailedEvents=4,7,88.542,82.05,1712.357,622.4455,149.779,4.55,4
blk_9156159853778851166,0.7091,HIGH,CRITICAL,packet_responder,Resource Exhaustion,Resource Exhaustion | Memory Pressure | Service Degradation | Network Congestion | Disk Bottleneck | Software Fault,CPU=84.6% | Memory=80.6% | ResponseTime=1676ms | Latency=569ms | DiskIO=148.9MB/s | Errors=5.8,6,84.56230769230768,80.58846153846154,1675.9546153846154,568.77,148.92846153846153,5.769230769230769,3
blk_-5018309246022118597,0.7091,HIGH,CRITICAL,packet_responder,Resource Exhaustion,Resource Exhaustion | Memory Pressure | Service Degradation | Network Congestion | Disk Bottleneck | Software Fault,CPU=89.2% | Memory=81.7% | ResponseTime=1651ms | Latency=666ms | DiskIO=134.0MB/s | Errors=5.5,6,89.17142857142858,81.70285714285714,1650.8821428571428,665.7492857142857,134.02357142857142,5.5,3
blk_8560241403245707155,0.709,HIGH,CRITICAL,packet_responder,Resource Exhaustion,Resource Exhaustion | Memory Pressure | Service Degradation | Network Congestion | Disk Bottleneck | Software Fault | Repeated Failures,CPU=86.7% | Memory=83.6% | ResponseTime=1860ms | Latency=613ms | DiskIO=138.7MB/s | Errors=4.4 | FailedEvents=4,7,86.71214285714287,83.62714285714286,1860.415,613.2842857142857,138.74714285714285,4.357142857142857,4
blk_-6782542465226327576,0.7089,HIGH,CRITICAL,packet_responder,Resource Exhaustion,Resource Exhaustion | Memory Pressure | Service Degradation | Network Congestion | Disk Bottleneck | Software Fault,CPU=86.4% | Memory=83.5% | ResponseTime=1421ms | Latency=676ms | DiskIO=145.7MB/s | Errors=4.8,6,86.43846153846154,83.51769230769231,1421.463846153846,675.5630769230769,145.69615384615383,4.769230769230769,3
blk_-2126554733521224025,0.7088,HIGH,CRITICAL,packet_responder,Resource Exhaustion,Resource Exhaustion | Memory Pressure | Service Degradation | Network Congestion | Disk Bottleneck | Software Fault | Repeated Failures,CPU=85.3% | Memory=83.2% | ResponseTime=1476ms | Latency=607ms | DiskIO=146.5MB/s | Errors=4.6 | FailedEvents=5,7,85.28777777777778,83.20166666666667,1476.1766666666667,607.2805555555556,146.48333333333335,4.611111111111111,5
blk_-509038262446900675,0.7088,HIGH,CRITICAL,packet_responder,Resource Exhaustion,Resource Exhaustion | Memory Pressure | Service Degradation | Network Congestion | Disk Bottleneck | Software Fault,CPU=84.9% | Memory=82.3% | ResponseTime=2018ms | Latency=581ms | DiskIO=143.8MB/s | Errors=5.0,6,84.92153846153846,82.31153846153846,2017.7392307692307,580.8738461538462,143.77615384615385,5.0,3
blk_4600625887465820978,0.7087,HIGH,CRITICAL,packet_responder,Resource Exhaustion,Resource Exhaustion | Memory Pressure | Service Degradation | Network Congestion | Disk Bottleneck | Software Fault,CPU=87.3% | Memory=83.7% | ResponseTime=1979ms | Latency=569ms | DiskIO=142.2MB/s | Errors=4.5,6,87.33153846153846,83.66307692307691,1978.5753846153848,569.0653846153847,142.17384615384614,4.461538461538462,3
blk_8417806984419047873,0.7086,HIGH,CRITICAL,packet_responder,Resource Exhaustion,Resource Exhaustion | Memory Pressure | Service Degradation | Network Congestion | Disk Bottleneck | Software Fault | Repeated Failures,CPU=86.3% | Memory=82.0% | ResponseTime=1788ms | Latency=642ms | DiskIO=143.1MB/s | Errors=4.9 | FailedEvents=4,7,86.33642857142857,82.00285714285714,1787.5421428571428,641.5628571428571,143.07642857142858,4.928571428571429,4
blk_6420805792111309238,0.7086,HIGH,CRITICAL,datanode_service,Resource Exhaustion,Resource Exhaustion | Memory Pressure | Service Degradation | Network Congestion | Disk Bottleneck | Software Fault,CPU=85.7% | Memory=83.1% | ResponseTime=1742ms | Latency=671ms | DiskIO=132.8MB/s | Errors=5.2,6,85.74761904761905,83.07095238095238,1742.3661904761907,670.7038095238096,132.78190476190477,5.238095238095238,3
blk_8855851970478773403,0.7086,HIGH,CRITICAL,packet_responder,Resource Exhaustion,Resource Exhaustion | Memory Pressure | Service Degradation | Network Congestion | Disk Bottleneck | Software Fault,CPU=88.7% | Memory=80.6% | ResponseTime=1581ms | Latency=668ms | DiskIO=145.7MB/s | Errors=5.4,6,88.66692307692308,80.63153846153847,1580.5576923076924,667.6461538461538,145.67307692307693,5.384615384615385,3
blk_-4636159087827707811,0.7085,HIGH,CRITICAL,datanode_service,Resource Exhaustion,Resource Exhaustion | Memory Pressure | Service Degradation | Network Congestion | Disk Bottleneck | Software Fault | Repeated Failures,CPU=86.3% | Memory=81.0% | ResponseTime=1627ms | Latency=618ms | DiskIO=144.6MB/s | Errors=5.1 | FailedEvents=5,7,86.303125,81.034375,1627.48,618.461875,144.55625,5.125,5
blk_5458318244719760153,0.7085,HIGH,CRITICAL,packet_responder,Resource Exhaustion,Resource Exhaustion | Memory Pressure | Service Degradation | Network Congestion | Disk Bottleneck | Software Fault,CPU=85.1% | Memory=82.1% | ResponseTime=1809ms | Latency=556ms | DiskIO=150.1MB/s | Errors=5.2,6,85.05642857142857,82.08500000000001,1809.115,555.5814285714285,150.0692857142857,5.214285714285714,3
blk_8548136394258705026,0.7085,HIGH,CRITICAL,packet_responder,Resource Exhaustion,Resource Exhaustion | Memory Pressure | Service Degradation | Network Congestion | Disk Bottleneck | Software Fault,CPU=89.0% | Memory=84.1% | ResponseTime=1934ms | Latency=633ms | DiskIO=131.1MB/s | Errors=4.7,6,88.99846153846154,84.07384615384616,1933.9115384615384,632.9707692307692,131.07076923076923,4.6923076923076925,3
blk_4589774882056031943,0.7083,HIGH,CRITICAL,namenode_service,Resource Exhaustion,Resource Exhaustion | Memory Pressure | Service Degradation | Network Congestion | Disk Bottleneck | Software Fault | Repeated Failures,CPU=87.6% | Memory=82.8% | ResponseTime=1596ms | Latency=551ms | DiskIO=146.7MB/s | Errors=5.4 | FailedEvents=4,7,87.61892857142857,82.75714285714285,1596.3964285714285,551.2364285714286,146.65928571428572,5.392857142857143,4
blk_8493572623810296338,0.7081,HIGH,CRITICAL,packet_responder,Resource Exhaustion,Resource Exhaustion | Memory Pressure | Service Degradation | Network Congestion | Disk Bottleneck | Software Fault,CPU=86.4% | Memory=81.4% | ResponseTime=1778ms | Latency=687ms | DiskIO=144.0MB/s | Errors=4.8,6,86.4423076923077,81.43538461538462,1778.4,687.4300000000001,143.97692307692307,4.769230769230769,3
blk_-3068437940611808289,0.708,HIGH,CRITICAL,datanode_service,Resource Exhaustion,Resource Exhaustion | Memory Pressure | Service Degradation | Network Congestion | Disk Bottleneck | Software Fault,CPU=87.5% | Memory=79.5% | ResponseTime=2010ms | Latency=688ms | DiskIO=142.6MB/s | Errors=4.3,6,87.49047619047619,79.53142857142858,2009.749047619048,687.8409523809523,142.58428571428573,4.285714285714286,3
blk_8072105428039369414,0.7079,HIGH,CRITICAL,packet_responder,Resource Exhaustion,Resource Exhaustion | Memory Pressure | Service Degradation | Network Congestion | Disk Bottleneck | Software Fault,CPU=88.2% | Memory=82.9% | ResponseTime=1674ms | Latency=638ms | DiskIO=127.4MB/s | Errors=5.3,6,88.24142857142859,82.865,1673.77,638.0842857142858,127.43714285714286,5.285714285714286,3
blk_-7258855032250455269,0.7079,HIGH,CRITICAL,datanode_service,Resource Exhaustion,Resource Exhaustion | Memory Pressure | Service Degradation | Network Congestion | Disk Bottleneck | Software Fault,CPU=89.0% | Memory=80.4% | ResponseTime=1817ms | Latency=576ms | DiskIO=138.6MB/s | Errors=5.0,6,88.98761904761905,80.42714285714285,1816.8009523809524,575.5366666666666,138.61714285714285,5.0,3
blk_9209337043266813528,0.7078,HIGH,CRITICAL,packet_responder,Resource Exhaustion,Resource Exhaustion | Memory Pressure | Service Degradation | Network Congestion | Disk Bottleneck | Software Fault,CPU=86.8% | Memory=82.2% | ResponseTime=1951ms | Latency=603ms | DiskIO=158.7MB/s | Errors=5.2,6,86.77769230769232,82.19769230769231,1950.863076923077,602.953076923077,158.68846153846152,5.153846153846154,3
blk_-3953774222242011327,0.7076,HIGH,CRITICAL,datanode_service,Resource Exhaustion,Resource Exhaustion | Memory Pressure | Service Degradation | Network Congestion | Disk Bottleneck | Software Fault,CPU=91.3% | Memory=82.3% | ResponseTime=1662ms | Latency=560ms | DiskIO=136.1MB/s | Errors=5.4,6,91.34764705882353,82.33823529411765,1661.5558823529411,559.7435294117647,136.1,5.411764705882353,3
blk_-3396120152506017213,0.7075,HIGH,CRITICAL,namenode_service,Resource Exhaustion,Resource Exhaustion | Memory Pressure | Service Degradation | Network Congestion | Disk Bottleneck | Software Fault | Repeated Failures,CPU=88.0% | Memory=83.5% | ResponseTime=1722ms | Latency=646ms | DiskIO=132.0MB/s | Errors=5.0 | FailedEvents=4,7,88.0325,83.5125,1721.5385,646.0229999999999,131.99200000000002,4.95,4
blk_8652779608730262978,0.7075,HIGH,CRITICAL,packet_responder,Resource Exhaustion,Resource Exhaustion | Memory Pressure | Service Degradation | Network Congestion | Disk Bottleneck | Software Fault | Repeated Failures,CPU=88.7% | Memory=82.0% | ResponseTime=1685ms | Latency=628ms | DiskIO=137.1MB/s | Errors=4.4 | FailedEvents=4,7,88.70466666666667,81.958,1684.6466666666668,627.6226666666666,137.11666666666667,4.4,4
blk_-8423411606647443141,0.7075,HIGH,CRITICAL,packet_responder,Resource Exhaustion,Resource Exhaustion | Memory Pressure | Service Degradation | Network Congestion | Disk Bottleneck | Software Fault,CPU=89.8% | Memory=84.8% | ResponseTime=1847ms | Latency=550ms | DiskIO=144.4MB/s | Errors=5.7,6,89.83769230769232,84.83923076923078,1846.533076923077,550.0146153846154,144.36153846153846,5.6923076923076925,3
blk_8288227535802709727,0.7074,HIGH,CRITICAL,packet_responder,Resource Exhaustion,Resource Exhaustion | Memory Pressure | Service Degradation | Network Congestion | Disk Bottleneck | Software Fault | Repeated Failures,CPU=90.6% | Memory=80.5% | ResponseTime=1930ms | Latency=565ms | DiskIO=136.0MB/s | Errors=4.6 | FailedEvents=4,7,90.59142857142857,80.45714285714287,1929.5014285714285,565.0600000000001,135.98642857142858,4.642857142857143,4
blk_-617871704705736254,0.7071,HIGH,CRITICAL,namenode_service,Resource Exhaustion,Resource Exhaustion | Memory Pressure | Service Degradation | Network Congestion | Disk Bottleneck | Software Fault | Repeated Failures,CPU=87.4% | Memory=81.3% | ResponseTime=1635ms | Latency=598ms | DiskIO=141.1MB/s | Errors=5.0 | FailedEvents=4,7,87.4025,81.2955,1635.2465,597.9965,141.0595,5.05,4
blk_7749559198947480006,0.7071,HIGH,CRITICAL,packet_responder,Resource Exhaustion,Resource Exhaustion | Memory Pressure | Service Degradation | Network Congestion | Disk Bottleneck | Software Fault,CPU=83.7% | Memory=80.0% | ResponseTime=1721ms | Latency=735ms | DiskIO=138.4MB/s | Errors=4.8,6,83.69769230769231,79.96307692307693,1720.6146153846153,735.2623076923077,138.40692307692308,4.846153846153846,3
blk_-7682432663573436317,0.7071,HIGH,CRITICAL,packet_responder,Resource Exhaustion,Resource Exhaustion | Memory Pressure | Service Degradation | Network Congestion | Disk Bottleneck | Software Fault,CPU=82.1% | Memory=81.8% | ResponseTime=1721ms | Latency=642ms | DiskIO=133.6MB/s | Errors=5.1,6,82.135,81.8292857142857,1720.575,642.1285714285714,133.57999999999998,5.071428571428571,3
blk_5412150241328312909,0.7071,HIGH,CRITICAL,datanode_service,Resource Exhaustion,Resource Exhaustion | Memory Pressure | Service Degradation | Network Congestion | Disk Bottleneck | Software Fault,CPU=86.7% | Memory=81.2% | ResponseTime=1773ms | Latency=583ms | DiskIO=145.1MB/s | Errors=4.7,6,86.69214285714285,81.21107142857143,1773.3064285714286,582.8457142857143,145.10535714285714,4.714285714285714,3
blk_5619400076210202193,0.7071,HIGH,CRITICAL,datanode_service,Resource Exhaustion,Resource Exhaustion | Memory Pressure | Service Degradation | Network Congestion | Disk Bottleneck | Software Fault,CPU=86.7% | Memory=80.1% | ResponseTime=1506ms | Latency=612ms | DiskIO=152.0MB/s | Errors=5.5,6,86.68058823529411,80.0935294117647,1505.7329411764706,611.6594117647059,151.9594117647059,5.470588235294118,3
blk_3534268014746215164,0.7071,HIGH,CRITICAL,datanode_service,Resource Exhaustion,Resource Exhaustion | Memory Pressure | Service Degradation | Network Congestion | Disk Bottleneck | Software Fault,CPU=88.6% | Memory=81.5% | ResponseTime=1679ms | Latency=585ms | DiskIO=132.6MB/s | Errors=5.4,6,88.55380952380952,81.53857142857143,1678.9209523809525,584.8128571428572,132.61333333333334,5.428571428571429,3
blk_9143335924069836173,0.707,HIGH,CRITICAL,packet_responder,Resource Exhaustion,Resource Exhaustion | Memory Pressure | Service Degradation | Network Congestion | Disk Bottleneck | Software Fault,CPU=87.0% | Memory=85.1% | ResponseTime=1682ms | Latency=584ms | DiskIO=132.1MB/s | Errors=5.7,6,87.00153846153846,85.10461538461537,1682.4338461538462,584.3346153846154,132.0823076923077,5.6923076923076925,3
blk_8227133095928812750,0.707,HIGH,CRITICAL,packet_responder,Resource Exhaustion,Resource Exhaustion | Memory Pressure | Service Degradation | Network Congestion | Disk Bottleneck | Software Fault,CPU=89.0% | Memory=81.4% | ResponseTime=1710ms | Latency=592ms | DiskIO=136.5MB/s | Errors=4.8,6,88.99307692307693,81.41692307692308,1710.0415384615385,591.9592307692308,136.45153846153846,4.769230769230769,3
blk_8933910278056120347,0.707,HIGH,CRITICAL,packet_responder,Resource Exhaustion,Resource Exhaustion | Memory Pressure | Service Degradation | Network Congestion | Disk Bottleneck | Software Fault,CPU=84.1% | Memory=82.4% | ResponseTime=1798ms | Latency=714ms | DiskIO=134.1MB/s | Errors=4.6,6,84.14384615384614,82.40692307692308,1797.5476923076922,713.9369230769231,134.13076923076923,4.615384615384615,3
blk_7490751924053338361,0.7069,HIGH,CRITICAL,datanode_service,Resource Exhaustion,Resource Exhaustion | Memory Pressure | Service Degradation | Network Congestion | Disk Bottleneck | Software Fault,CPU=89.4% | Memory=79.1% | ResponseTime=1777ms | Latency=621ms | DiskIO=132.4MB/s | Errors=5.1,6,89.43285714285715,79.10714285714286,1777.1128571428574,620.597619047619,132.40952380952382,5.095238095238095,3
blk_8449993011615201897,0.7069,HIGH,CRITICAL,packet_responder,Resource Exhaustion,Resource Exhaustion | Memory Pressure | Service Degradation | Network Congestion | Disk Bottleneck | Software Fault,CPU=83.0% | Memory=80.7% | ResponseTime=1823ms | Latency=678ms | DiskIO=142.2MB/s | Errors=5.2,6,83.03461538461539,80.72615384615385,1823.29,678.3961538461538,142.22,5.153846153846154,3
blk_-6719522996320643659,0.7068,HIGH,CRITICAL,packet_responder,Resource Exhaustion,Resource Exhaustion | Memory Pressure | Service Degradation | Network Congestion | Disk Bottleneck | Software Fault,CPU=84.1% | Memory=82.1% | ResponseTime=1717ms | Latency=680ms | DiskIO=151.2MB/s | Errors=5.8,6,84.11,82.09076923076924,1716.91,679.5469230769231,151.21461538461537,5.769230769230769,3
blk_8172850113585605633,0.7067,HIGH,CRITICAL,packet_responder,Resource Exhaustion,Resource Exhaustion | Memory Pressure | Service Degradation | Network Congestion | Disk Bottleneck | Software Fault,CPU=85.8% | Memory=79.8% | ResponseTime=1661ms | Latency=648ms | DiskIO=147.8MB/s | Errors=4.7,6,85.8323076923077,79.79307692307692,1661.2330769230769,648.4607692307692,147.7976923076923,4.6923076923076925,3
blk_5132704447914261629,0.7067,HIGH,CRITICAL,packet_responder,Resource Exhaustion,Resource Exhaustion | Memory Pressure | Service Degradation | Network Congestion | Disk Bottleneck | Software Fault,CPU=87.7% | Memory=84.8% | ResponseTime=1768ms | Latency=551ms | DiskIO=141.2MB/s | Errors=5.5,6,87.7376923076923,84.79230769230769,1767.606923076923,550.62,141.24692307692308,5.538461538461538,3
blk_992101295951175683,0.7066,HIGH,CRITICAL,datanode_service,Resource Exhaustion,Resource Exhaustion | Memory Pressure | Service Degradation | Network Congestion | Disk Bottleneck | Software Fault | Repeated Failures,CPU=87.5% | Memory=84.0% | ResponseTime=1795ms | Latency=596ms | DiskIO=144.2MB/s | Errors=5.2 | FailedEvents=5,7,87.52105263157895,84.03578947368422,1795.0236842105262,596.0652631578947,144.20894736842104,5.157894736842105,5
blk_4788228514760706265,0.7065,HIGH,CRITICAL,datanode_service,Resource Exhaustion,Resource Exhaustion | Memory Pressure | Service Degradation | Network Congestion | Disk Bottleneck | Software Fault,CPU=88.8% | Memory=82.0% | ResponseTime=2001ms | Latency=574ms | DiskIO=125.9MB/s | Errors=5.6,6,88.82117647058824,81.98176470588236,2000.861176470588,574.425294117647,125.87941176470588,5.647058823529412,3
blk_7831329818362322562,0.7065,HIGH,CRITICAL,packet_responder,Resource Exhaustion,Resource Exhaustion | Memory Pressure | Service Degradation | Network Congestion | Disk Bottleneck | Software Fault,CPU=87.2% | Memory=82.5% | ResponseTime=1984ms | Latency=520ms | DiskIO=146.5MB/s | Errors=5.2,6,87.19214285714285,82.515,1984.1664285714287,520.4300000000001,146.45285714285714,5.214285714285714,3
blk_5129187689987473771,0.7064,HIGH,CRITICAL,datanode_service,Resource Exhaustion,Resource Exhaustion | Memory Pressure | Service Degradation | Network Congestion | Disk Bottleneck | Software Fault | Repeated Failures,CPU=86.4% | Memory=84.2% | ResponseTime=1790ms | Latency=662ms | DiskIO=140.6MB/s | Errors=4.7 | FailedEvents=4,7,86.37636363636364,84.23318181818182,1790.0227272727273,662.1240909090909,140.6381818181818,4.727272727272728,4
blk_7312671617068507220,0.7064,HIGH,CRITICAL,namenode_service,Resource Exhaustion,Resource Exhaustion | Memory Pressure | Service Degradation | Network Congestion | Disk Bottleneck | Software Fault | Repeated Failures,CPU=88.5% | Memory=81.0% | ResponseTime=1846ms | Latency=669ms | DiskIO=146.5MB/s | Errors=4.5 | FailedEvents=4,7,88.45649999999999,81.0155,1845.792,669.108,146.54500000000002,4.5,4
blk_4809869340285919952,0.7064,HIGH,CRITICAL,namenode_service,Resource Exhaustion,Resource Exhaustion | Memory Pressure | Service Degradation | Network Congestion | Disk Bottleneck | Software Fault | Repeated Failures,CPU=88.6% | Memory=84.0% | ResponseTime=1666ms | Latency=650ms | DiskIO=134.0MB/s | Errors=5.3 | FailedEvents=4,7,88.5615,84.02950000000001,1665.5825,650.462,133.981,5.35,4
blk_-6859485770938865133,0.7064,HIGH,CRITICAL,packet_responder,Resource Exhaustion,Resource Exhaustion | Memory Pressure | Service Degradation | Network Congestion | Disk Bottleneck | Software Fault,CPU=87.3% | Memory=83.3% | ResponseTime=1771ms | Latency=550ms | DiskIO=133.0MB/s | Errors=5.5,6,87.33769230769232,83.33846153846154,1770.9976923076924,549.9423076923077,133.02538461538464,5.461538461538462,3
blk_-8121081663072488273,0.7064,HIGH,CRITICAL,packet_responder,Resource Exhaustion,Resource Exhaustion | Memory Pressure | Service Degradation | Network Congestion | Disk Bottleneck | Software Fault,CPU=86.2% | Memory=83.7% | ResponseTime=1714ms | Latency=622ms | DiskIO=131.2MB/s | Errors=5.2,6,86.15428571428572,83.6557142857143,1714.1178571428572,622.1764285714287,131.2271428571429,5.214285714285714,3
blk_7611999541002328747,0.7064,HIGH,CRITICAL,packet_responder,Resource Exhaustion,Resource Exhaustion | Memory Pressure | Service Degradation | Network Congestion | Disk Bottleneck | Software Fault,CPU=85.1% | Memory=82.9% | ResponseTime=1874ms | Latency=700ms | DiskIO=135.1MB/s | Errors=4.8,6,85.07076923076923,82.90692307692308,1873.977692307692,699.7399999999999,135.13615384615383,4.846153846153846,3
blk_-3270225691731385157,0.7063,HIGH,CRITICAL,packet_responder,Resource Exhaustion,Resource Exhaustion | Memory Pressure | Service Degradation | Network Congestion | Disk Bottleneck | Software Fault,CPU=87.4% | Memory=85.4% | ResponseTime=1699ms | Latency=632ms | DiskIO=138.7MB/s | Errors=6.0,6,87.43692307692308,85.44307692307692,1698.7746153846151,631.756923076923,138.70384615384617,6.0,3
blk_7505495163819331501,0.7063,HIGH,CRITICAL,packet_responder,Resource Exhaustion,Resource Exhaustion | Memory Pressure | Service Degradation | Network Congestion | Disk Bottleneck | Software Fault,CPU=86.1% | Memory=84.7% | ResponseTime=1721ms | Latency=653ms | DiskIO=133.6MB/s | Errors=4.9,6,86.14692307692309,84.7223076923077,1721.2261538461537,653.2584615384616,133.64846153846153,4.923076923076923,3
blk_-2414041746483038993,0.7063,HIGH,CRITICAL,namenode_service,Resource Exhaustion,Resource Exhaustion | Memory Pressure | Service Degradation | Network Congestion | Disk Bottleneck | Software Fault,CPU=88.5% | Memory=81.2% | ResponseTime=1782ms | Latency=589ms | DiskIO=132.8MB/s | Errors=4.9,6,88.48961538461539,81.17807692307693,1781.611153846154,589.3130769230769,132.78076923076924,4.923076923076923,3
blk_8993243400688409735,0.7063,HIGH,CRITICAL,datanode_service,Resource Exhaustion,Resource Exhaustion | Memory Pressure | Service Degradation | Network Congestion | Disk Bottleneck | Software Fault,CPU=86.1% | Memory=79.8% | ResponseTime=1762ms | Latency=617ms | DiskIO=134.3MB/s | Errors=5.3,6,86.08176470588235,79.83705882352942,1761.6376470588236,617.4458823529412,134.32941176470587,5.294117647058823,3
blk_8909854022061202842,0.7062,HIGH,CRITICAL,packet_responder,Resource Exhaustion,Resource Exhaustion | Memory Pressure | Service Degradation | Network Congestion | Disk Bottleneck | Software Fault,CPU=89.0% | Memory=83.4% | ResponseTime=1568ms | Latency=624ms | DiskIO=149.3MB/s | Errors=5.9,6,88.98357142857142,83.44428571428571,1568.0849999999998,624.1942857142857,149.32999999999998,5.857142857142857,3
blk_-6985074095021390152,0.7062,HIGH,CRITICAL,packet_responder,Resource Exhaustion,Resource Exhaustion | Memory Pressure | Service Degradation | Network Congestion | Disk Bottleneck | Software Fault,CPU=86.3% | Memory=81.3% | ResponseTime=1648ms | Latency=589ms | DiskIO=132.0MB/s | Errors=5.5,6,86.26923076923077,81.32846153846154,1647.8730769230767,589.1807692307692,131.97923076923078,5.461538461538462,3
blk_9058333415804874030,0.7059,HIGH,CRITICAL,packet_responder,Resource Exhaustion,Resource Exhaustion | Memory Pressure | Service Degradation | Network Congestion | Disk Bottleneck | Software Fault | Repeated Failures,CPU=85.8% | Memory=82.8% | ResponseTime=1795ms | Latency=641ms | DiskIO=138.8MB/s | Errors=4.7 | FailedEvents=4,7,85.82285714285715,82.80714285714285,1794.8528571428571,641.3507142857143,138.78,4.714285714285714,4
blk_-5350492094942566244,0.7059,HIGH,CRITICAL,datanode_service,Resource Exhaustion,Resource Exhaustion | Memory Pressure | Service Degradation | Network Congestion | Disk Bottleneck | Software Fault,CPU=93.0% | Memory=79.2% | ResponseTime=2014ms | Latency=729ms | DiskIO=131.6MB/s | Errors=6.0,6,93.0325,79.235,2014.425,728.71,131.5775,6.0,1
blk_4796636590711000032,0.7059,HIGH,CRITICAL,packet_responder,Resource Exhaustion,Resource Exhaustion | Memory Pressure | Service Degradation | Network Congestion | Disk Bottleneck | Software Fault,CPU=82.1% | Memory=81.6% | ResponseTime=1647ms | Latency=603ms | DiskIO=140.4MB/s | Errors=5.2,6,82.12769230769231,81.64846153846155,1646.9853846153846,603.0776923076924,140.43769230769232,5.230769230769231,3
blk_2738296038705995926,0.7057,HIGH,CRITICAL,namenode_service,Resource Exhaustion,Resource Exhaustion | Memory Pressure | Service Degradation | Network Congestion | Disk Bottleneck | Software Fault | Repeated Failures,CPU=84.1% | Memory=79.9% | ResponseTime=1807ms | Latency=655ms | DiskIO=138.3MB/s | Errors=5.0 | FailedEvents=4,7,84.115,79.902,1807.113,655.4885,138.31199999999998,4.95,4
blk_-837877224236148203,0.7057,HIGH,CRITICAL,packet_responder,Resource Exhaustion,Resource Exhaustion | Memory Pressure | Service Degradation | Network Congestion | Disk Bottleneck | Software Fault,CPU=89.6% | Memory=84.6% | ResponseTime=1899ms | Latency=644ms | DiskIO=137.5MB/s | Errors=5.2,6,89.62615384615385,84.63000000000001,1898.8392307692309,644.4515384615386,137.50846153846155,5.230769230769231,3
blk_6358615239874735564,0.7055,HIGH,CRITICAL,packet_responder,Resource Exhaustion,Resource Exhaustion | Memory Pressure | Service Degradation | Network Congestion | Disk Bottleneck | Software Fault,CPU=85.1% | Memory=84.3% | ResponseTime=1766ms | Latency=587ms | DiskIO=139.9MB/s | Errors=5.1,6,85.08500000000001,84.34714285714286,1765.6664285714287,586.7028571428572,139.93714285714285,5.142857142857143,3
blk_-6899546692686650917,0.7054,HIGH,CRITICAL,packet_responder,Resource Exhaustion,Resource Exhaustion | Memory Pressure | Service Degradation | Network Congestion | Disk Bottleneck | Software Fault | Repeated Failures,CPU=88.9% | Memory=84.8% | ResponseTime=1889ms | Latency=723ms | DiskIO=147.5MB/s | Errors=4.6 | FailedEvents=4,7,88.878,84.84933333333333,1888.9693333333332,722.5206666666667,147.47400000000002,4.6,4
blk_-1834874373809772413,0.7054,HIGH,CRITICAL,namenode_service,Resource Exhaustion,Resource Exhaustion | Memory Pressure | Service Degradation | Network Congestion | Disk Bottleneck | Software Fault | Repeated Failures,CPU=88.8% | Memory=80.0% | ResponseTime=1767ms | Latency=664ms | DiskIO=128.0MB/s | Errors=5.2 | FailedEvents=4,7,88.78450000000001,79.989,1766.636,664.192,127.967,5.2,4
blk_9181863108539738899,0.7054,HIGH,CRITICAL,packet_responder,Resource Exhaustion,Resource Exhaustion | Memory Pressure | Service Degradation | Network Congestion | Disk Bottleneck | Software Fault,CPU=89.3% | Memory=84.2% | ResponseTime=1716ms | Latency=638ms | DiskIO=144.2MB/s | Errors=5.2,6,89.30214285714285,84.22142857142856,1716.287857142857,638.2685714285715,144.185,5.214285714285714,3
blk_8015831674810455621,0.7051,HIGH,CRITICAL,namenode_service,Resource Exhaustion,Resource Exhaustion | Memory Pressure | Service Degradation | Network Congestion | Disk Bottleneck | Software Fault | Repeated Failures,CPU=89.1% | Memory=80.1% | ResponseTime=1656ms | Latency=646ms | DiskIO=132.9MB/s | Errors=5.5 | FailedEvents=4,7,89.103,80.0945,1655.5255000000002,645.8565,132.902,5.45,4
blk_5283527678786268038,0.705,HIGH,CRITICAL,packet_responder,Resource Exhaustion,Resource Exhaustion | Memory Pressure | Service Degradation | Network Congestion | Disk Bottleneck | Software Fault,CPU=90.0% | Memory=80.9% | ResponseTime=1880ms | Latency=556ms | DiskIO=136.2MB/s | Errors=4.3,6,89.97461538461539,80.90692307692308,1880.0215384615385,555.7323076923077,136.21846153846153,4.307692307692308,3
blk_-6241220582305795548,0.7049,HIGH,CRITICAL,datanode_service,Resource Exhaustion,Resource Exhaustion | Memory Pressure | Service Degradation | Network Congestion | Disk Bottleneck | Software Fault | Repeated Failures,CPU=85.6% | Memory=81.1% | ResponseTime=1676ms | Latency=582ms | DiskIO=131.4MB/s | Errors=4.7 | FailedEvents=5,7,85.620625,81.0525,1676.095625,582.038125,131.394375,4.6875,5
blk_-5246554414939097134,0.7049,HIGH,CRITICAL,datanode_service,Resource Exhaustion,Resource Exhaustion | Memory Pressure | Service Degradation | Network Congestion | Disk Bottleneck | Software Fault,CPU=86.9% | Memory=87.4% | ResponseTime=1875ms | Latency=673ms | DiskIO=134.2MB/s | Errors=5.2,6,86.86882352941177,87.38235294117646,1875.2329411764704,673.2794117647059,134.16529411764705,5.176470588235294,3
blk_-6586445119773356257,0.7048,HIGH,CRITICAL,packet_responder,Resource Exhaustion,Resource Exhaustion | Memory Pressure | Service Degradation | Network Congestion | Disk Bottleneck | Software Fault,CPU=91.1% | Memory=84.5% | ResponseTime=1801ms | Latency=627ms | DiskIO=132.3MB/s | Errors=5.5,6,91.14230769230768,84.52923076923076,1800.7130769230769,626.6092307692307,132.28692307692307,5.538461538461538,3
blk_8244382499450877092,0.7048,HIGH,CRITICAL,packet_responder,Resource Exhaustion,Resource Exhaustion | Memory Pressure | Service Degradation | Network Congestion | Disk Bottleneck | Software Fault,CPU=88.8% | Memory=87.7% | ResponseTime=1923ms | Latency=696ms | DiskIO=133.6MB/s | Errors=5.4,6,88.785,87.70714285714287,1922.827857142857,695.6235714285714,133.56285714285713,5.357142857142857,3
blk_8426223118349452056,0.7048,HIGH,CRITICAL,packet_responder,Resource Exhaustion,Resource Exhaustion | Memory Pressure | Service Degradation | Network Congestion | Disk Bottleneck | Software Fault,CPU=88.1% | Memory=78.3% | ResponseTime=1746ms | Latency=586ms | DiskIO=147.1MB/s | Errors=5.1,6,88.08769230769232,78.3076923076923,1746.073076923077,585.8253846153846,147.0776923076923,5.076923076923077,3
blk_-2950663887493455200,0.7048,HIGH,CRITICAL,datanode_service,Resource Exhaustion,Resource Exhaustion | Memory Pressure | Service Degradation | Network Congestion | Disk Bottleneck | Software Fault,CPU=87.6% | Memory=80.4% | ResponseTime=1856ms | Latency=600ms | DiskIO=126.3MB/s | Errors=5.1,6,87.55761904761906,80.4,1856.332380952381,600.4195238095238,126.2647619047619,5.142857142857143,3
blk_6149800504843028669,0.7047,HIGH,CRITICAL,packet_responder,Resource Exhaustion,Resource Exhaustion | Memory Pressure | Service Degradation | Network Congestion | Disk Bottleneck | Software Fault,CPU=84.5% | Memory=81.1% | ResponseTime=1582ms | Latency=607ms | DiskIO=144.3MB/s | Errors=5.4,6,84.46428571428571,81.10928571428572,1582.4692857142857,607.4735714285714,144.34,5.428571428571429,3
blk_-6807617704355293530,0.7047,HIGH,CRITICAL,datanode_service,Resource Exhaustion,Resource Exhaustion | Memory Pressure | Service Degradation | Network Congestion | Disk Bottleneck | Software Fault,CPU=87.0% | Memory=81.7% | ResponseTime=1993ms | Latency=541ms | DiskIO=148.9MB/s | Errors=5.1,6,86.99411764705883,81.6735294117647,1992.609411764706,540.6064705882353,148.85235294117646,5.0588235294117645,3
blk_7175945677757046854,0.7045,HIGH,CRITICAL,namenode_service,Resource Exhaustion,Resource Exhaustion | Memory Pressure | Service Degradation | Network Congestion | Disk Bottleneck | Software Fault | Repeated Failures,CPU=84.6% | Memory=84.7% | ResponseTime=1834ms | Latency=581ms | DiskIO=147.1MB/s | Errors=4.9 | FailedEvents=4,7,84.64142857142858,84.73071428571428,1834.1825,580.8053571428571,147.1182142857143,4.892857142857143,4
blk_-6810925524100722920,0.7044,HIGH,CRITICAL,packet_responder,Resource Exhaustion,Resource Exhaustion | Memory Pressure | Service Degradation | Network Congestion | Disk Bottleneck | Software Fault,CPU=92.0% | Memory=79.4% | ResponseTime=1863ms | Latency=663ms | DiskIO=135.0MB/s | Errors=5.5,6,92.00384615384615,79.4,1863.32,662.5815384615385,134.95615384615385,5.538461538461538,3
blk_3707548703317650926,0.7044,HIGH,CRITICAL,datanode_service,Resource Exhaustion,Resource Exhaustion | Memory Pressure | Service Degradation | Network Congestion | Disk Bottleneck | Software Fault,CPU=88.1% | Memory=80.0% | ResponseTime=1731ms | Latency=713ms | DiskIO=125.3MB/s | Errors=5.2,6,88.07941176470588,79.98176470588236,1730.5241176470588,713.1111764705882,125.29764705882351,5.176470588235294,3
blk_8892637456908782715,0.7044,HIGH,CRITICAL,packet_responder,Resource Exhaustion,Resource Exhaustion | Memory Pressure | Service Degradation | Network Congestion | Disk Bottleneck | Software Fault,CPU=87.6% | Memory=81.6% | ResponseTime=1757ms | Latency=561ms | DiskIO=136.1MB/s | Errors=4.2,6,87.57384615384616,81.58076923076922,1757.3184615384614,561.1638461538462,136.10692307692307,4.230769230769231,3
blk_-3842070622043972712,0.7043,HIGH,CRITICAL,datanode_service,Resource Exhaustion,Resource Exhaustion | Memory Pressure | Service Degradation | Network Congestion | Disk Bottleneck | Software Fault,CPU=88.0% | Memory=83.1% | ResponseTime=1434ms | Latency=562ms | DiskIO=138.5MB/s | Errors=4.5,6,88.00647058823529,83.07352941176471,1434.2476470588235,562.0376470588235,138.45235294117649,4.470588235294118,3
blk_-8279889512753691020,0.7042,HIGH,CRITICAL,packet_responder,Resource Exhaustion,Resource Exhaustion | Memory Pressure | Service Degradation | Network Congestion | Disk Bottleneck | Software Fault,CPU=88.8% | Memory=84.7% | ResponseTime=1890ms | Latency=609ms | DiskIO=137.4MB/s | Errors=5.6,6,88.8092857142857,84.71642857142857,1890.3892857142855,608.9571428571428,137.39,5.571428571428571,3
blk_7148501434925676763,0.7041,HIGH,CRITICAL,namenode_service,Resource Exhaustion,Resource Exhaustion | Memory Pressure | Service Degradation | Network Congestion | Disk Bottleneck | Software Fault | Repeated Failures,CPU=85.8% | Memory=84.4% | ResponseTime=1663ms | Latency=655ms | DiskIO=145.6MB/s | Errors=5.2 | FailedEvents=4,7,85.84700000000001,84.368,1662.8385000000003,655.2845,145.601,5.2,4
blk_8873322164119075580,0.7041,HIGH,CRITICAL,packet_responder,Resource Exhaustion,Resource Exhaustion | Memory Pressure | Service Degradation | Network Congestion | Disk Bottleneck | Software Fault,CPU=88.6% | Memory=82.9% | ResponseTime=1815ms | Latency=592ms | DiskIO=129.7MB/s | Errors=4.6,6,88.60384615384615,82.93307692307692,1815.2669230769231,592.4907692307693,129.66153846153844,4.615384615384615,3
blk_3880167365583667205,0.704,HIGH,CRITICAL,packet_responder,Resource Exhaustion,Resource Exhaustion | Memory Pressure | Service Degradation | Network Congestion | Disk Bottleneck | Software Fault,CPU=86.6% | Memory=83.0% | ResponseTime=1695ms | Latency=614ms | DiskIO=141.2MB/s | Errors=4.9,6,86.57538461538462,82.95692307692308,1695.4646153846154,613.993076923077,141.17384615384614,4.923076923076923,3
blk_282896531640927505,0.704,HIGH,CRITICAL,datanode_service,Resource Exhaustion,Resource Exhaustion | Memory Pressure | Service Degradation | Network Congestion | Disk Bottleneck | Software Fault,CPU=87.2% | Memory=84.2% | ResponseTime=1807ms | Latency=602ms | DiskIO=134.7MB/s | Errors=5.2,6,87.18380952380953,84.23666666666666,1806.595238095238,602.4914285714285,134.68142857142857,5.238095238095238,3
blk_-1794546949623629165,0.704,HIGH,CRITICAL,datanode_service,Resource Exhaustion,Resource Exhaustion | Memory Pressure | Service Degradation | Network Congestion | Disk Bottleneck | Software Fault,CPU=87.3% | Memory=81.1% | ResponseTime=1618ms | Latency=578ms | DiskIO=141.6MB/s | Errors=4.8,6,87.30142857142857,81.07142857142857,1618.304761904762,578.4080952380953,141.62190476190477,4.761904761904762,3
blk_8588201730392483808,0.7039,HIGH,CRITICAL,packet_responder,Resource Exhaustion,Resource Exhaustion | Memory Pressure | Service Degradation | Network Congestion | Disk Bottleneck | Software Fault | Repeated Failures,CPU=89.3% | Memory=83.0% | ResponseTime=1776ms | Latency=590ms | DiskIO=137.3MB/s | Errors=5.1 | FailedEvents=4,7,89.31500000000001,83.02285714285713,1776.1378571428572,589.7642857142857,137.30785714285713,5.071428571428571,4
blk_6232148988967766853,0.7039,HIGH,CRITICAL,datanode_service,Resource Exhaustion,Resource Exhaustion | Memory Pressure | Service Degradation | Network Congestion | Disk Bottleneck | Software Fault,CPU=93.0% | Memory=81.8% | ResponseTime=2109ms | Latency=537ms | DiskIO=152.9MB/s | Errors=6.8,6,93.0325,81.7925,2109.0775,537.0725,152.91,6.75,1
blk_493342597150044001,0.7038,HIGH,CRITICAL,namenode_service,Resource Exhaustion,Resource Exhaustion | Memory Pressure | Service Degradation | Network Congestion | Disk Bottleneck | Software Fault | Repeated Failures,CPU=87.7% | Memory=82.9% | ResponseTime=1832ms | Latency=628ms | DiskIO=146.9MB/s | Errors=5.0 | FailedEvents=4,7,87.7105,82.861,1831.887,627.678,146.947,4.95,4
blk_-8456922825201750425,0.7038,HIGH,CRITICAL,packet_responder,Resource Exhaustion,Resource Exhaustion | Memory Pressure | Service Degradation | Network Congestion | Disk Bottleneck | Software Fault,CPU=89.3% | Memory=82.9% | ResponseTime=1862ms | Latency=608ms | DiskIO=146.2MB/s | Errors=4.9,6,89.29153846153847,82.93923076923078,1861.5215384615385,607.9984615384615,146.24,4.923076923076923,3
blk_-7585673039855605089,0.7038,HIGH,CRITICAL,datanode_service,Resource Exhaustion,Resource Exhaustion | Memory Pressure | Service Degradation | Network Congestion | Disk Bottleneck | Software Fault,CPU=89.3% | Memory=83.0% | ResponseTime=1666ms | Latency=575ms | DiskIO=149.2MB/s | Errors=5.2,6,89.27000000000001,82.95142857142858,1666.318095238095,575.3133333333333,149.17857142857142,5.238095238095238,3
blk_-5536329915628181399,0.7037,HIGH,CRITICAL,packet_responder,Resource Exhaustion,Resource Exhaustion | Memory Pressure | Service Degradation | Network Congestion | Disk Bottleneck | Software Fault,CPU=86.6% | Memory=84.8% | ResponseTime=1877ms | Latency=646ms | DiskIO=138.0MB/s | Errors=4.5,6,86.6376923076923,84.7623076923077,1876.600769230769,646.3815384615384,138.00923076923075,4.538461538461538,3
blk_-2999921031439676603,0.7037,HIGH,CRITICAL,packet_responder,Resource Exhaustion,Resource Exhaustion | Memory Pressure | Service Degradation | Network Congestion | Disk Bottleneck | Software Fault,CPU=87.3% | Memory=80.6% | ResponseTime=1857ms | Latency=553ms | DiskIO=133.7MB/s | Errors=4.8,6,87.28153846153847,80.60230769230769,1857.400769230769,553.0953846153845,133.73846153846154,4.846153846153846,3
blk_-7790307577820871827,0.7035,HIGH,CRITICAL,packet_responder,Resource Exhaustion,Resource Exhaustion | Memory Pressure | Service Degradation | Network Congestion | Disk Bottleneck | Software Fault,CPU=88.5% | Memory=81.8% | ResponseTime=1950ms | Latency=642ms | DiskIO=143.6MB/s | Errors=4.5,6,88.47,81.75307692307692,1950.3161538461536,641.5484615384617,143.57538461538462,4.461538461538462,3
blk_7170136652868838267,0.7035,HIGH,CRITICAL,packet_responder,Resource Exhaustion,Resource Exhaustion | Memory Pressure | Service Degradation | Network Congestion | Disk Bottleneck | Software Fault,CPU=87.1% | Memory=81.9% | ResponseTime=1877ms | Latency=597ms | DiskIO=142.8MB/s | Errors=5.4,6,87.08461538461538,81.92846153846153,1877.35,596.8807692307693,142.79846153846154,5.384615384615385,3
blk_9126694151667606112,0.7034,HIGH,CRITICAL,packet_responder,Resource Exhaustion,Resource Exhaustion | Memory Pressure | Service Degradation | Network Congestion | Disk Bottleneck | Software Fault,CPU=82.0% | Memory=79.3% | ResponseTime=1830ms | Latency=635ms | DiskIO=123.9MB/s | Errors=5.0,6,82.03692307692307,79.33846153846154,1829.7969230769231,635.1576923076923,123.92384615384616,5.0,3
blk_-5261751311339308488,0.7033,HIGH,CRITICAL,datanode_service,Resource Exhaustion,Resource Exhaustion | Memory Pressure | Service Degradation | Network Congestion | Disk Bottleneck | Software Fault,CPU=86.2% | Memory=80.8% | ResponseTime=1680ms | Latency=616ms | DiskIO=145.1MB/s | Errors=4.9,6,86.21375,80.84916666666668,1680.1566666666668,616.42,145.13333333333333,4.916666666666667,3
blk_-1514776277348015483,0.7032,HIGH,CRITICAL,packet_responder,Resource Exhaustion,Resource Exhaustion | Memory Pressure | Service Degradation | Network Congestion | Disk Bottleneck | Software Fault,CPU=91.0% | Memory=83.9% | ResponseTime=1636ms | Latency=598ms | DiskIO=152.2MB/s | Errors=5.4,6,90.96,83.905,1636.125,598.2578571428572,152.18214285714288,5.428571428571429,3
blk_2336962819994586155,0.7031,HIGH,CRITICAL,packet_responder,Resource Exhaustion,Resource Exhaustion | Memory Pressure | Service Degradation | Network Congestion | Disk Bottleneck | Software Fault,CPU=86.2% | Memory=80.5% | ResponseTime=1900ms | Latency=700ms | DiskIO=138.9MB/s | Errors=5.2,6,86.15846153846154,80.5,1899.829230769231,700.0215384615385,138.89923076923077,5.230769230769231,3
blk_-8065505042486451633,0.703,HIGH,CRITICAL,datanode_service,Resource Exhaustion,Resource Exhaustion | Memory Pressure | Service Degradation | Network Congestion | Disk Bottleneck | Software Fault,CPU=91.9% | Memory=85.4% | ResponseTime=2023ms | Latency=651ms | DiskIO=159.9MB/s | Errors=6.2,6,91.8525,85.415,2023.135,651.14,159.85250000000002,6.25,1
blk_-496692173417080186,0.7029,HIGH,CRITICAL,packet_responder,Resource Exhaustion,Resource Exhaustion | Memory Pressure | Service Degradation | Network Congestion | Disk Bottleneck | Software Fault,CPU=85.9% | Memory=81.8% | ResponseTime=1685ms | Latency=631ms | DiskIO=133.4MB/s | Errors=5.9,6,85.88307692307693,81.76461538461538,1684.970769230769,631.146923076923,133.36384615384617,5.923076923076923,3
blk_8340881995241460958,0.7029,HIGH,CRITICAL,packet_responder,Resource Exhaustion,Resource Exhaustion | Memory Pressure | Service Degradation | Network Congestion | Disk Bottleneck | Software Fault,CPU=85.7% | Memory=86.9% | ResponseTime=1855ms | Latency=574ms | DiskIO=143.5MB/s | Errors=5.4,6,85.68153846153845,86.90923076923076,1855.21,574.0023076923077,143.51923076923077,5.384615384615385,3
blk_8166890690857153761,0.7029,HIGH,CRITICAL,packet_responder,Resource Exhaustion,Resource Exhaustion | Memory Pressure | Service Degradation | Network Congestion | Disk Bottleneck | Software Fault,CPU=85.7% | Memory=82.2% | ResponseTime=1677ms | Latency=686ms | DiskIO=147.0MB/s | Errors=4.8,6,85.67214285714286,82.18928571428572,1676.571428571429,685.6435714285715,147.03,4.785714285714286,3
blk_-7306540957849879112,0.7027,HIGH,CRITICAL,packet_responder,Resource Exhaustion,Resource Exhaustion | Memory Pressure | Service Degradation | Network Congestion | Disk Bottleneck | Software Fault | Repeated Failures,CPU=86.8% | Memory=78.5% | ResponseTime=1780ms | Latency=552ms | DiskIO=139.1MB/s | Errors=4.9 | FailedEvents=4,7,86.82428571428571,78.47857142857143,1779.6357142857144,552.3821428571429,139.1,4.857142857142857,4
blk_8608974154783629388,0.7027,HIGH,CRITICAL,packet_responder,Resource Exhaustion,Resource Exhaustion | Memory Pressure | Service Degradation | Network Congestion | Disk Bottleneck | Software Fault,CPU=87.5% | Memory=85.1% | ResponseTime=1630ms | Latency=597ms | DiskIO=147.2MB/s | Errors=4.5,6,87.50615384615384,85.08846153846154,1630.3592307692306,596.6053846153847,147.15307692307692,4.461538461538462,3
blk_4929030647678699348,0.7026,HIGH,CRITICAL,namenode_service,Resource Exhaustion,Resource Exhaustion | Memory Pressure | Service Degradation | Network Congestion | Disk Bottleneck | Software Fault | Repeated Failures,CPU=84.8% | Memory=82.5% | ResponseTime=1827ms | Latency=591ms | DiskIO=149.3MB/s | Errors=5.6 | FailedEvents=4,7,84.8395,82.4615,1826.5275,590.954,149.305,5.6,4
blk_4367534647448718968,0.7026,HIGH,CRITICAL,datanode_service,Resource Exhaustion,Resource Exhaustion | Memory Pressure | Service Degradation | Network Congestion | Disk Bottleneck | Software Fault,CPU=87.4% | Memory=82.0% | ResponseTime=1716ms | Latency=618ms | DiskIO=130.3MB/s | Errors=4.8,6,87.40294117647058,82.01882352941176,1715.8135294117646,617.5988235294118,130.26823529411763,4.823529411764706,3
blk_2729099960266935034,0.7025,HIGH,CRITICAL,packet_responder,Resource Exhaustion,Resource Exhaustion | Memory Pressure | Service Degradation | Network Congestion | Disk Bottleneck | Software Fault,CPU=86.4% | Memory=79.0% | ResponseTime=1863ms | Latency=676ms | DiskIO=134.0MB/s | Errors=4.3,6,86.40538461538462,79.02923076923076,1862.8261538461536,676.1992307692308,134.0323076923077,4.307692307692308,3
blk_9019266009355394096,0.7023,HIGH,CRITICAL,packet_responder,Resource Exhaustion,Resource Exhaustion | Memory Pressure | Service Degradation | Network Congestion | Disk Bottleneck | Software Fault,CPU=90.0% | Memory=83.9% | ResponseTime=1860ms | Latency=562ms | DiskIO=142.4MB/s | Errors=5.1,6,89.97769230769231,83.90846153846154,1860.106153846154,562.4615384615385,142.38846153846154,5.076923076923077,3
blk_3226167313525857631,0.7023,HIGH,CRITICAL,packet_responder,Resource Exhaustion,Resource Exhaustion | Memory Pressure | Service Degradation | Network Congestion | Disk Bottleneck | Software Fault,CPU=86.9% | Memory=82.7% | ResponseTime=2015ms | Latency=553ms | DiskIO=138.5MB/s | Errors=4.6,6,86.89076923076922,82.73692307692308,2015.3576923076923,552.7953846153846,138.47692307692307,4.615384615384615,3
blk_1602133112635742618,0.7023,HIGH,CRITICAL,packet_responder,Resource Exhaustion,Resource Exhaustion | Memory Pressure | Service Degradation | Network Congestion | Disk Bottleneck | Software Fault,CPU=86.4% | Memory=80.9% | ResponseTime=1620ms | Latency=614ms | DiskIO=128.4MB/s | Errors=4.8,6,86.41461538461539,80.94461538461539,1620.4038461538462,614.0538461538462,128.36153846153846,4.846153846153846,3
blk_4221629338059545013,0.7022,HIGH,CRITICAL,namenode_service,Resource Exhaustion,Resource Exhaustion | Memory Pressure | Service Degradation | Network Congestion | Disk Bottleneck | Software Fault | Repeated Failures,CPU=86.2% | Memory=81.0% | ResponseTime=1719ms | Latency=557ms | DiskIO=140.8MB/s | Errors=5.2 | FailedEvents=4,7,86.1865,81.045,1719.0305,557.0675,140.8435,5.25,4
blk_-7276034407817287253,0.7022,HIGH,CRITICAL,datanode_service,Resource Exhaustion,Resource Exhaustion | Memory Pressure | Service Degradation | Network Congestion | Disk Bottleneck | Software Fault,CPU=89.4% | Memory=82.5% | ResponseTime=1853ms | Latency=659ms | DiskIO=136.3MB/s | Errors=4.9,6,89.42857142857143,82.53714285714285,1853.440476190476,659.33,136.3,4.904761904761905,3
blk_5663758709976344939,0.7019,HIGH,CRITICAL,packet_responder,Resource Exhaustion,Resource Exhaustion | Memory Pressure | Service Degradation | Network Congestion | Disk Bottleneck | Software Fault,CPU=87.6% | Memory=80.3% | ResponseTime=1534ms | Latency=567ms | DiskIO=148.9MB/s | Errors=5.8,6,87.56615384615384,80.31384615384614,1533.776923076923,566.7538461538462,148.87,5.846153846153846,3
blk_8788754688695348102,0.7018,HIGH,CRITICAL,packet_responder,Resource Exhaustion,Resource Exhaustion | Memory Pressure | Service Degradation | Network Congestion | Disk Bottleneck | Software Fault,CPU=88.6% | Memory=80.5% | ResponseTime=1974ms | Latency=554ms | DiskIO=125.9MB/s | Errors=5.3,6,88.6123076923077,80.48307692307692,1973.7730769230768,553.7015384615385,125.89538461538464,5.307692307692308,3
blk_7790375293275694565,0.7017,HIGH,CRITICAL,packet_responder,Resource Exhaustion,Resource Exhaustion | Memory Pressure | Service Degradation | Network Congestion | Disk Bottleneck | Software Fault,CPU=88.1% | Memory=81.8% | ResponseTime=1593ms | Latency=654ms | DiskIO=144.6MB/s | Errors=5.5,6,88.08769230769232,81.80692307692308,1592.8730769230767,653.8561538461538,144.62846153846155,5.461538461538462,3
blk_8859065152132099604,0.7015,HIGH,CRITICAL,packet_responder,Resource Exhaustion,Resource Exhaustion | Memory Pressure | Service Degradation | Network Congestion | Disk Bottleneck | Software Fault | Repeated Failures,CPU=88.1% | Memory=82.1% | ResponseTime=1757ms | Latency=633ms | DiskIO=146.8MB/s | Errors=5.0 | FailedEvents=4,7,88.05199999999999,82.10266666666666,1757.3453333333334,632.9300000000001,146.80666666666667,5.0,4
blk_7869972515620340549,0.7013,HIGH,CRITICAL,packet_responder,Resource Exhaustion,Resource Exhaustion | Memory Pressure | Service Degradation | Network Congestion | Disk Bottleneck | Software Fault,CPU=84.8% | Memory=83.5% | ResponseTime=2074ms | Latency=636ms | DiskIO=143.2MB/s | Errors=5.0,6,84.7776923076923,83.4976923076923,2074.264615384616,635.9561538461538,143.19846153846154,5.0,3
blk_6716074174884629598,0.7012,HIGH,CRITICAL,packet_responder,Resource Exhaustion,Resource Exhaustion | Memory Pressure | Service Degradation | Network Congestion | Disk Bottleneck | Software Fault,CPU=88.0% | Memory=80.9% | ResponseTime=1755ms | Latency=561ms | DiskIO=148.1MB/s | Errors=5.2,6,87.95615384615385,80.9223076923077,1755.293846153846,560.5615384615385,148.13538461538462,5.153846153846154,3
blk_8207492027125685146,0.7012,HIGH,CRITICAL,packet_responder,Resource Exhaustion,Resource Exhaustion | Memory Pressure | Service Degradation | Network Congestion | Disk Bottleneck | Software Fault,CPU=89.6% | Memory=83.5% | ResponseTime=1820ms | Latency=692ms | DiskIO=137.8MB/s | Errors=4.8,6,89.63846153846154,83.48538461538462,1820.1453846153845,692.0115384615384,137.77692307692308,4.769230769230769,3
blk_8181993091797661153,0.7011,HIGH,CRITICAL,packet_responder,Resource Exhaustion,Resource Exhaustion | Memory Pressure | Service Degradation | Network Congestion | Disk Bottleneck | Software Fault,CPU=86.3% | Memory=81.9% | ResponseTime=1649ms | Latency=637ms | DiskIO=155.3MB/s | Errors=4.5,6,86.32692307692308,81.86076923076924,1649.1315384615384,637.1215384615384,155.33923076923077,4.538461538461538,3
blk_-8525500385929171854,0.7009,HIGH,CRITICAL,packet_responder,Resource Exhaustion,Resource Exhaustion | Memory Pressure | Service Degradation | Network Congestion | Disk Bottleneck | Software Fault,CPU=89.6% | Memory=81.0% | ResponseTime=1624ms | Latency=632ms | DiskIO=140.9MB/s | Errors=5.7,6,89.62230769230769,80.98153846153846,1624.486153846154,631.9138461538462,140.87692307692308,5.6923076923076925,3
blk_8096057244221293066,0.7008,HIGH,CRITICAL,packet_responder,Resource Exhaustion,Resource Exhaustion | Memory Pressure | Service Degradation | Network Congestion | Disk Bottleneck | Software Fault,CPU=86.3% | Memory=85.6% | ResponseTime=1956ms | Latency=529ms | DiskIO=146.0MB/s | Errors=4.7,6,86.27076923076923,85.56,1955.706923076923,528.5853846153846,146.0376923076923,4.6923076923076925,3
blk_7647493951314469315,0.7007,HIGH,CRITICAL,packet_responder,Resource Exhaustion,Resource Exhaustion | Memory Pressure | Service Degradation | Network Congestion | Disk Bottleneck | Software Fault,CPU=85.5% | Memory=82.4% | ResponseTime=1832ms | Latency=502ms | DiskIO=154.7MB/s | Errors=4.7,6,85.53153846153847,82.39,1832.19,502.4007692307693,154.74384615384616,4.6923076923076925,3
blk_-6228369913588836994,0.7007,HIGH,CRITICAL,packet_responder,Resource Exhaustion,Resource Exhaustion | Memory Pressure | Service Degradation | Network Congestion | Disk Bottleneck | Software Fault,CPU=87.7% | Memory=79.9% | ResponseTime=1888ms | Latency=531ms | DiskIO=128.9MB/s | Errors=5.2,6,87.67846153846153,79.88230769230769,1888.0015384615383,530.5461538461539,128.8530769230769,5.230769230769231,3
blk_-5337994755640289830,0.7003,HIGH,CRITICAL,datanode_service,Resource Exhaustion,Resource Exhaustion | Memory Pressure | Service Degradation | Network Congestion | Disk Bottleneck | Software Fault | Repeated Failures,CPU=85.1% | Memory=81.1% | ResponseTime=1889ms | Latency=565ms | DiskIO=148.1MB/s | Errors=4.9 | FailedEvents=5,7,85.11333333333333,81.05611111111111,1889.3644444444444,564.6311111111112,148.14999999999998,4.888888888888889,5
blk_8930624398932834895,0.7002,HIGH,CRITICAL,packet_responder,Resource Exhaustion,Resource Exhaustion | Memory Pressure | Service Degradation | Network Congestion | Disk Bottleneck | Software Fault | Repeated Failures,CPU=86.4% | Memory=80.7% | ResponseTime=1780ms | Latency=628ms | DiskIO=142.9MB/s | Errors=5.3 | FailedEvents=4,7,86.43866666666666,80.72333333333333,1779.5173333333332,627.8786666666667,142.876,5.333333333333333,4
blk_8597914169465321458,0.7002,HIGH,CRITICAL,packet_responder,Resource Exhaustion,Resource Exhaustion | Memory Pressure | Service Degradation | Network Congestion | Disk Bottleneck | Software Fault,CPU=88.8% | Memory=82.3% | ResponseTime=2028ms | Latency=559ms | DiskIO=137.6MB/s | Errors=5.3,6,88.83769230769232,82.33461538461538,2027.97,559.2369230769231,137.6169230769231,5.307692307692308,3
blk_2254481972833382718,0.7002,HIGH,CRITICAL,packet_responder,Resource Exhaustion,Resource Exhaustion | Memory Pressure | Service Degradation | Network Congestion | Disk Bottleneck | Software Fault,CPU=90.2% | Memory=82.6% | ResponseTime=1574ms | Latency=649ms | DiskIO=142.2MB/s | Errors=5.7,6,90.2046153846154,82.5576923076923,1574.0092307692307,648.87,142.24,5.6923076923076925,3
blk_-854663917810747963,0.7001,HIGH,CRITICAL,namenode_service,Resource Exhaustion,Resource Exhaustion | Memory Pressure | Service Degradation | Network Congestion | Disk Bottleneck | Software Fault,CPU=88.9% | Memory=80.2% | ResponseTime=1876ms | Latency=615ms | DiskIO=131.1MB/s | Errors=4.6,6,88.87884615384615,80.21038461538461,1876.418846153846,614.6176923076923,131.10038461538463,4.576923076923077,3
blk_8453210061546816295,0.7,HIGH,CRITICAL,packet_responder,Resource Exhaustion,Resource Exhaustion | Memory Pressure | Service Degradation | Network Congestion | Disk Bottleneck | Software Fault,CPU=89.2% | Memory=81.2% | ResponseTime=1749ms | Latency=580ms | DiskIO=140.1MB/s | Errors=4.7,6,89.15692307692308,81.18307692307692,1748.9384615384615,580.1338461538461,140.10307692307694,4.6923076923076925,3
blk_-7305833418743191853,0.6998,HIGH,CRITICAL,datanode_service,Resource Exhaustion,Resource Exhaustion | Memory Pressure | Service Degradation | Network Congestion | Disk Bottleneck | Software Fault,CPU=85.7% | Memory=82.7% | ResponseTime=1793ms | Latency=590ms | DiskIO=141.9MB/s | Errors=4.9,6,85.7004761904762,82.65523809523809,1793.2542857142855,590.2219047619047,141.87142857142857,4.857142857142857,3
blk_5777047852200326105,0.6998,HIGH,CRITICAL,packet_responder,Resource Exhaustion,Resource Exhaustion | Memory Pressure | Service Degradation | Network Congestion | Disk Bottleneck | Software Fault,CPU=86.9% | Memory=79.2% | ResponseTime=1785ms | Latency=643ms | DiskIO=144.0MB/s | Errors=5.4,6,86.86538461538461,79.24153846153845,1784.7992307692307,643.3046153846154,143.9776923076923,5.384615384615385,3
blk_-390585999644738326,0.6998,HIGH,CRITICAL,packet_responder,Resource Exhaustion,Resource Exhaustion | Memory Pressure | Service Degradation | Network Congestion | Disk Bottleneck | Software Fault,CPU=85.9% | Memory=84.2% | ResponseTime=1538ms | Latency=602ms | DiskIO=129.8MB/s | Errors=5.5,6,85.85615384615386,84.24000000000001,1538.3053846153848,601.5353846153846,129.77615384615385,5.461538461538462,3
blk_8785887476660313433,0.6998,HIGH,CRITICAL,packet_responder,Resource Exhaustion,Resource Exhaustion | Memory Pressure | Service Degradation | Network Congestion | Disk Bottleneck | Software Fault,CPU=86.0% | Memory=82.7% | ResponseTime=1895ms | Latency=537ms | DiskIO=143.6MB/s | Errors=5.2,6,86.00153846153846,82.68230769230769,1895.3492307692309,537.0107692307693,143.57615384615386,5.230769230769231,3
blk_8429793834994730436,0.6997,HIGH,CRITICAL,packet_responder,Resource Exhaustion,Resource Exhaustion | Memory Pressure | Service Degradation | Network Congestion | Disk Bottleneck | Software Fault | Repeated Failures,CPU=85.5% | Memory=81.5% | ResponseTime=1828ms | Latency=607ms | DiskIO=146.7MB/s | Errors=4.7 | FailedEvents=4,7,85.53285714285714,81.52285714285713,1827.87,607.0571428571428,146.68714285714285,4.714285714285714,4
blk_9011566452376446465,0.6996,HIGH,CRITICAL,packet_responder,Resource Exhaustion,Resource Exhaustion | Memory Pressure | Service Degradation | Network Congestion | Disk Bottleneck | Software Fault,CPU=84.0% | Memory=79.8% | ResponseTime=1813ms | Latency=574ms | DiskIO=134.3MB/s | Errors=5.9,6,84.03769230769231,79.79307692307692,1813.470769230769,574.0153846153846,134.26461538461538,5.923076923076923,3
blk_5398314277015661293,0.6996,HIGH,CRITICAL,namenode_service,Resource Exhaustion,Resource Exhaustion | Memory Pressure | Service Degradation | Network Congestion | Disk Bottleneck | Software Fault,CPU=85.7% | Memory=80.9% | ResponseTime=1718ms | Latency=653ms | DiskIO=143.4MB/s | Errors=5.0,6,85.7175,80.915625,1717.88625,652.971875,143.379375,5.0,3
blk_-427522761434588674,0.6996,HIGH,CRITICAL,packet_responder,Resource Exhaustion,Resource Exhaustion | Memory Pressure | Service Degradation | Network Congestion | Disk Bottleneck | Software Fault,CPU=90.3% | Memory=83.5% | ResponseTime=1925ms | Latency=616ms | DiskIO=140.0MB/s | Errors=5.1,6,90.29923076923076,83.48307692307692,1924.7853846153848,615.5346153846153,140.0176923076923,5.076923076923077,3
blk_-6234630683049505248,0.6995,HIGH,CRITICAL,packet_responder,Resource Exhaustion,Resource Exhaustion | Memory Pressure | Service Degradation | Network Congestion | Disk Bottleneck | Software Fault,CPU=86.5% | Memory=81.3% | ResponseTime=1797ms | Latency=579ms | DiskIO=140.6MB/s | Errors=5.2,6,86.46076923076923,81.28307692307693,1797.180769230769,578.7546153846154,140.56384615384616,5.230769230769231,3
blk_9205770903192067975,0.6994,HIGH,CRITICAL,packet_responder,Resource Exhaustion,Resource Exhaustion | Memory Pressure | Service Degradation | Network Congestion | Disk Bottleneck | Software Fault,CPU=85.4% | Memory=85.7% | ResponseTime=2000ms | Latency=577ms | DiskIO=134.8MB/s | Errors=4.7,6,85.38,85.71642857142857,1999.7314285714283,577.3707142857143,134.78571428571428,4.714285714285714,3
blk_-1580355750125402070,0.6993,HIGH,CRITICAL,namenode_service,Resource Exhaustion,Resource Exhaustion | Memory Pressure | Service Degradation | Network Congestion | Disk Bottleneck | Software Fault | Repeated Failures,CPU=86.5% | Memory=80.4% | ResponseTime=1782ms | Latency=621ms | DiskIO=142.4MB/s | Errors=4.6 | FailedEvents=4,7,86.47428571428573,80.4342857142857,1782.3339285714285,620.6103571428572,142.39214285714286,4.642857142857143,4
blk_-3911166476566899551,0.6993,HIGH,CRITICAL,datanode_service,Resource Exhaustion,Resource Exhaustion | Memory Pressure | Service Degradation | Network Congestion | Disk Bottleneck | Software Fault,CPU=86.9% | Memory=82.2% | ResponseTime=1887ms | Latency=602ms | DiskIO=137.8MB/s | Errors=5.2,6,86.90166666666666,82.20333333333333,1886.5908333333332,602.2225,137.79666666666665,5.208333333333333,3
blk_8805610655338701577,0.699,HIGH,CRITICAL,packet_responder,Resource Exhaustion,Resource Exhaustion | Memory Pressure | Service Degradation | Network Congestion | Disk Bottleneck | Software Fault,CPU=84.0% | Memory=84.7% | ResponseTime=1699ms | Latency=604ms | DiskIO=149.7MB/s | Errors=4.7,6,84.0123076923077,84.65307692307692,1698.5776923076924,603.5661538461538,149.69076923076923,4.6923076923076925,3
blk_-7784689480208199725,0.699,HIGH,CRITICAL,packet_responder,Resource Exhaustion,Resource Exhaustion | Memory Pressure | Service Degradation | Network Congestion | Disk Bottleneck | Software Fault,CPU=86.8% | Memory=81.8% | ResponseTime=1727ms | Latency=664ms | DiskIO=147.8MB/s | Errors=4.9,6,86.78357142857143,81.79857142857144,1726.797857142857,664.4778571428571,147.785,4.928571428571429,3
blk_636862019277918739,0.6989,HIGH,CRITICAL,packet_responder,Resource Exhaustion,Resource Exhaustion | Memory Pressure | Service Degradation | Network Congestion | Disk Bottleneck | Software Fault,CPU=86.3% | Memory=80.7% | ResponseTime=2007ms | Latency=617ms | DiskIO=141.4MB/s | Errors=5.8,6,86.32538461538462,80.70769230769231,2006.59,616.9353846153846,141.4146153846154,5.769230769230769,3
blk_6363427510808703071,0.6989,HIGH,CRITICAL,datanode_service,Resource Exhaustion,Resource Exhaustion | Memory Pressure | Service Degradation | Network Congestion | Disk Bottleneck | Software Fault,CPU=86.6% | Memory=83.2% | ResponseTime=1696ms | Latency=561ms | DiskIO=137.5MB/s | Errors=5.0,6,86.64714285714285,83.16142857142857,1695.756666666667,561.2266666666667,137.52190476190475,4.9523809523809526,3
blk_3497236094583490618,0.6988,HIGH,CRITICAL,namenode_service,Resource Exhaustion,Resource Exhaustion | Memory Pressure | Service Degradation | Network Congestion | Disk Bottleneck | Software Fault | Repeated Failures,CPU=88.7% | Memory=84.3% | ResponseTime=1637ms | Latency=624ms | DiskIO=140.9MB/s | Errors=5.0 | FailedEvents=4,7,88.681,84.2505,1637.2205,623.9875,140.943,5.0,4
blk_8909107483987085802,0.6988,HIGH,CRITICAL,packet_responder,Resource Exhaustion,Resource Exhaustion | Memory Pressure | Service Degradation | Network Congestion | Disk Bottleneck | Software Fault,CPU=81.9% | Memory=81.5% | ResponseTime=1725ms | Latency=639ms | DiskIO=138.8MB/s | Errors=4.9,6,81.92384615384616,81.48153846153846,1725.46,638.6946153846154,138.8453846153846,4.923076923076923,3
blk_9159128948169600619,0.6987,HIGH,CRITICAL,packet_responder,Resource Exhaustion,Resource Exhaustion | Memory Pressure | Service Degradation | Network Congestion | Disk Bottleneck | Software Fault,CPU=88.4% | Memory=78.8% | ResponseTime=1642ms | Latency=563ms | DiskIO=149.5MB/s | Errors=4.8,6,88.38307692307693,78.80692307692308,1641.8615384615384,562.5123076923077,149.47615384615386,4.769230769230769,3
blk_-1522547842783277194,0.6985,HIGH,CRITICAL,packet_responder,Resource Exhaustion,Resource Exhaustion | Memory Pressure | Service Degradation | Network Congestion | Disk Bottleneck | Software Fault,CPU=84.8% | Memory=84.2% | ResponseTime=1600ms | Latency=615ms | DiskIO=154.8MB/s | Errors=5.1,6,84.76153846153846,84.15153846153846,1599.943076923077,615.0861538461538,154.84076923076924,5.076923076923077,3
blk_8227813613926010209,0.6984,HIGH,CRITICAL,namenode_service,Resource Exhaustion,Resource Exhaustion | Memory Pressure | Service Degradation | Network Congestion | Disk Bottleneck | Software Fault | Repeated Failures,CPU=86.6% | Memory=83.2% | ResponseTime=1691ms | Latency=554ms | DiskIO=137.4MB/s | Errors=5.5 | FailedEvents=4,7,86.618,83.2485,1691.449,553.6445,137.387,5.45,4
blk_-751550579877771003,0.6984,HIGH,CRITICAL,datanode_service,Resource Exhaustion,Resource Exhaustion | Memory Pressure | Service Degradation | Network Congestion | Disk Bottleneck | Software Fault | Repeated Failures,CPU=88.4% | Memory=80.2% | ResponseTime=1665ms | Latency=584ms | DiskIO=134.9MB/s | Errors=5.2 | FailedEvents=4,7,88.44538461538461,80.24423076923077,1664.5238461538463,584.3846153846154,134.86192307692306,5.230769230769231,4
blk_5659869911521029625,0.6983,HIGH,CRITICAL,namenode_service,Resource Exhaustion,Resource Exhaustion | Memory Pressure | Service Degradation | Network Congestion | Disk Bottleneck | Software Fault | Repeated Failures,CPU=87.1% | Memory=81.7% | ResponseTime=1662ms | Latency=605ms | DiskIO=143.0MB/s | Errors=5.0 | FailedEvents=4,7,87.1265,81.682,1662.1995,605.1234999999999,143.022,5.05,4
blk_1481900455537141945,0.6983,HIGH,CRITICAL,datanode_service,Resource Exhaustion,Resource Exhaustion | Memory Pressure | Service Degradation | Network Congestion | Disk Bottleneck | Software Fault,CPU=86.5% | Memory=81.8% | ResponseTime=1819ms | Latency=573ms | DiskIO=146.4MB/s | Errors=4.9,6,86.54190476190476,81.8104761904762,1819.1933333333327,572.8938095238095,146.40761904761905,4.857142857142857,3
blk_2084103361153207519,0.6981,HIGH,CRITICAL,packet_responder,Resource Exhaustion,Resource Exhaustion | Memory Pressure | Service Degradation | Network Congestion | Disk Bottleneck | Software Fault,CPU=86.8% | Memory=80.8% | ResponseTime=1740ms | Latency=587ms | DiskIO=134.4MB/s | Errors=5.0,6,86.80307692307693,80.80307692307693,1740.4723076923076,587.3276923076924,134.43923076923076,5.0,3
blk_8902874290653812711,0.6979,HIGH,CRITICAL,packet_responder,Resource Exhaustion,Resource Exhaustion | Memory Pressure | Service Degradation | Network Congestion | Disk Bottleneck | Software Fault | Repeated Failures,CPU=89.4% | Memory=82.0% | ResponseTime=1748ms | Latency=533ms | DiskIO=145.9MB/s | Errors=5.4 | FailedEvents=4,7,89.40625,81.995,1748.486875,533.3325,145.909375,5.375,4
blk_4548101447160316938,0.6979,HIGH,CRITICAL,namenode_service,Resource Exhaustion,Resource Exhaustion | Memory Pressure | Service Degradation | Network Congestion | Disk Bottleneck | Software Fault | Repeated Failures,CPU=89.2% | Memory=82.3% | ResponseTime=1719ms | Latency=555ms | DiskIO=141.7MB/s | Errors=5.0 | FailedEvents=4,7,89.184,82.31,1719.1995,554.953,141.7105,5.05,4
blk_3837319657959975590,0.6979,HIGH,CRITICAL,packet_responder,Resource Exhaustion,Resource Exhaustion | Memory Pressure | Service Degradation | Network Congestion | Disk Bottleneck | Software Fault,CPU=86.3% | Memory=80.4% | ResponseTime=1674ms | Latency=647ms | DiskIO=138.4MB/s | Errors=5.5,6,86.28769230769231,80.41692307692308,1674.113076923077,647.4176923076923,138.39615384615385,5.461538461538462,3
blk_-653090568565900739,0.6979,HIGH,CRITICAL,packet_responder,Resource Exhaustion,Resource Exhaustion | Memory Pressure | Service Degradation | Network Congestion | Disk Bottleneck | Software Fault,CPU=90.3% | Memory=83.8% | ResponseTime=1847ms | Latency=684ms | DiskIO=148.8MB/s | Errors=4.5,6,90.25923076923075,83.84615384615384,1846.9,683.573846153846,148.80846153846153,4.538461538461538,3
blk_7999241143716748934,0.6977,HIGH,CRITICAL,packet_responder,Resource Exhaustion,Resource Exhaustion | Memory Pressure | Service Degradation | Network Congestion | Disk Bottleneck | Software Fault | Repeated Failures,CPU=85.4% | Memory=81.7% | ResponseTime=1754ms | Latency=600ms | DiskIO=146.5MB/s | Errors=5.3 | FailedEvents=4,7,85.4007142857143,81.68214285714285,1753.8992857142855,600.1264285714286,146.47642857142858,5.285714285714286,4
blk_1767067222708303329,0.6977,HIGH,CRITICAL,datanode_service,Resource Exhaustion,Resource Exhaustion | Memory Pressure | Service Degradation | Network Congestion | Disk Bottleneck | Software Fault,CPU=89.8% | Memory=84.2% | ResponseTime=1658ms | Latency=590ms | DiskIO=151.4MB/s | Errors=5.0,6,89.83285714285714,84.24190476190476,1657.8885714285716,590.3061904761905,151.4457142857143,4.9523809523809526,3
blk_-3374808099041889007,0.6975,HIGH,CRITICAL,packet_responder,Resource Exhaustion,Resource Exhaustion | Memory Pressure | Service Degradation | Network Congestion | Disk Bottleneck | Software Fault,CPU=87.1% | Memory=80.3% | ResponseTime=1732ms | Latency=519ms | DiskIO=156.1MB/s | Errors=5.2,6,87.12461538461538,80.29923076923077,1731.9184615384615,518.6607692307692,156.10692307692307,5.230769230769231,3
blk_-7885578632457030803,0.6973,HIGH,CRITICAL,packet_responder,Resource Exhaustion,Resource Exhaustion | Memory Pressure | Service Degradation | Network Congestion | Disk Bottleneck | Software Fault,CPU=83.5% | Memory=80.5% | ResponseTime=1564ms | Latency=669ms | DiskIO=139.2MB/s | Errors=4.6,6,83.52714285714286,80.46857142857142,1563.9578571428572,669.4407142857143,139.20714285714286,4.642857142857143,3
blk_-9124854280291068792,0.6972,HIGH,CRITICAL,packet_responder,Resource Exhaustion,Resource Exhaustion | Memory Pressure | Service Degradation | Network Congestion | Disk Bottleneck | Software Fault,CPU=86.1% | Memory=81.6% | ResponseTime=1892ms | Latency=578ms | DiskIO=138.0MB/s | Errors=5.5,6,86.10538461538461,81.58307692307692,1892.0907692307687,578.3661538461539,137.95923076923077,5.538461538461538,3
blk_-819492939001153371,0.6971,HIGH,CRITICAL,namenode_service,Resource Exhaustion,Resource Exhaustion | Memory Pressure | Service Degradation | Network Congestion | Disk Bottleneck | Software Fault | Repeated Failures,CPU=87.6% | Memory=81.7% | ResponseTime=1860ms | Latency=566ms | DiskIO=140.9MB/s | Errors=5.0 | FailedEvents=4,7,87.601,81.65950000000001,1859.554,565.918,140.869,4.95,4
blk_8367050868814263035,0.697,HIGH,CRITICAL,packet_responder,Resource Exhaustion,Resource Exhaustion | Memory Pressure | Service Degradation | Network Congestion | Disk Bottleneck | Software Fault,CPU=86.1% | Memory=80.7% | ResponseTime=1816ms | Latency=665ms | DiskIO=134.5MB/s | Errors=4.7,6,86.09857142857142,80.66428571428571,1815.6128571428571,665.1864285714286,134.51642857142858,4.714285714285714,3
blk_8787656642683881295,0.6969,HIGH,CRITICAL,packet_responder,Resource Exhaustion,Resource Exhaustion | Memory Pressure | Service Degradation | Network Congestion | Disk Bottleneck | Software Fault,CPU=86.9% | Memory=82.8% | ResponseTime=1954ms | Latency=672ms | DiskIO=142.2MB/s | Errors=5.2,6,86.87615384615385,82.82076923076923,1953.6592307692308,671.55,142.21846153846153,5.153846153846154,3
blk_4207153147078127808,0.6968,HIGH,CRITICAL,namenode_service,Resource Exhaustion,Resource Exhaustion | Memory Pressure | Service Degradation | Network Congestion | Disk Bottleneck | Software Fault | Repeated Failures,CPU=84.9% | Memory=80.6% | ResponseTime=1723ms | Latency=629ms | DiskIO=140.4MB/s | Errors=5.1 | FailedEvents=4,7,84.86392857142857,80.64785714285713,1722.6289285714286,628.7360714285714,140.37642857142856,5.071428571428571,4
blk_8131962107083142362,0.6968,HIGH,CRITICAL,packet_responder,Resource Exhaustion,Resource Exhaustion | Memory Pressure | Service Degradation | Network Congestion | Disk Bottleneck | Software Fault,CPU=89.0% | Memory=81.9% | ResponseTime=1803ms | Latency=582ms | DiskIO=151.5MB/s | Errors=5.3,6,89.02923076923078,81.9176923076923,1803.09,582.2269230769231,151.48,5.307692307692308,3
blk_8572134891710634203,0.6968,HIGH,CRITICAL,packet_responder,Resource Exhaustion,Resource Exhaustion | Memory Pressure | Service Degradation | Network Congestion | Disk Bottleneck | Software Fault,CPU=88.1% | Memory=80.4% | ResponseTime=1815ms | Latency=541ms | DiskIO=132.1MB/s | Errors=4.8,6,88.13923076923076,80.41,1815.4053846153847,541.3307692307692,132.14153846153846,4.769230769230769,3
blk_5585072076669843255,0.6967,HIGH,CRITICAL,packet_responder,Resource Exhaustion,Resource Exhaustion | Memory Pressure | Service Degradation | Network Congestion | Disk Bottleneck | Software Fault,CPU=89.2% | Memory=83.5% | ResponseTime=1669ms | Latency=639ms | DiskIO=140.8MB/s | Errors=4.5,6,89.22538461538463,83.48076923076923,1669.2123076923078,639.4792307692308,140.76076923076923,4.538461538461538,3
blk_8184522783473956056,0.6966,HIGH,CRITICAL,namenode_service,Resource Exhaustion,Resource Exhaustion | Memory Pressure | Service Degradation | Network Congestion | Disk Bottleneck | Software Fault | Repeated Failures,CPU=86.0% | Memory=84.1% | ResponseTime=1925ms | Latency=675ms | DiskIO=142.2MB/s | Errors=5.0 | FailedEvents=4,7,85.9635,84.10650000000001,1925.3955,675.1805,142.192,5.0,4
blk_-796016549069405026,0.6966,HIGH,CRITICAL,datanode_service,Resource Exhaustion,Resource Exhaustion | Memory Pressure | Service Degradation | Network Congestion | Disk Bottleneck | Software Fault,CPU=86.3% | Memory=83.6% | ResponseTime=1734ms | Latency=592ms | DiskIO=136.1MB/s | Errors=4.8,6,86.30095238095238,83.6347619047619,1733.98,592.2104761904762,136.05714285714285,4.809523809523809,3
blk_-2458731292493512572,0.6965,HIGH,CRITICAL,packet_responder,Resource Exhaustion,Resource Exhaustion | Memory Pressure | Service Degradation | Network Congestion | Disk Bottleneck | Software Fault,CPU=83.2% | Memory=79.6% | ResponseTime=1690ms | Latency=581ms | DiskIO=121.8MB/s | Errors=5.3,6,83.18692307692308,79.60076923076923,1690.470769230769,581.3069230769231,121.82384615384616,5.307692307692308,3
blk_2884895895638896989,0.6964,HIGH,CRITICAL,datanode_service,Resource Exhaustion,Resource Exhaustion | Memory Pressure | Service Degradation | Network Congestion | Disk Bottleneck | Software Fault,CPU=85.5% | Memory=80.7% | ResponseTime=1980ms | Latency=644ms | DiskIO=133.2MB/s | Errors=5.4,6,85.45647058823529,80.67941176470588,1980.010588235294,644.2570588235294,133.17882352941177,5.352941176470588,3
blk_-2815730233582629607,0.6963,HIGH,CRITICAL,datanode_service,Resource Exhaustion,Resource Exhaustion | Memory Pressure | Service Degradation | Network Congestion | Disk Bottleneck | Software Fault,CPU=86.4% | Memory=81.6% | ResponseTime=1779ms | Latency=599ms | DiskIO=137.2MB/s | Errors=4.6,6,86.38454545454546,81.60363636363637,1779.195,599.3913636363636,137.23954545454546,4.590909090909091,3
blk_8889993572100232756,0.6963,HIGH,CRITICAL,packet_responder,Resource Exhaustion,Resource Exhaustion | Memory Pressure | Service Degradation | Network Congestion | Disk Bottleneck | Software Fault,CPU=87.6% | Memory=77.4% | ResponseTime=1632ms | Latency=586ms | DiskIO=148.7MB/s | Errors=4.9,6,87.57214285714285,77.375,1632.4185714285716,586.1057142857143,148.6807142857143,4.857142857142857,3
blk_5949765726105313415,0.6962,HIGH,CRITICAL,packet_responder,Resource Exhaustion,Resource Exhaustion | Memory Pressure | Service Degradation | Network Congestion | Disk Bottleneck | Software Fault | Repeated Failures,CPU=85.8% | Memory=78.9% | ResponseTime=1783ms | Latency=702ms | DiskIO=147.4MB/s | Errors=4.9 | FailedEvents=4,7,85.80466666666666,78.86066666666667,1783.0606666666667,701.7479999999999,147.384,4.933333333333334,4
blk_7982319787993798820,0.6962,HIGH,CRITICAL,packet_responder,Resource Exhaustion,Resource Exhaustion | Memory Pressure | Service Degradation | Network Congestion | Disk Bottleneck | Software Fault,CPU=86.2% | Memory=81.6% | ResponseTime=1940ms | Latency=510ms | DiskIO=142.7MB/s | Errors=4.5,6,86.2046153846154,81.59,1940.2984615384617,510.29615384615386,142.6546153846154,4.538461538461538,3
blk_2633149691921367515,0.6962,HIGH,CRITICAL,packet_responder,Resource Exhaustion,Resource Exhaustion | Memory Pressure | Service Degradation | Network Congestion | Disk Bottleneck | Software Fault,CPU=83.2% | Memory=84.7% | ResponseTime=1611ms | Latency=577ms | DiskIO=145.6MB/s | Errors=4.9,6,83.18714285714285,84.67,1611.2842857142855,577.0064285714286,145.58928571428572,4.857142857142857,3
blk_8813452148583512472,0.6961,HIGH,CRITICAL,packet_responder,Resource Exhaustion,Resource Exhaustion | Memory Pressure | Service Degradation | Network Congestion | Disk Bottleneck | Software Fault,CPU=88.8% | Memory=86.0% | ResponseTime=1725ms | Latency=565ms | DiskIO=137.1MB/s | Errors=5.0,6,88.77214285714285,85.97714285714287,1724.6028571428571,565.255,137.10785714285714,5.0,3
blk_8165106945153614793,0.696,HIGH,CRITICAL,packet_responder,Resource Exhaustion,Resource Exhaustion | Memory Pressure | Service Degradation | Network Congestion | Disk Bottleneck | Software Fault,CPU=83.0% | Memory=80.8% | ResponseTime=1815ms | Latency=590ms | DiskIO=124.4MB/s | Errors=3.8,6,82.95857142857143,80.8307142857143,1815.35,590.0785714285714,124.35642857142857,3.7857142857142856,3
blk_8745019905349343550,0.696,HIGH,CRITICAL,packet_responder,Resource Exhaustion,Resource Exhaustion | Memory Pressure | Service Degradation | Network Congestion | Disk Bottleneck | Software Fault,CPU=88.3% | Memory=79.4% | ResponseTime=1695ms | Latency=620ms | DiskIO=135.1MB/s | Errors=4.5,6,88.34769230769231,79.36769230769231,1695.3923076923077,619.9046153846155,135.14153846153846,4.538461538461538,3
blk_8276478677730147008,0.6959,HIGH,CRITICAL,packet_responder,Resource Exhaustion,Resource Exhaustion | Memory Pressure | Service Degradation | Network Congestion | Disk Bottleneck | Software Fault | Repeated Failures,CPU=87.6% | Memory=80.7% | ResponseTime=1830ms | Latency=554ms | DiskIO=143.9MB/s | Errors=5.1 | FailedEvents=4,7,87.60428571428572,80.69571428571429,1830.0935714285715,554.3314285714285,143.93428571428572,5.142857142857143,4
blk_-7249803158392116249,0.6959,HIGH,CRITICAL,packet_responder,Resource Exhaustion,Resource Exhaustion | Memory Pressure | Service Degradation | Network Congestion | Disk Bottleneck | Software Fault | Repeated Failures,CPU=88.1% | Memory=83.4% | ResponseTime=1827ms | Latency=569ms | DiskIO=139.9MB/s | Errors=5.3 | FailedEvents=4,7,88.084,83.416,1827.388,568.6066666666667,139.892,5.266666666666667,4
blk_5457328957651048987,0.6959,HIGH,CRITICAL,packet_responder,Resource Exhaustion,Resource Exhaustion | Memory Pressure | Service Degradation | Network Congestion | Disk Bottleneck | Software Fault,CPU=88.0% | Memory=84.8% | ResponseTime=1880ms | Latency=609ms | DiskIO=153.1MB/s | Errors=4.9,6,88.03846153846153,84.79615384615384,1879.993846153846,609.0330769230769,153.06923076923076,4.923076923076923,3
blk_8878283326128389578,0.6959,HIGH,CRITICAL,packet_responder,Resource Exhaustion,Resource Exhaustion | Memory Pressure | Service Degradation | Network Congestion | Disk Bottleneck | Software Fault,CPU=87.1% | Memory=79.5% | ResponseTime=1691ms | Latency=539ms | DiskIO=131.1MB/s | Errors=4.8,6,87.13384615384615,79.53076923076924,1691.2676923076922,538.9723076923076,131.10615384615383,4.846153846153846,3
blk_-62891505109755100,0.6959,HIGH,CRITICAL,packet_responder,Resource Exhaustion,Resource Exhaustion | Memory Pressure | Service Degradation | Network Congestion | Disk Bottleneck | Software Fault,CPU=88.5% | Memory=81.8% | ResponseTime=1669ms | Latency=569ms | DiskIO=132.7MB/s | Errors=4.5,6,88.52307692307691,81.77692307692307,1669.0492307692307,568.9676923076923,132.7023076923077,4.461538461538462,3
blk_2166735146257628930,0.6958,HIGH,CRITICAL,packet_responder,Resource Exhaustion,Resource Exhaustion | Memory Pressure | Service Degradation | Network Congestion | Disk Bottleneck | Software Fault,CPU=87.5% | Memory=84.5% | ResponseTime=1770ms | Latency=538ms | DiskIO=142.2MB/s | Errors=5.2,6,87.53307692307693,84.48230769230769,1769.8015384615385,537.6207692307692,142.15076923076924,5.153846153846154,3
blk_3185804143412380914,0.6956,HIGH,CRITICAL,namenode_service,Resource Exhaustion,Resource Exhaustion | Memory Pressure | Service Degradation | Network Congestion | Disk Bottleneck | Software Fault | Repeated Failures,CPU=87.1% | Memory=83.8% | ResponseTime=1790ms | Latency=528ms | DiskIO=138.9MB/s | Errors=5.0 | FailedEvents=4,7,87.0735,83.784,1789.686,527.982,138.855,4.95,4
blk_9207848331571087403,0.6956,HIGH,CRITICAL,datanode_service,Resource Exhaustion,Resource Exhaustion | Memory Pressure | Service Degradation | Network Congestion | Disk Bottleneck | Software Fault | Repeated Failures,CPU=87.7% | Memory=81.6% | ResponseTime=1821ms | Latency=612ms | DiskIO=135.7MB/s | Errors=5.6 | FailedEvents=5,7,87.729375,81.61125,1821.389375,611.50375,135.666875,5.5625,5
blk_8716244237763720958,0.6956,HIGH,CRITICAL,packet_responder,Resource Exhaustion,Resource Exhaustion | Memory Pressure | Service Degradation | Network Congestion | Disk Bottleneck | Software Fault,CPU=89.0% | Memory=80.9% | ResponseTime=1704ms | Latency=602ms | DiskIO=138.9MB/s | Errors=5.1,6,88.95066666666666,80.932,1704.062666666667,601.9753333333334,138.94533333333337,5.066666666666666,3
blk_-5784176955018583383,0.6956,HIGH,CRITICAL,datanode_service,Resource Exhaustion,Resource Exhaustion | Memory Pressure | Service Degradation | Network Congestion | Disk Bottleneck | Software Fault,CPU=91.1% | Memory=83.0% | ResponseTime=1588ms | Latency=642ms | DiskIO=133.7MB/s | Errors=4.4,6,91.14470588235294,83.01294117647059,1587.9435294117648,642.399411764706,133.69058823529411,4.411764705882353,3
blk_669454608616241618,0.6955,HIGH,CRITICAL,datanode_service,Resource Exhaustion,Resource Exhaustion | Memory Pressure | Service Degradation | Network Congestion | Disk Bottleneck | Software Fault,CPU=87.7% | Memory=82.9% | ResponseTime=1650ms | Latency=713ms | DiskIO=143.5MB/s | Errors=4.7,6,87.66761904761904,82.85285714285715,1649.8200000000002,712.5061904761906,143.45476190476188,4.666666666666667,3
blk_8693960090226565974,0.6955,HIGH,CRITICAL,packet_responder,Resource Exhaustion,Resource Exhaustion | Memory Pressure | Service Degradation | Network Congestion | Disk Bottleneck | Software Fault,CPU=87.4% | Memory=79.7% | ResponseTime=1688ms | Latency=499ms | DiskIO=131.0MB/s | Errors=5.5,6,87.41615384615385,79.7476923076923,1687.616923076923,499.22,131.04538461538462,5.461538461538462,3
blk_-7739660536587156350,0.6955,HIGH,CRITICAL,packet_responder,Resource Exhaustion,Resource Exhaustion | Memory Pressure | Service Degradation | Network Congestion | Disk Bottleneck | Software Fault,CPU=86.8% | Memory=83.2% | ResponseTime=1632ms | Latency=622ms | DiskIO=135.8MB/s | Errors=5.8,6,86.84538461538462,83.17615384615384,1632.2407692307693,621.8107692307692,135.83153846153846,5.769230769230769,3
blk_2165790865555143336,0.6954,HIGH,CRITICAL,namenode_service,Resource Exhaustion,Resource Exhaustion | Memory Pressure | Service Degradation | Network Congestion | Disk Bottleneck | Software Fault | Repeated Failures,CPU=89.4% | Memory=84.5% | ResponseTime=1974ms | Latency=620ms | DiskIO=151.2MB/s | Errors=4.7 | FailedEvents=4,7,89.393,84.51599999999999,1974.2455,619.6614999999999,151.2345,4.7,4
blk_-1023495876047573307,0.6954,HIGH,CRITICAL,datanode_service,Resource Exhaustion,Resource Exhaustion | Memory Pressure | Service Degradation | Network Congestion | Disk Bottleneck | Software Fault,CPU=89.3% | Memory=81.8% | ResponseTime=1612ms | Latency=566ms | DiskIO=127.1MB/s | Errors=4.9,6,89.26142857142857,81.75666666666666,1611.7619047619048,565.672380952381,127.07666666666668,4.857142857142857,3
blk_866860298680755505,0.6953,HIGH,CRITICAL,namenode_service,Resource Exhaustion,Resource Exhaustion | Memory Pressure | Service Degradation | Network Congestion | Disk Bottleneck | Software Fault | Repeated Failures,CPU=86.5% | Memory=83.1% | ResponseTime=1852ms | Latency=606ms | DiskIO=148.4MB/s | Errors=5.0 | FailedEvents=4,7,86.48214285714286,83.0932142857143,1852.1389285714288,605.8199999999999,148.38464285714286,5.0,4
blk_8556783396059801409,0.6953,HIGH,CRITICAL,datanode_service,Resource Exhaustion,Resource Exhaustion | Memory Pressure | Service Degradation | Network Congestion | Disk Bottleneck | Software Fault | Repeated Failures,CPU=88.9% | Memory=79.3% | ResponseTime=1575ms | Latency=625ms | DiskIO=143.3MB/s | Errors=4.1 | FailedEvents=5,7,88.929375,79.335625,1574.875625,624.690625,143.336875,4.125,5
blk_7802813173111124958,0.6952,HIGH,CRITICAL,packet_responder,Resource Exhaustion,Resource Exhaustion | Memory Pressure | Service Degradation | Network Congestion | Disk Bottleneck | Software Fault,CPU=89.5% | Memory=80.1% | ResponseTime=1650ms | Latency=597ms | DiskIO=120.9MB/s | Errors=5.1,6,89.45142857142856,80.07214285714285,1649.563571428571,597.2414285714285,120.91071428571428,5.142857142857143,3
blk_8655606054894708525,0.6951,HIGH,CRITICAL,packet_responder,Resource Exhaustion,Resource Exhaustion | Memory Pressure | Service Degradation | Network Congestion | Disk Bottleneck | Software Fault,CPU=86.9% | Memory=83.2% | ResponseTime=1650ms | Latency=623ms | DiskIO=150.5MB/s | Errors=5.3,6,86.88142857142857,83.17571428571429,1649.884285714286,622.5821428571428,150.48000000000002,5.285714285714286,3
blk_-8723821315560217781,0.695,HIGH,CRITICAL,namenode_service,Resource Exhaustion,Resource Exhaustion | Memory Pressure | Service Degradation | Network Congestion | Disk Bottleneck | Software Fault | Repeated Failures,CPU=84.4% | Memory=83.5% | ResponseTime=1690ms | Latency=513ms | DiskIO=130.1MB/s | Errors=5.0 | FailedEvents=4,7,84.41999999999999,83.485,1689.8935,512.781,130.0525,5.05,4
blk_-1764172166120211589,0.695,HIGH,CRITICAL,packet_responder,Resource Exhaustion,Resource Exhaustion | Memory Pressure | Service Degradation | Network Congestion | Disk Bottleneck | Software Fault | Repeated Failures,CPU=85.6% | Memory=81.0% | ResponseTime=1759ms | Latency=583ms | DiskIO=144.4MB/s | Errors=5.3 | FailedEvents=4,7,85.646,81.02466666666666,1759.2040000000002,582.8626666666667,144.40866666666668,5.266666666666667,4
blk_-6351872879017419405,0.695,HIGH,CRITICAL,datanode_service,Resource Exhaustion,Resource Exhaustion | Memory Pressure | Service Degradation | Network Congestion | Disk Bottleneck | Software Fault,CPU=85.4% | Memory=81.7% | ResponseTime=1912ms | Latency=592ms | DiskIO=146.1MB/s | Errors=5.0,6,85.39857142857143,81.68047619047618,1912.2347619047616,591.9009523809524,146.10809523809525,5.047619047619048,3
blk_-529404160309406809,0.6949,HIGH,CRITICAL,datanode_service,Resource Exhaustion,Resource Exhaustion | Memory Pressure | Service Degradation | Network Congestion | Disk Bottleneck | Software Fault,CPU=89.7% | Memory=93.2% | ResponseTime=1835ms | Latency=704ms | DiskIO=114.7MB/s | Errors=5.0,6,89.7425,93.2475,1835.0675,704.3325,114.6575,5.0,1
blk_7105231685582449618,0.6947,HIGH,CRITICAL,datanode_service,Resource Exhaustion,Resource Exhaustion | Memory Pressure | Service Degradation | Network Congestion | Disk Bottleneck | Software Fault,CPU=87.1% | Memory=83.0% | ResponseTime=1705ms | Latency=533ms | DiskIO=132.0MB/s | Errors=4.9,6,87.11857142857143,82.95952380952382,1704.535238095238,533.0638095238095,132.0204761904762,4.857142857142857,3
blk_846799110102141742,0.6947,HIGH,CRITICAL,packet_responder,Resource Exhaustion,Resource Exhaustion | Memory Pressure | Service Degradation | Network Congestion | Disk Bottleneck | Software Fault,CPU=86.5% | Memory=83.9% | ResponseTime=1625ms | Latency=652ms | DiskIO=146.2MB/s | Errors=4.9,6,86.45153846153845,83.88538461538461,1624.7430769230768,652.3761538461538,146.2423076923077,4.923076923076923,3
blk_3024854843111630263,0.6947,HIGH,CRITICAL,datanode_service,Resource Exhaustion,Resource Exhaustion | Memory Pressure | Service Degradation | Network Congestion | Disk Bottleneck | Software Fault,CPU=85.7% | Memory=82.2% | ResponseTime=1801ms | Latency=612ms | DiskIO=133.9MB/s | Errors=4.7,6,85.70809523809524,82.16952380952381,1800.9757142857145,611.5404761904762,133.9152380952381,4.714285714285714,3
blk_8868833899692311385,0.6944,HIGH,CRITICAL,packet_responder,Resource Exhaustion,Resource Exhaustion | Memory Pressure | Service Degradation | Network Congestion | Disk Bottleneck | Software Fault,CPU=83.9% | Memory=84.8% | ResponseTime=1832ms | Latency=596ms | DiskIO=141.3MB/s | Errors=4.3,6,83.85214285714287,84.84142857142857,1832.28,595.7271428571429,141.345,4.285714285714286,3
blk_7059886816103812130,0.6943,HIGH,CRITICAL,namenode_service,Resource Exhaustion,Resource Exhaustion | Memory Pressure | Service Degradation | Network Congestion | Disk Bottleneck | Software Fault | Repeated Failures,CPU=83.3% | Memory=82.3% | ResponseTime=1613ms | Latency=569ms | DiskIO=142.7MB/s | Errors=5.3 | FailedEvents=4,7,83.26178571428571,82.31500000000001,1613.1432142857143,568.6617857142858,142.7435714285714,5.321428571428571,4
blk_5662828947636332012,0.6943,HIGH,CRITICAL,packet_responder,Resource Exhaustion,Resource Exhaustion | Memory Pressure | Service Degradation | Network Congestion | Disk Bottleneck | Software Fault,CPU=86.1% | Memory=78.7% | ResponseTime=1806ms | Latency=600ms | DiskIO=132.7MB/s | Errors=5.4,6,86.12142857142858,78.7042857142857,1805.662142857143,600.2057142857142,132.69357142857143,5.357142857142857,3
blk_-9140284481527583390,0.6942,HIGH,CRITICAL,namenode_service,Resource Exhaustion,Resource Exhaustion | Memory Pressure | Service Degradation | Network Congestion | Disk Bottleneck | Software Fault | Repeated Failures,CPU=87.3% | Memory=81.0% | ResponseTime=1700ms | Latency=614ms | DiskIO=133.3MB/s | Errors=5.0 | FailedEvents=4,7,87.3025,81.0295,1700.3565,613.6915,133.34300000000002,4.95,4
blk_-1517677120733471382,0.6941,HIGH,CRITICAL,datanode_service,Resource Exhaustion,Resource Exhaustion | Memory Pressure | Service Degradation | Network Congestion | Disk Bottleneck | Software Fault,CPU=87.9% | Memory=91.7% | ResponseTime=1699ms | Latency=617ms | DiskIO=167.7MB/s | Errors=4.8,6,87.9325,91.6975,1698.605,617.35,167.65,4.75,1
blk_-3212161715547945852,0.6941,HIGH,CRITICAL,packet_responder,Resource Exhaustion,Resource Exhaustion | Memory Pressure | Service Degradation | Network Congestion | Disk Bottleneck | Software Fault,CPU=87.1% | Memory=79.0% | ResponseTime=1829ms | Latency=557ms | DiskIO=139.5MB/s | Errors=5.8,6,87.09769230769231,79.04846153846155,1828.9015384615384,557.2984615384615,139.49153846153845,5.769230769230769,3
blk_8748609602444106276,0.694,HIGH,CRITICAL,packet_responder,Resource Exhaustion,Resource Exhaustion | Memory Pressure | Service Degradation | Network Congestion | Disk Bottleneck | Software Fault | Repeated Failures,CPU=85.8% | Memory=80.5% | ResponseTime=1814ms | Latency=628ms | DiskIO=137.6MB/s | Errors=4.9 | FailedEvents=4,7,85.82571428571428,80.46857142857142,1813.732142857143,627.9300000000001,137.57642857142858,4.857142857142857,4
blk_5858949015254223447,0.6939,HIGH,CRITICAL,packet_responder,Resource Exhaustion,Resource Exhaustion | Memory Pressure | Service Degradation | Network Congestion | Disk Bottleneck | Software Fault,CPU=85.4% | Memory=80.2% | ResponseTime=1920ms | Latency=554ms | DiskIO=130.2MB/s | Errors=4.9,6,85.44076923076923,80.18538461538462,1920.4484615384615,554.1638461538462,130.1523076923077,4.923076923076923,3
blk_8751446418791214913,0.6939,HIGH,CRITICAL,packet_responder,Resource Exhaustion,Resource Exhaustion | Memory Pressure | Service Degradation | Network Congestion | Disk Bottleneck | Software Fault,CPU=91.3% | Memory=79.3% | ResponseTime=1730ms | Latency=589ms | DiskIO=150.5MB/s | Errors=5.0,6,91.25846153846156,79.32615384615384,1729.786153846154,589.4346153846153,150.50076923076924,5.0,3
blk_5099378819847245359,0.6938,HIGH,CRITICAL,datanode_service,Resource Exhaustion,Resource Exhaustion | Memory Pressure | Service Degradation | Network Congestion | Disk Bottleneck | Software Fault,CPU=83.7% | Memory=82.2% | ResponseTime=2039ms | Latency=654ms | DiskIO=143.4MB/s | Errors=4.7,6,83.7235294117647,82.15470588235293,2038.594705882353,654.3511764705881,143.35882352941175,4.705882352941177,3
blk_8137554077158816097,0.6938,HIGH,CRITICAL,datanode_service,Resource Exhaustion,Resource Exhaustion | Memory Pressure | Service Degradation | Network Congestion | Disk Bottleneck | Software Fault,CPU=87.7% | Memory=80.6% | ResponseTime=1607ms | Latency=720ms | DiskIO=152.0MB/s | Errors=5.2,6,87.745,80.555,1606.7725,719.66,151.96,5.25,1
blk_8016584874626394855,0.6937,HIGH,CRITICAL,packet_responder,Resource Exhaustion,Resource Exhaustion | Memory Pressure | Service Degradation | Network Congestion | Disk Bottleneck | Software Fault,CPU=88.9% | Memory=82.9% | ResponseTime=1451ms | Latency=685ms | DiskIO=134.4MB/s | Errors=4.9,6,88.88785714285714,82.855,1451.071428571429,685.1535714285714,134.4192857142857,4.928571428571429,3
blk_8955019103629391894,0.6936,HIGH,CRITICAL,datanode_service,Resource Exhaustion,Resource Exhaustion | Memory Pressure | Service Degradation | Network Congestion | Disk Bottleneck | Software Fault,CPU=91.5% | Memory=80.7% | ResponseTime=2224ms | Latency=560ms | DiskIO=134.2MB/s | Errors=6.2,6,91.495,80.6825,2223.675,560.3824999999999,134.22,6.25,1
blk_8261478329362189747,0.6936,HIGH,CRITICAL,packet_responder,Resource Exhaustion,Resource Exhaustion | Memory Pressure | Service Degradation | Network Congestion | Disk Bottleneck | Software Fault,CPU=87.3% | Memory=84.0% | ResponseTime=1540ms | Latency=632ms | DiskIO=148.2MB/s | Errors=5.3,6,87.28142857142858,84.01214285714286,1540.0228571428572,631.5357142857143,148.21714285714285,5.285714285714286,3
blk_1109130648356811286,0.6934,HIGH,CRITICAL,packet_responder,Resource Exhaustion,Resource Exhaustion | Memory Pressure | Service Degradation | Network Congestion | Disk Bottleneck | Software Fault,CPU=86.4% | Memory=81.9% | ResponseTime=1786ms | Latency=551ms | DiskIO=150.2MB/s | Errors=5.6,6,86.39461538461539,81.89076923076922,1785.82,550.8199999999999,150.20923076923077,5.615384615384615,3
blk_2579618578559651295,0.6934,HIGH,CRITICAL,datanode_service,Resource Exhaustion,Resource Exhaustion | Memory Pressure | Service Degradation | Network Congestion | Disk Bottleneck | Software Fault,CPU=88.6% | Memory=82.1% | ResponseTime=1925ms | Latency=579ms | DiskIO=153.6MB/s | Errors=5.2,6,88.64761904761905,82.1004761904762,1924.942380952381,579.4114285714286,153.6452380952381,5.238095238095238,3
blk_8211540385263698577,0.6931,HIGH,CRITICAL,packet_responder,Resource Exhaustion,Resource Exhaustion | Memory Pressure | Service Degradation | Network Congestion | Disk Bottleneck | Software Fault,CPU=85.1% | Memory=79.7% | ResponseTime=1822ms | Latency=607ms | DiskIO=133.3MB/s | Errors=5.1,6,85.08615384615385,79.66,1821.633076923077,607.1115384615384,133.34307692307692,5.076923076923077,3
blk_8135292087230413975,0.6929,HIGH,CRITICAL,packet_responder,Resource Exhaustion,Resource Exhaustion | Memory Pressure | Service Degradation | Network Congestion | Disk Bottleneck | Software Fault | Repeated Failures,CPU=86.7% | Memory=80.9% | ResponseTime=1601ms | Latency=618ms | DiskIO=134.2MB/s | Errors=4.6 | FailedEvents=4,7,86.74764705882353,80.94588235294117,1600.5935294117646,618.3723529411765,134.19588235294117,4.647058823529412,4
blk_-7915100391904353895,0.6929,HIGH,CRITICAL,datanode_service,Resource Exhaustion,Resource Exhaustion | Memory Pressure | Service Degradation | Network Congestion | Disk Bottleneck | Software Fault,CPU=86.8% | Memory=84.8% | ResponseTime=1692ms | Latency=624ms | DiskIO=138.0MB/s | Errors=4.8,6,86.82117647058824,84.82000000000001,1691.9152941176471,623.5,137.9935294117647,4.764705882352941,3
blk_-1855524701460842554,0.6928,HIGH,CRITICAL,packet_responder,Resource Exhaustion,Resource Exhaustion | Memory Pressure | Service Degradation | Network Congestion | Disk Bottleneck | Software Fault,CPU=87.8% | Memory=80.8% | ResponseTime=1604ms | Latency=613ms | DiskIO=137.8MB/s | Errors=5.3,6,87.75538461538461,80.82615384615384,1603.8584615384616,612.5784615384615,137.81846153846155,5.307692307692308,3
blk_8157007602552620601,0.6928,HIGH,CRITICAL,packet_responder,Resource Exhaustion,Resource Exhaustion | Memory Pressure | Service Degradation | Network Congestion | Disk Bottleneck | Software Fault,CPU=88.6% | Memory=82.4% | ResponseTime=1778ms | Latency=539ms | DiskIO=125.2MB/s | Errors=5.3,6,88.55714285714285,82.38071428571428,1777.9171428571428,538.9971428571429,125.20285714285714,5.285714285714286,3
blk_7177893307679598567,0.6926,HIGH,CRITICAL,packet_responder,Resource Exhaustion,Resource Exhaustion | Memory Pressure | Service Degradation | Network Congestion | Disk Bottleneck | Software Fault,CPU=88.2% | Memory=81.8% | ResponseTime=1801ms | Latency=663ms | DiskIO=142.1MB/s | Errors=5.0,6,88.15846153846154,81.84692307692308,1801.2576923076922,662.6053846153847,142.14307692307693,5.0,3
blk_3251765155212675925,0.6924,HIGH,CRITICAL,datanode_service,Resource Exhaustion,Resource Exhaustion | Memory Pressure | Service Degradation | Network Congestion | Disk Bottleneck | Software Fault,CPU=85.6% | Memory=81.5% | ResponseTime=1905ms | Latency=527ms | DiskIO=141.3MB/s | Errors=5.0,6,85.56428571428572,81.47,1904.6085714285716,526.6809523809524,141.3042857142857,5.0,3
blk_8391830131091330374,0.6923,HIGH,CRITICAL,packet_responder,Resource Exhaustion,Resource Exhaustion | Memory Pressure | Service Degradation | Network Congestion | Disk Bottleneck | Software Fault,CPU=87.1% | Memory=82.8% | ResponseTime=1652ms | Latency=615ms | DiskIO=120.0MB/s | Errors=4.7,6,87.08153846153846,82.81230769230768,1652.1692307692308,614.5753846153847,119.99,4.6923076923076925,3
blk_9026395315887190620,0.6923,HIGH,CRITICAL,packet_responder,Resource Exhaustion,Resource Exhaustion | Memory Pressure | Service Degradation | Network Congestion | Disk Bottleneck | Software Fault,CPU=86.5% | Memory=82.4% | ResponseTime=1687ms | Latency=648ms | DiskIO=130.3MB/s | Errors=5.1,6,86.52571428571427,82.36928571428572,1686.6871428571428,648.2792857142857,130.29071428571427,5.142857142857143,3
blk_-1552272238828007233,0.6922,HIGH,CRITICAL,datanode_service,Resource Exhaustion,Resource Exhaustion | Memory Pressure | Service Degradation | Network Congestion | Disk Bottleneck | Software Fault,CPU=86.5% | Memory=80.1% | ResponseTime=1811ms | Latency=605ms | DiskIO=145.7MB/s | Errors=4.3,6,86.48238095238096,80.13904761904762,1811.167619047619,604.9247619047619,145.68571428571428,4.285714285714286,3
blk_-5202316127093945799,0.6921,HIGH,CRITICAL,namenode_service,Resource Exhaustion,Resource Exhaustion | Memory Pressure | Service Degradation | Network Congestion | Disk Bottleneck | Software Fault | Repeated Failures,CPU=86.2% | Memory=81.1% | ResponseTime=1717ms | Latency=637ms | DiskIO=143.5MB/s | Errors=4.7 | FailedEvents=4,7,86.197,81.053,1717.1830000000002,636.751,143.52249999999998,4.7,4
blk_-1162270747090750327,0.6921,HIGH,CRITICAL,packet_responder,Resource Exhaustion,Resource Exhaustion | Memory Pressure | Service Degradation | Network Congestion | Disk Bottleneck | Software Fault,CPU=86.7% | Memory=81.5% | ResponseTime=1809ms | Latency=476ms | DiskIO=137.4MB/s | Errors=5.2,6,86.67153846153846,81.51538461538462,1808.7330769230769,476.4853846153847,137.44846153846154,5.153846153846154,3
blk_5563030645628063827,0.6921,HIGH,CRITICAL,datanode_service,Resource Exhaustion,Resource Exhaustion | Memory Pressure | Service Degradation | Network Congestion | Disk Bottleneck | Software Fault,CPU=86.9% | Memory=81.8% | ResponseTime=1838ms | Latency=600ms | DiskIO=139.3MB/s | Errors=4.5,6,86.93470588235294,81.82823529411765,1837.970588235294,599.7376470588234,139.32,4.470588235294118,3
blk_8737212007762227498,0.692,HIGH,CRITICAL,packet_responder,Resource Exhaustion,Resource Exhaustion | Memory Pressure | Service Degradation | Network Congestion | Disk Bottleneck | Software Fault,CPU=83.8% | Memory=81.1% | ResponseTime=1549ms | Latency=626ms | DiskIO=152.2MB/s | Errors=5.1,6,83.79692307692306,81.08307692307692,1548.643076923077,626.0569230769231,152.19692307692307,5.076923076923077,3
blk_8165490604725507886,0.692,HIGH,CRITICAL,packet_responder,Resource Exhaustion,Resource Exhaustion | Memory Pressure | Service Degradation | Network Congestion | Disk Bottleneck | Software Fault,CPU=85.7% | Memory=82.2% | ResponseTime=1795ms | Latency=617ms | DiskIO=140.3MB/s | Errors=5.0,6,85.71384615384615,82.23076923076923,1795.210769230769,616.9692307692308,140.25076923076924,5.0,3
blk_5647191344005583177,0.6919,HIGH,CRITICAL,datanode_service,Resource Exhaustion,Resource Exhaustion | Memory Pressure | Service Degradation | Network Congestion | Disk Bottleneck | Software Fault | Repeated Failures,CPU=86.4% | Memory=81.5% | ResponseTime=1668ms | Latency=625ms | DiskIO=147.4MB/s | Errors=4.9 | FailedEvents=4,7,86.41272727272727,81.48136363636364,1668.192272727273,624.9059090909091,147.39363636363635,4.909090909090909,4
blk_7545946852846179020,0.6918,HIGH,CRITICAL,packet_responder,Resource Exhaustion,Resource Exhaustion | Memory Pressure | Service Degradation | Network Congestion | Disk Bottleneck | Software Fault | Repeated Failures,CPU=88.2% | Memory=82.3% | ResponseTime=1838ms | Latency=558ms | DiskIO=133.3MB/s | Errors=5.2 | FailedEvents=4,7,88.18933333333332,82.33200000000001,1837.7093333333328,557.9933333333333,133.35,5.2,4
blk_6806497011036089908,0.6917,HIGH,CRITICAL,packet_responder,Resource Exhaustion,Resource Exhaustion | Memory Pressure | Service Degradation | Network Congestion | Disk Bottleneck | Software Fault,CPU=86.7% | Memory=86.1% | ResponseTime=1763ms | Latency=613ms | DiskIO=147.1MB/s | Errors=4.6,6,86.65384615384616,86.08384615384615,1763.1699999999998,613.1553846153846,147.05,4.615384615384615,3
blk_5355549571447638834,0.6917,HIGH,CRITICAL,datanode_service,Resource Exhaustion,Resource Exhaustion | Memory Pressure | Service Degradation | Network Congestion | Disk Bottleneck | Software Fault,CPU=89.5% | Memory=81.3% | ResponseTime=1731ms | Latency=583ms | DiskIO=150.1MB/s | Errors=5.2,6,89.50041666666668,81.28333333333333,1731.3408333333334,583.4083333333333,150.08708333333334,5.25,3
blk_-963887220294303910,0.6916,HIGH,CRITICAL,datanode_service,Resource Exhaustion,Resource Exhaustion | Memory Pressure | Service Degradation | Network Congestion | Disk Bottleneck | Software Fault,CPU=87.8% | Memory=81.4% | ResponseTime=1776ms | Latency=581ms | DiskIO=129.4MB/s | Errors=4.4,6,87.78181818181818,81.44227272727272,1776.0768181818182,581.4300000000001,129.42545454545456,4.409090909090909,3
blk_7305641089115984602,0.6914,HIGH,CRITICAL,datanode_service,Resource Exhaustion,Resource Exhaustion | Memory Pressure | Service Degradation | Network Congestion | Disk Bottleneck | Software Fault,CPU=82.7% | Memory=81.7% | ResponseTime=1731ms | Latency=611ms | DiskIO=144.6MB/s | Errors=4.9,6,82.7357142857143,81.66952380952381,1731.4909523809522,610.867619047619,144.55142857142857,4.904761904761905,3
blk_4713952523851229700,0.6913,HIGH,CRITICAL,packet_responder,Resource Exhaustion,Resource Exhaustion | Memory Pressure | Service Degradation | Network Congestion | Disk Bottleneck | Software Fault | Repeated Failures,CPU=87.0% | Memory=83.5% | ResponseTime=1813ms | Latency=610ms | DiskIO=142.2MB/s | Errors=5.1 | FailedEvents=4,7,86.98857142857142,83.45928571428571,1812.713571428572,610.402142857143,142.195,5.142857142857143,4
blk_-9218981007332915285,0.6913,HIGH,CRITICAL,packet_responder,Resource Exhaustion,Resource Exhaustion | Memory Pressure | Service Degradation | Network Congestion | Disk Bottleneck | Software Fault | Repeated Failures,CPU=88.5% | Memory=83.6% | ResponseTime=1466ms | Latency=672ms | DiskIO=141.5MB/s | Errors=4.9 | FailedEvents=4,7,88.55,83.59357142857142,1465.912142857143,672.2107142857143,141.52642857142857,4.928571428571429,4
blk_226906249322093570,0.6913,HIGH,CRITICAL,packet_responder,Resource Exhaustion,Resource Exhaustion | Memory Pressure | Service Degradation | Network Congestion | Disk Bottleneck | Software Fault,CPU=89.1% | Memory=82.4% | ResponseTime=1768ms | Latency=557ms | DiskIO=142.2MB/s | Errors=5.6,6,89.07076923076923,82.4,1767.99,556.9192307692308,142.20538461538462,5.615384615384615,3
blk_8775822041464785899,0.6913,HIGH,CRITICAL,packet_responder,Resource Exhaustion,Resource Exhaustion | Memory Pressure | Service Degradation | Network Congestion | Disk Bottleneck | Software Fault,CPU=88.2% | Memory=82.9% | ResponseTime=1718ms | Latency=613ms | DiskIO=150.6MB/s | Errors=4.3,6,88.23307692307692,82.88230769230769,1717.6592307692308,613.2746153846153,150.57307692307694,4.307692307692308,3
blk_8948713223716586084,0.6913,HIGH,CRITICAL,packet_responder,Resource Exhaustion,Resource Exhaustion | Memory Pressure | Service Degradation | Network Congestion | Disk Bottleneck | Software Fault,CPU=86.5% | Memory=84.5% | ResponseTime=1870ms | Latency=560ms | DiskIO=141.8MB/s | Errors=5.8,6,86.49846153846154,84.45769230769231,1869.7369230769232,560.4438461538462,141.8476923076923,5.846153846153846,3
blk_-2447008916249474148,0.6912,HIGH,CRITICAL,packet_responder,Resource Exhaustion,Resource Exhaustion | Memory Pressure | Service Degradation | Network Congestion | Disk Bottleneck | Software Fault,CPU=88.0% | Memory=82.0% | ResponseTime=1771ms | Latency=606ms | DiskIO=151.7MB/s | Errors=4.9,6,88.00384615384615,82.01538461538462,1771.3746153846153,606.13,151.74307692307693,4.923076923076923,3
blk_8675551780268109202,0.6911,HIGH,CRITICAL,packet_responder,Resource Exhaustion,Resource Exhaustion | Memory Pressure | Service Degradation | Network Congestion | Disk Bottleneck | Software Fault,CPU=88.2% | Memory=82.5% | ResponseTime=1712ms | Latency=601ms | DiskIO=151.6MB/s | Errors=5.8,6,88.22692307692309,82.54153846153847,1711.6084615384616,600.8830769230769,151.56307692307695,5.769230769230769,3
blk_9089233838444061529,0.6911,HIGH,CRITICAL,packet_responder,Resource Exhaustion,Resource Exhaustion | Memory Pressure | Service Degradation | Network Congestion | Disk Bottleneck | Software Fault,CPU=87.5% | Memory=80.1% | ResponseTime=1756ms | Latency=715ms | DiskIO=142.5MB/s | Errors=5.5,6,87.45153846153845,80.10692307692308,1755.8061538461538,714.6753846153847,142.45538461538462,5.538461538461538,3
blk_8613275684208863633,0.6911,HIGH,CRITICAL,packet_responder,Resource Exhaustion,Resource Exhaustion | Memory Pressure | Service Degradation | Network Congestion | Disk Bottleneck | Software Fault,CPU=87.4% | Memory=84.0% | ResponseTime=1753ms | Latency=531ms | DiskIO=137.8MB/s | Errors=5.5,6,87.42846153846153,83.97076923076922,1752.9753846153849,530.7161538461539,137.77769230769232,5.461538461538462,3
blk_8222348941027084737,0.6909,HIGH,CRITICAL,packet_responder,Resource Exhaustion,Resource Exhaustion | Memory Pressure | Service Degradation | Network Congestion | Disk Bottleneck | Software Fault | Repeated Failures,CPU=88.1% | Memory=83.0% | ResponseTime=1757ms | Latency=631ms | DiskIO=146.8MB/s | Errors=5.2 | FailedEvents=4,7,88.09533333333334,82.96066666666667,1756.922,631.0093333333333,146.75466666666668,5.2,4
blk_9072125597345387464,0.6908,HIGH,CRITICAL,namenode_service,Resource Exhaustion,Resource Exhaustion | Memory Pressure | Service Degradation | Network Congestion | Disk Bottleneck | Software Fault | Repeated Failures,CPU=86.5% | Memory=84.4% | ResponseTime=1800ms | Latency=561ms | DiskIO=134.3MB/s | Errors=5.1 | FailedEvents=4,7,86.52392857142857,84.41642857142857,1799.5332142857144,560.9614285714285,134.26321428571427,5.107142857142857,4
blk_8003100931892082034,0.6908,HIGH,CRITICAL,packet_responder,Resource Exhaustion,Resource Exhaustion | Memory Pressure | Service Degradation | Network Congestion | Disk Bottleneck | Software Fault | Repeated Failures,CPU=88.5% | Memory=82.6% | ResponseTime=1548ms | Latency=573ms | DiskIO=141.4MB/s | Errors=5.2 | FailedEvents=4,7,88.53533333333333,82.64266666666666,1548.3066666666666,572.9153333333333,141.43333333333334,5.2,4
blk_8472429604052262138,0.6908,HIGH,CRITICAL,packet_responder,Resource Exhaustion,Resource Exhaustion | Memory Pressure | Service Degradation | Network Congestion | Disk Bottleneck | Software Fault,CPU=87.0% | Memory=83.9% | ResponseTime=1869ms | Latency=582ms | DiskIO=125.3MB/s | Errors=4.9,6,87.04153846153847,83.86615384615385,1869.202307692308,581.77,125.33461538461538,4.923076923076923,3
blk_7775703395393605750,0.6908,HIGH,CRITICAL,packet_responder,Resource Exhaustion,Resource Exhaustion | Memory Pressure | Service Degradation | Network Congestion | Disk Bottleneck | Software Fault,CPU=85.8% | Memory=83.8% | ResponseTime=1855ms | Latency=675ms | DiskIO=145.8MB/s | Errors=5.1,6,85.7623076923077,83.76692307692308,1854.5423076923075,675.3384615384615,145.83923076923077,5.076923076923077,3
blk_3506260656672745550,0.6907,HIGH,CRITICAL,namenode_service,Resource Exhaustion,Resource Exhaustion | Memory Pressure | Service Degradation | Network Congestion | Disk Bottleneck | Software Fault | Repeated Failures,CPU=86.7% | Memory=79.0% | ResponseTime=1817ms | Latency=580ms | DiskIO=144.5MB/s | Errors=4.8 | FailedEvents=4,7,86.697,78.95750000000001,1816.5645,580.193,144.49349999999998,4.85,4
blk_-8518252107131849129,0.6907,HIGH,CRITICAL,datanode_service,Resource Exhaustion,Resource Exhaustion | Memory Pressure | Service Degradation | Network Congestion | Disk Bottleneck | Software Fault,CPU=85.9% | Memory=81.8% | ResponseTime=1683ms | Latency=663ms | DiskIO=127.1MB/s | Errors=4.5,6,85.88952380952381,81.80714285714286,1683.002857142857,663.0357142857143,127.0957142857143,4.476190476190476,3
blk_636425395498108574,0.6907,HIGH,CRITICAL,packet_responder,Resource Exhaustion,Resource Exhaustion | Memory Pressure | Service Degradation | Network Congestion | Disk Bottleneck | Software Fault,CPU=85.4% | Memory=81.0% | ResponseTime=1886ms | Latency=672ms | DiskIO=129.1MB/s | Errors=4.7,6,85.37307692307692,80.95769230769231,1886.3546153846155,672.3615384615385,129.0676923076923,4.6923076923076925,3
blk_2700422122823758272,0.6906,HIGH,CRITICAL,packet_responder,Resource Exhaustion,Resource Exhaustion | Memory Pressure | Service Degradation | Network Congestion | Disk Bottleneck | Software Fault,CPU=85.5% | Memory=81.6% | ResponseTime=1853ms | Latency=575ms | DiskIO=147.4MB/s | Errors=5.2,6,85.49,81.5792857142857,1853.457142857143,574.615,147.37714285714287,5.214285714285714,3
blk_-1175027132744034677,0.6903,HIGH,CRITICAL,namenode_service,Resource Exhaustion,Resource Exhaustion | Memory Pressure | Service Degradation | Network Congestion | Disk Bottleneck | Software Fault | Repeated Failures,CPU=85.7% | Memory=80.9% | ResponseTime=1669ms | Latency=623ms | DiskIO=145.0MB/s | Errors=4.5 | FailedEvents=4,7,85.663,80.9185,1668.556,622.501,144.97750000000002,4.55,4
blk_9040791865370476433,0.6903,HIGH,CRITICAL,packet_responder,Resource Exhaustion,Resource Exhaustion | Memory Pressure | Service Degradation | Network Congestion | Disk Bottleneck | Software Fault,CPU=86.1% | Memory=83.7% | ResponseTime=1925ms | Latency=700ms | DiskIO=140.0MB/s | Errors=5.1,6,86.08571428571429,83.74000000000001,1924.9285714285716,699.6971428571429,140.01142857142858,5.142857142857143,3
blk_7086686875222764412,0.6903,HIGH,CRITICAL,packet_responder,Resource Exhaustion,Resource Exhaustion | Memory Pressure | Service Degradation | Network Congestion | Disk Bottleneck | Software Fault,CPU=86.5% | Memory=80.6% | ResponseTime=1814ms | Latency=658ms | DiskIO=120.9MB/s | Errors=5.5,6,86.46307692307693,80.6,1814.4346153846157,657.6553846153846,120.89384615384614,5.461538461538462,3
blk_9015578759836118995,0.6902,HIGH,CRITICAL,packet_responder,Resource Exhaustion,Resource Exhaustion | Memory Pressure | Service Degradation | Network Congestion | Disk Bottleneck | Software Fault,CPU=84.4% | Memory=82.4% | ResponseTime=1972ms | Latency=568ms | DiskIO=129.4MB/s | Errors=5.5,6,84.43769230769232,82.38923076923076,1971.9107692307691,567.6292307692308,129.40769230769232,5.461538461538462,3
blk_340854666767346657,0.6902,HIGH,CRITICAL,datanode_service,Resource Exhaustion,Resource Exhaustion | Memory Pressure | Service Degradation | Network Congestion | Disk Bottleneck | Software Fault,CPU=88.0% | Memory=84.2% | ResponseTime=1789ms | Latency=600ms | DiskIO=149.9MB/s | Errors=5.3,6,87.9504761904762,84.21571428571428,1788.554761904762,600.0180952380952,149.90571428571428,5.285714285714286,3
blk_-8597974752406426494,0.6902,HIGH,CRITICAL,packet_responder,Resource Exhaustion,Resource Exhaustion | Memory Pressure | Service Degradation | Network Congestion | Disk Bottleneck | Software Fault,CPU=86.1% | Memory=81.4% | ResponseTime=1736ms | Latency=657ms | DiskIO=143.5MB/s | Errors=5.2,6,86.08846153846154,81.39538461538463,1735.5815384615385,657.4376923076924,143.5223076923077,5.230769230769231,3
blk_8869736409186522879,0.69,HIGH,CRITICAL,datanode_service,Resource Exhaustion,Resource Exhaustion | Memory Pressure | Service Degradation | Network Congestion | Disk Bottleneck | Software Fault | Repeated Failures,CPU=89.0% | Memory=82.9% | ResponseTime=1831ms | Latency=622ms | DiskIO=132.8MB/s | Errors=4.6 | FailedEvents=5,7,88.95117647058824,82.87647058823529,1830.9370588235292,622.0305882352941,132.81117647058824,4.647058823529412,5
blk_8750997530106786888,0.6899,HIGH,CRITICAL,packet_responder,Resource Exhaustion,Resource Exhaustion | Memory Pressure | Service Degradation | Network Congestion | Disk Bottleneck | Software Fault,CPU=88.6% | Memory=82.0% | ResponseTime=1520ms | Latency=574ms | DiskIO=132.0MB/s | Errors=5.6,6,88.59,82.04499999999999,1520.2528571428572,573.6964285714286,131.96785714285713,5.642857142857143,3
blk_2417363731073344373,0.6898,HIGH,CRITICAL,packet_responder,Resource Exhaustion,Resource Exhaustion | Memory Pressure | Service Degradation | Network Congestion | Disk Bottleneck | Software Fault | Repeated Failures,CPU=87.2% | Memory=82.8% | ResponseTime=2018ms | Latency=486ms | DiskIO=138.0MB/s | Errors=5.1 | FailedEvents=4,7,87.17066666666666,82.81333333333333,2018.0286666666664,485.9,137.9646666666667,5.133333333333334,4
blk_8892567588389535988,0.6896,HIGH,CRITICAL,packet_responder,Resource Exhaustion,Resource Exhaustion | Memory Pressure | Service Degradation | Network Congestion | Disk Bottleneck | Software Fault,CPU=86.2% | Memory=80.5% | ResponseTime=1987ms | Latency=675ms | DiskIO=133.4MB/s | Errors=4.7,6,86.24846153846154,80.48692307692308,1987.1138461538465,674.7023076923076,133.44307692307692,4.6923076923076925,3
blk_3093127367153705019,0.6895,HIGH,CRITICAL,packet_responder,Resource Exhaustion,Resource Exhaustion | Memory Pressure | Service Degradation | Network Congestion | Disk Bottleneck | Software Fault,CPU=86.0% | Memory=83.7% | ResponseTime=1773ms | Latency=612ms | DiskIO=144.9MB/s | Errors=4.8,6,85.97642857142857,83.68499999999999,1772.9864285714284,612.465,144.8685714285714,4.785714285714286,3
blk_7362112536337277792,0.6894,HIGH,CRITICAL,packet_responder,Resource Exhaustion,Resource Exhaustion | Memory Pressure | Service Degradation | Network Congestion | Disk Bottleneck | Software Fault,CPU=85.6% | Memory=83.9% | ResponseTime=1929ms | Latency=618ms | DiskIO=148.7MB/s | Errors=4.2,6,85.56230769230768,83.9276923076923,1929.2315384615383,617.9215384615385,148.69307692307692,4.153846153846154,3
blk_8708859294106086419,0.6894,HIGH,CRITICAL,packet_responder,Resource Exhaustion,Resource Exhaustion | Memory Pressure | Service Degradation | Network Congestion | Disk Bottleneck | Software Fault,CPU=89.0% | Memory=79.5% | ResponseTime=1583ms | Latency=663ms | DiskIO=133.3MB/s | Errors=5.1,6,88.9523076923077,79.46307692307693,1583.2484615384617,662.9953846153846,133.30692307692308,5.076923076923077,3
blk_-362879311899077709,0.6893,HIGH,CRITICAL,packet_responder,Resource Exhaustion,Resource Exhaustion | Memory Pressure | Service Degradation | Network Congestion | Disk Bottleneck | Software Fault,CPU=87.0% | Memory=80.0% | ResponseTime=1678ms | Latency=548ms | DiskIO=136.2MB/s | Errors=4.9,6,86.99692307692308,80.02615384615385,1678.1699999999998,547.5215384615384,136.21153846153845,4.923076923076923,3
blk_7905727618171505680,0.6892,HIGH,CRITICAL,packet_responder,Resource Exhaustion,Resource Exhaustion | Memory Pressure | Service Degradation | Network Congestion | Disk Bottleneck | Software Fault,CPU=88.9% | Memory=80.6% | ResponseTime=1722ms | Latency=600ms | DiskIO=135.3MB/s | Errors=4.8,6,88.91923076923078,80.59846153846154,1722.3761538461538,600.4246153846153,135.29846153846154,4.769230769230769,3
blk_8045252277669850431,0.6891,HIGH,CRITICAL,packet_responder,Resource Exhaustion,Resource Exhaustion | Memory Pressure | Service Degradation | Network Congestion | Disk Bottleneck | Software Fault,CPU=87.4% | Memory=82.0% | ResponseTime=1572ms | Latency=655ms | DiskIO=145.1MB/s | Errors=4.3,6,87.40846153846154,81.97769230769231,1571.9953846153844,654.9792307692308,145.13,4.307692307692308,3
blk_7180263358016729488,0.689,HIGH,CRITICAL,packet_responder,Resource Exhaustion,Resource Exhaustion | Memory Pressure | Service Degradation | Network Congestion | Disk Bottleneck | Software Fault,CPU=83.7% | Memory=81.1% | ResponseTime=1814ms | Latency=653ms | DiskIO=130.2MB/s | Errors=5.5,6,83.72384615384615,81.07923076923076,1813.682307692308,652.7392307692309,130.23999999999998,5.538461538461538,3
blk_8349817539379301348,0.689,HIGH,CRITICAL,packet_responder,Resource Exhaustion,Resource Exhaustion | Memory Pressure | Service Degradation | Network Congestion | Disk Bottleneck | Software Fault,CPU=84.2% | Memory=84.5% | ResponseTime=1717ms | Latency=557ms | DiskIO=149.9MB/s | Errors=5.4,6,84.22,84.49384615384616,1716.5553846153848,556.7515384615385,149.90769230769232,5.384615384615385,3
blk_-4039322312325628708,0.6889,HIGH,CRITICAL,packet_responder,Resource Exhaustion,Resource Exhaustion | Memory Pressure | Service Degradation | Network Congestion | Disk Bottleneck | Software Fault,CPU=85.2% | Memory=83.1% | ResponseTime=1620ms | Latency=561ms | DiskIO=154.7MB/s | Errors=4.4,6,85.19384615384615,83.13846153846154,1620.0876923076924,560.86,154.74769230769232,4.384615384615385,3
blk_8398679968429681157,0.6888,HIGH,CRITICAL,packet_responder,Resource Exhaustion,Resource Exhaustion | Memory Pressure | Service Degradation | Network Congestion | Disk Bottleneck | Software Fault | Repeated Failures,CPU=86.6% | Memory=81.0% | ResponseTime=1634ms | Latency=562ms | DiskIO=146.7MB/s | Errors=5.1 | FailedEvents=4,7,86.64642857142857,80.9542857142857,1633.5964285714288,562.4128571428571,146.68,5.142857142857143,4
blk_-7390710706320943439,0.6888,HIGH,CRITICAL,packet_responder,Resource Exhaustion,Resource Exhaustion | Memory Pressure | Service Degradation | Network Congestion | Disk Bottleneck | Software Fault,CPU=87.7% | Memory=81.8% | ResponseTime=1817ms | Latency=534ms | DiskIO=154.0MB/s | Errors=4.8,6,87.68846153846154,81.78153846153847,1817.0084615384617,533.6023076923077,153.9746153846154,4.769230769230769,3
blk_8245731862759993604,0.6888,HIGH,CRITICAL,packet_responder,Resource Exhaustion,Resource Exhaustion | Memory Pressure | Service Degradation | Network Congestion | Disk Bottleneck | Software Fault,CPU=89.1% | Memory=82.5% | ResponseTime=1724ms | Latency=667ms | DiskIO=142.5MB/s | Errors=5.5,6,89.06153846153846,82.52,1724.2146153846154,666.6115384615385,142.54,5.461538461538462,3
blk_7751490447745743670,0.6887,HIGH,CRITICAL,packet_responder,Resource Exhaustion,Resource Exhaustion | Memory Pressure | Service Degradation | Network Congestion | Disk Bottleneck | Software Fault | Repeated Failures,CPU=86.7% | Memory=78.4% | ResponseTime=1631ms | Latency=557ms | DiskIO=130.5MB/s | Errors=5.3 | FailedEvents=4,7,86.675,78.44571428571429,1630.6042857142857,557.2085714285714,130.54714285714286,5.285714285714286,4
blk_-1018884555287540953,0.6886,HIGH,CRITICAL,datanode_service,Resource Exhaustion,Resource Exhaustion | Memory Pressure | Service Degradation | Network Congestion | Disk Bottleneck | Software Fault,CPU=84.2% | Memory=78.5% | ResponseTime=1752ms | Latency=636ms | DiskIO=130.6MB/s | Errors=4.9,6,84.22647058823529,78.49882352941177,1752.115294117647,636.0670588235294,130.60176470588237,4.882352941176471,3
blk_8691444518565218262,0.6886,HIGH,CRITICAL,packet_responder,Resource Exhaustion,Resource Exhaustion | Memory Pressure | Service Degradation | Network Congestion | Disk Bottleneck | Software Fault,CPU=84.0% | Memory=82.1% | ResponseTime=1815ms | Latency=548ms | DiskIO=146.7MB/s | Errors=5.1,6,84.00357142857142,82.14071428571428,1815.365714285714,548.1192857142858,146.7164285714286,5.142857142857143,3
blk_-1334413792811525687,0.6886,HIGH,CRITICAL,packet_responder,Resource Exhaustion,Resource Exhaustion | Memory Pressure | Service Degradation | Network Congestion | Disk Bottleneck | Software Fault,CPU=86.5% | Memory=80.0% | ResponseTime=1986ms | Latency=605ms | DiskIO=140.8MB/s | Errors=4.6,6,86.54923076923077,79.96615384615384,1985.5384615384612,605.2461538461538,140.8446153846154,4.615384615384615,3
blk_7208962887408228886,0.6886,HIGH,CRITICAL,packet_responder,Resource Exhaustion,Resource Exhaustion | Memory Pressure | Service Degradation | Network Congestion | Disk Bottleneck | Software Fault,CPU=89.0% | Memory=79.6% | ResponseTime=1634ms | Latency=609ms | DiskIO=131.0MB/s | Errors=5.6,6,88.96923076923076,79.57692307692308,1633.5092307692307,608.7007692307693,131.01384615384617,5.615384615384615,3
blk_8236385701919745468,0.6885,HIGH,CRITICAL,packet_responder,Resource Exhaustion,Resource Exhaustion | Memory Pressure | Service Degradation | Network Congestion | Disk Bottleneck | Software Fault | Repeated Failures,CPU=87.6% | Memory=82.2% | ResponseTime=1660ms | Latency=661ms | DiskIO=138.8MB/s | Errors=5.1 | FailedEvents=4,7,87.64928571428571,82.18071428571429,1659.6192857142855,660.8707142857144,138.8192857142857,5.071428571428571,4
blk_9156863266937013958,0.6885,HIGH,CRITICAL,packet_responder,Resource Exhaustion,Resource Exhaustion | Memory Pressure | Service Degradation | Network Congestion | Disk Bottleneck | Software Fault,CPU=85.4% | Memory=83.2% | ResponseTime=1727ms | Latency=556ms | DiskIO=139.5MB/s | Errors=4.8,6,85.41615384615385,83.17615384615384,1726.6692307692308,556.1930769230769,139.50923076923075,4.846153846153846,3
blk_8689700088832123422,0.6884,HIGH,CRITICAL,packet_responder,Resource Exhaustion,Resource Exhaustion | Memory Pressure | Service Degradation | Network Congestion | Disk Bottleneck | Software Fault,CPU=88.0% | Memory=81.3% | ResponseTime=1725ms | Latency=593ms | DiskIO=147.1MB/s | Errors=4.4,6,87.96214285714287,81.30428571428571,1724.827857142857,592.8664285714285,147.06642857142856,4.357142857142857,3
blk_7987157445208124752,0.6883,HIGH,CRITICAL,packet_responder,Resource Exhaustion,Resource Exhaustion | Memory Pressure | Service Degradation | Network Congestion | Disk Bottleneck | Software Fault,CPU=83.3% | Memory=84.0% | ResponseTime=1959ms | Latency=684ms | DiskIO=146.0MB/s | Errors=4.5,6,83.31307692307692,84.03769230769231,1958.83,684.1953846153847,146.02461538461537,4.461538461538462,3
blk_3627625008174164762,0.6883,HIGH,CRITICAL,packet_responder,Resource Exhaustion,Resource Exhaustion | Memory Pressure | Service Degradation | Network Congestion | Disk Bottleneck | Software Fault,CPU=84.8% | Memory=82.2% | ResponseTime=1774ms | Latency=640ms | DiskIO=149.2MB/s | Errors=4.4,6,84.81692307692308,82.16153846153846,1773.9630769230769,640.4176923076923,149.17846153846153,4.384615384615385,3
blk_6928302687180869917,0.688,HIGH,CRITICAL,namenode_service,Resource Exhaustion,Resource Exhaustion | Memory Pressure | Service Degradation | Network Congestion | Disk Bottleneck | Software Fault | Repeated Failures,CPU=86.2% | Memory=80.4% | ResponseTime=1771ms | Latency=611ms | DiskIO=136.2MB/s | Errors=4.6 | FailedEvents=4,7,86.1825,80.3705,1770.8974999999998,610.5015000000001,136.238,4.6,4
blk_4942060667734113125,0.688,HIGH,CRITICAL,packet_responder,Resource Exhaustion,Resource Exhaustion | Memory Pressure | Service Degradation | Network Congestion | Disk Bottleneck | Software Fault | Repeated Failures,CPU=87.1% | Memory=81.2% | ResponseTime=1669ms | Latency=607ms | DiskIO=140.6MB/s | Errors=5.4 | FailedEvents=4,7,87.07,81.216,1669.052,606.62,140.60866666666666,5.4,4
blk_-4719142843284287968,0.688,HIGH,CRITICAL,datanode_service,Resource Exhaustion,Resource Exhaustion | Memory Pressure | Service Degradation | Network Congestion | Disk Bottleneck | Software Fault,CPU=86.3% | Memory=83.9% | ResponseTime=2055ms | Latency=682ms | DiskIO=138.2MB/s | Errors=5.8,6,86.255,83.94,2054.605,681.645,138.2425,5.75,1
blk_5324590835522207060,0.688,HIGH,CRITICAL,packet_responder,Resource Exhaustion,Resource Exhaustion | Memory Pressure | Service Degradation | Network Congestion | Disk Bottleneck | Software Fault,CPU=86.5% | Memory=79.4% | ResponseTime=1702ms | Latency=647ms | DiskIO=147.1MB/s | Errors=5.6,6,86.48928571428571,79.42785714285715,1702.1378571428572,646.7321428571429,147.14785714285716,5.571428571428571,3
blk_8473728677587404018,0.688,HIGH,CRITICAL,datanode_service,Resource Exhaustion,Resource Exhaustion | Memory Pressure | Service Degradation | Network Congestion | Disk Bottleneck | Software Fault,CPU=86.7% | Memory=83.9% | ResponseTime=1613ms | Latency=594ms | DiskIO=138.8MB/s | Errors=4.9,6,86.73095238095239,83.85857142857142,1613.0438095238094,594.224761904762,138.76857142857142,4.857142857142857,3
blk_-5462418187886984774,0.688,HIGH,CRITICAL,datanode_service,Resource Exhaustion,Resource Exhaustion | Memory Pressure | Service Degradation | Network Congestion | Disk Bottleneck | Software Fault,CPU=88.5% | Memory=79.6% | ResponseTime=1859ms | Latency=589ms | DiskIO=138.3MB/s | Errors=5.4,6,88.53,79.60176470588236,1858.7782352941176,589.4170588235294,138.2905882352941,5.411764705882353,3
blk_8359282243099177241,0.6879,HIGH,CRITICAL,packet_responder,Resource Exhaustion,Resource Exhaustion | Memory Pressure | Service Degradation | Network Congestion | Disk Bottleneck | Software Fault,CPU=88.3% | Memory=82.0% | ResponseTime=1707ms | Latency=557ms | DiskIO=141.6MB/s | Errors=5.5,6,88.32384615384616,81.97384615384615,1707.3146153846153,556.503076923077,141.55846153846153,5.461538461538462,3
blk_8953601491229553650,0.6879,HIGH,CRITICAL,packet_responder,Resource Exhaustion,Resource Exhaustion | Memory Pressure | Service Degradation | Network Congestion | Disk Bottleneck | Software Fault,CPU=85.8% | Memory=81.7% | ResponseTime=1809ms | Latency=626ms | DiskIO=137.8MB/s | Errors=4.8,6,85.82538461538462,81.67846153846153,1809.0515384615385,626.3861538461538,137.77692307692308,4.846153846153846,3
blk_6149265902584855755,0.6878,HIGH,CRITICAL,packet_responder,Resource Exhaustion,Resource Exhaustion | Memory Pressure | Service Degradation | Network Congestion | Disk Bottleneck | Software Fault,CPU=86.1% | Memory=80.9% | ResponseTime=1935ms | Latency=544ms | DiskIO=144.6MB/s | Errors=5.3,6,86.06928571428571,80.85357142857143,1935.1478571428568,543.5071428571429,144.63214285714284,5.285714285714286,3
blk_-5543309263112190374,0.6877,HIGH,CRITICAL,packet_responder,Resource Exhaustion,Resource Exhaustion | Memory Pressure | Service Degradation | Network Congestion | Disk Bottleneck | Software Fault,CPU=84.4% | Memory=84.2% | ResponseTime=1992ms | Latency=584ms | DiskIO=153.3MB/s | Errors=4.7,6,84.40615384615384,84.20923076923077,1991.966153846154,583.6176923076923,153.32615384615386,4.6923076923076925,3
blk_-6789575384442844672,0.6876,HIGH,CRITICAL,packet_responder,Resource Exhaustion,Resource Exhaustion | Memory Pressure | Service Degradation | Network Congestion | Disk Bottleneck | Software Fault,CPU=88.1% | Memory=83.6% | ResponseTime=1914ms | Latency=600ms | DiskIO=125.7MB/s | Errors=5.0,6,88.09692307692308,83.58076923076922,1914.43,600.4392307692308,125.71153846153848,5.0,3
blk_4381185412091515756,0.6876,HIGH,CRITICAL,packet_responder,Resource Exhaustion,Resource Exhaustion | Memory Pressure | Service Degradation | Network Congestion | Disk Bottleneck | Software Fault,CPU=88.8% | Memory=78.4% | ResponseTime=1703ms | Latency=634ms | DiskIO=147.7MB/s | Errors=5.2,6,88.78615384615385,78.36384615384615,1703.3938461538464,633.5907692307693,147.7069230769231,5.153846153846154,3
blk_-8998751392544423601,0.6875,HIGH,CRITICAL,datanode_service,Resource Exhaustion,Resource Exhaustion | Memory Pressure | Service Degradation | Network Congestion | Disk Bottleneck | Software Fault,CPU=86.6% | Memory=82.7% | ResponseTime=1535ms | Latency=592ms | DiskIO=145.5MB/s | Errors=4.3,6,86.64947368421052,82.72999999999999,1535.2047368421051,592.2784210526316,145.47578947368422,4.315789473684211,3
blk_-7852394220388861643,0.6873,HIGH,CRITICAL,packet_responder,Resource Exhaustion,Resource Exhaustion | Memory Pressure | Service Degradation | Network Congestion | Disk Bottleneck | Software Fault,CPU=87.9% | Memory=85.2% | ResponseTime=1545ms | Latency=600ms | DiskIO=147.5MB/s | Errors=4.8,6,87.89846153846155,85.20538461538462,1544.8923076923077,600.3207692307692,147.48846153846154,4.846153846153846,3
blk_7966244526957028235,0.6871,HIGH,CRITICAL,packet_responder,Resource Exhaustion,Resource Exhaustion | Memory Pressure | Service Degradation | Network Congestion | Disk Bottleneck | Software Fault | Repeated Failures,CPU=87.2% | Memory=81.5% | ResponseTime=1608ms | Latency=538ms | DiskIO=138.1MB/s | Errors=4.9 | FailedEvents=4,7,87.22933333333334,81.54466666666667,1608.3873333333331,538.274,138.07533333333333,4.933333333333334,4
blk_8526611494153813402,0.6871,HIGH,CRITICAL,packet_responder,Resource Exhaustion,Resource Exhaustion | Memory Pressure | Service Degradation | Network Congestion | Disk Bottleneck | Software Fault,CPU=84.7% | Memory=83.4% | ResponseTime=1746ms | Latency=552ms | DiskIO=135.2MB/s | Errors=5.0,6,84.72142857142856,83.37642857142858,1746.1771428571428,552.3414285714285,135.18214285714285,5.0,3
blk_9216023949759677457,0.687,HIGH,CRITICAL,packet_responder,Resource Exhaustion,Resource Exhaustion | Memory Pressure | Service Degradation | Network Congestion | Disk Bottleneck | Software Fault,CPU=89.0% | Memory=81.2% | ResponseTime=1835ms | Latency=446ms | DiskIO=138.7MB/s | Errors=5.5,6,88.98615384615384,81.1923076923077,1834.746153846154,445.7615384615385,138.74384615384616,5.461538461538462,3
blk_8672049225832688644,0.687,HIGH,CRITICAL,packet_responder,Resource Exhaustion,Resource Exhaustion | Memory Pressure | Service Degradation | Network Congestion | Disk Bottleneck | Software Fault,CPU=89.6% | Memory=84.1% | ResponseTime=1573ms | Latency=508ms | DiskIO=147.5MB/s | Errors=5.0,6,89.55538461538461,84.14,1573.2669230769231,508.1769230769231,147.49692307692308,5.0,3
blk_-806423950274486827,0.6869,HIGH,CRITICAL,packet_responder,Resource Exhaustion,Resource Exhaustion | Memory Pressure | Service Degradation | Network Congestion | Disk Bottleneck | Software Fault,CPU=86.5% | Memory=82.6% | ResponseTime=1712ms | Latency=624ms | DiskIO=129.0MB/s | Errors=4.3,6,86.54307692307692,82.55692307692308,1712.1115384615384,624.3938461538462,128.97923076923078,4.307692307692308,3
blk_-8881030198282713088,0.6869,HIGH,CRITICAL,packet_responder,Resource Exhaustion,Resource Exhaustion | Memory Pressure | Service Degradation | Network Congestion | Disk Bottleneck | Software Fault,CPU=83.9% | Memory=80.4% | ResponseTime=1811ms | Latency=677ms | DiskIO=150.1MB/s | Errors=5.5,6,83.92307692307692,80.36846153846153,1810.513846153846,677.3953846153846,150.05615384615385,5.538461538461538,3
blk_8738373566265906941,0.6867,HIGH,CRITICAL,packet_responder,Resource Exhaustion,Resource Exhaustion | Memory Pressure | Service Degradation | Network Congestion | Disk Bottleneck | Software Fault,CPU=85.4% | Memory=79.1% | ResponseTime=1682ms | Latency=507ms | DiskIO=143.2MB/s | Errors=4.8,6,85.42692307692307,79.13538461538461,1682.3707692307692,506.8961538461538,143.19153846153847,4.769230769230769,3
blk_-9198187894319819684,0.6866,HIGH,CRITICAL,namenode_service,Resource Exhaustion,Resource Exhaustion | Memory Pressure | Service Degradation | Network Congestion | Disk Bottleneck | Software Fault | Repeated Failures,CPU=91.1% | Memory=79.1% | ResponseTime=1871ms | Latency=676ms | DiskIO=148.0MB/s | Errors=5.2 | FailedEvents=4,7,91.0705,79.054,1870.9375,675.9385,147.99200000000002,5.25,4
blk_5907901195884471162,0.6866,HIGH,CRITICAL,packet_responder,Resource Exhaustion,Resource Exhaustion | Memory Pressure | Service Degradation | Network Congestion | Disk Bottleneck | Software Fault,CPU=89.2% | Memory=80.8% | ResponseTime=1900ms | Latency=636ms | DiskIO=138.3MB/s | Errors=5.1,6,89.17461538461538,80.83692307692309,1900.3284615384616,636.0984615384616,138.34307692307692,5.076923076923077,3
blk_2245941246124049271,0.6865,HIGH,CRITICAL,namenode_service,Resource Exhaustion,Resource Exhaustion | Memory Pressure | Service Degradation | Network Congestion | Disk Bottleneck | Software Fault | Repeated Failures,CPU=86.3% | Memory=82.7% | ResponseTime=1630ms | Latency=546ms | DiskIO=127.9MB/s | Errors=5.5 | FailedEvents=4,7,86.2515,82.66499999999999,1629.658,545.895,127.8535,5.45,4
blk_-6241847946733872526,0.6865,HIGH,CRITICAL,datanode_service,Resource Exhaustion,Resource Exhaustion | Memory Pressure | Service Degradation | Network Congestion | Disk Bottleneck | Software Fault,CPU=87.0% | Memory=82.8% | ResponseTime=2088ms | Latency=566ms | DiskIO=153.2MB/s | Errors=5.2,6,87.03999999999999,82.78999999999999,2087.605,566.4625,153.175,5.25,1
blk_5836709889176378774,0.6865,HIGH,CRITICAL,datanode_service,Resource Exhaustion,Resource Exhaustion | Memory Pressure | Service Degradation | Network Congestion | Disk Bottleneck | Software Fault,CPU=86.3% | Memory=80.7% | ResponseTime=1856ms | Latency=621ms | DiskIO=126.3MB/s | Errors=4.3,6,86.26,80.65857142857142,1856.1976190476191,621.4442857142857,126.31666666666668,4.333333333333333,3
blk_-976339114197076853,0.6863,HIGH,CRITICAL,packet_responder,Resource Exhaustion,Resource Exhaustion | Memory Pressure | Service Degradation | Network Congestion | Disk Bottleneck | Software Fault,CPU=83.8% | Memory=80.1% | ResponseTime=1882ms | Latency=564ms | DiskIO=139.4MB/s | Errors=4.9,6,83.81000000000002,80.13785714285714,1881.9942857142853,564.1664285714286,139.40571428571428,4.857142857142857,3
blk_4416950245481923656,0.6863,HIGH,CRITICAL,datanode_service,Resource Exhaustion,Resource Exhaustion | Memory Pressure | Service Degradation | Network Congestion | Disk Bottleneck | Software Fault,CPU=88.1% | Memory=81.8% | ResponseTime=1714ms | Latency=595ms | DiskIO=143.4MB/s | Errors=5.0,6,88.14190476190477,81.83761904761904,1714.0590476190475,595.1185714285714,143.38761904761904,5.0,3
blk_-4715093221046866633,0.6862,HIGH,CRITICAL,packet_responder,Resource Exhaustion,Resource Exhaustion | Memory Pressure | Service Degradation | Network Congestion | Disk Bottleneck | Software Fault,CPU=90.1% | Memory=82.8% | ResponseTime=1855ms | Latency=475ms | DiskIO=137.0MB/s | Errors=5.4,6,90.08384615384615,82.81307692307692,1855.400769230769,474.7846153846154,137.01307692307694,5.384615384615385,3
blk_-6689614308409336057,0.6862,HIGH,CRITICAL,packet_responder,Resource Exhaustion,Resource Exhaustion | Memory Pressure | Service Degradation | Network Congestion | Disk Bottleneck | Software Fault,CPU=87.3% | Memory=80.1% | ResponseTime=1825ms | Latency=639ms | DiskIO=139.1MB/s | Errors=4.9,6,87.31142857142856,80.10000000000001,1825.4642857142856,638.9057142857143,139.0557142857143,4.928571428571429,3
blk_-6022456814244051341,0.6862,HIGH,CRITICAL,packet_responder,Resource Exhaustion,Resource Exhaustion | Memory Pressure | Service Degradation | Network Congestion | Disk Bottleneck | Software Fault,CPU=90.4% | Memory=84.4% | ResponseTime=1561ms | Latency=634ms | DiskIO=147.5MB/s | Errors=4.2,6,90.3623076923077,84.40846153846154,1560.577692307692,634.0953846153845,147.5123076923077,4.230769230769231,3
blk_9060189346543278218,0.686,HIGH,CRITICAL,packet_responder,Resource Exhaustion,Resource Exhaustion | Memory Pressure | Service Degradation | Network Congestion | Disk Bottleneck | Software Fault,CPU=84.4% | Memory=84.5% | ResponseTime=1898ms | Latency=566ms | DiskIO=157.0MB/s | Errors=5.5,6,84.36769230769231,84.47,1897.7661538461537,566.1715384615384,156.99153846153845,5.538461538461538,3
blk_8453441471767478057,0.6859,HIGH,CRITICAL,packet_responder,Resource Exhaustion,Resource Exhaustion | Memory Pressure | Service Degradation | Network Congestion | Disk Bottleneck | Software Fault,CPU=89.9% | Memory=79.6% | ResponseTime=1864ms | Latency=495ms | DiskIO=138.8MB/s | Errors=4.6,6,89.88928571428572,79.5792857142857,1864.445,494.9771428571429,138.78571428571428,4.571428571428571,3
blk_-6444547640025597906,0.6859,HIGH,CRITICAL,datanode_service,Resource Exhaustion,Resource Exhaustion | Memory Pressure | Service Degradation | Network Congestion | Disk Bottleneck | Software Fault,CPU=84.1% | Memory=79.3% | ResponseTime=1768ms | Latency=584ms | DiskIO=152.5MB/s | Errors=4.9,6,84.05058823529413,79.29529411764706,1767.865294117647,583.8776470588235,152.46529411764706,4.941176470588236,3
blk_9191711831261586882,0.6859,HIGH,CRITICAL,packet_responder,Resource Exhaustion,Resource Exhaustion | Memory Pressure | Service Degradation | Network Congestion | Disk Bottleneck | Software Fault,CPU=83.8% | Memory=81.9% | ResponseTime=1766ms | Latency=581ms | DiskIO=136.3MB/s | Errors=5.6,6,83.8276923076923,81.86384615384615,1765.8484615384614,581.3323076923077,136.35,5.615384615384615,3
blk_9019315704807298268,0.6858,HIGH,CRITICAL,packet_responder,Resource Exhaustion,Resource Exhaustion | Memory Pressure | Service Degradation | Network Congestion | Disk Bottleneck | Software Fault,CPU=87.6% | Memory=81.2% | ResponseTime=1856ms | Latency=677ms | DiskIO=142.2MB/s | Errors=5.1,6,87.61538461538461,81.23,1855.87,677.3823076923077,142.1676923076923,5.076923076923077,3
blk_8539390646071970735,0.6858,HIGH,CRITICAL,packet_responder,Resource Exhaustion,Resource Exhaustion | Memory Pressure | Service Degradation | Network Congestion | Disk Bottleneck | Software Fault,CPU=85.2% | Memory=85.5% | ResponseTime=1810ms | Latency=565ms | DiskIO=149.7MB/s | Errors=5.4,6,85.22538461538463,85.5123076923077,1809.7846153846156,564.506923076923,149.68384615384616,5.384615384615385,3
blk_8838837797955603502,0.6857,HIGH,CRITICAL,packet_responder,Resource Exhaustion,Resource Exhaustion | Memory Pressure | Service Degradation | Network Congestion | Disk Bottleneck | Software Fault | Repeated Failures,CPU=86.1% | Memory=81.7% | ResponseTime=1832ms | Latency=525ms | DiskIO=136.7MB/s | Errors=5.2 | FailedEvents=4,7,86.13,81.68214285714285,1832.255,525.1764285714286,136.68285714285713,5.214285714285714,4
blk_8954458708846501822,0.6857,HIGH,CRITICAL,packet_responder,Resource Exhaustion,Resource Exhaustion | Memory Pressure | Service Degradation | Network Congestion | Disk Bottleneck | Software Fault,CPU=90.2% | Memory=82.1% | ResponseTime=1683ms | Latency=650ms | DiskIO=131.3MB/s | Errors=4.7,6,90.24923076923076,82.07846153846154,1682.7592307692307,649.9453846153847,131.27153846153846,4.6923076923076925,3
blk_8542407423597760709,0.6857,HIGH,CRITICAL,packet_responder,Resource Exhaustion,Resource Exhaustion | Memory Pressure | Service Degradation | Network Congestion | Disk Bottleneck | Software Fault,CPU=83.5% | Memory=84.6% | ResponseTime=1705ms | Latency=562ms | DiskIO=137.4MB/s | Errors=5.5,6,83.51846153846154,84.57461538461538,1704.8707692307692,561.9615384615385,137.36,5.538461538461538,3
blk_-5808199036894195165,0.6857,HIGH,CRITICAL,packet_responder,Resource Exhaustion,Resource Exhaustion | Memory Pressure | Service Degradation | Network Congestion | Disk Bottleneck | Software Fault,CPU=88.7% | Memory=83.4% | ResponseTime=1956ms | Latency=647ms | DiskIO=137.6MB/s | Errors=4.1,6,88.65153846153846,83.35615384615386,1955.973846153846,646.5161538461538,137.64307692307693,4.076923076923077,3
blk_2400489953162754297,0.6857,HIGH,CRITICAL,packet_responder,Resource Exhaustion,Resource Exhaustion | Memory Pressure | Service Degradation | Network Congestion | Disk Bottleneck | Software Fault,CPU=83.2% | Memory=85.6% | ResponseTime=1619ms | Latency=670ms | DiskIO=131.2MB/s | Errors=5.8,6,83.2223076923077,85.5776923076923,1618.5984615384614,669.5415384615385,131.17923076923077,5.846153846153846,3
blk_7578577240008252384,0.6856,HIGH,CRITICAL,packet_responder,Resource Exhaustion,Resource Exhaustion | Memory Pressure | Service Degradation | Network Congestion | Disk Bottleneck | Software Fault,CPU=88.6% | Memory=82.7% | ResponseTime=1773ms | Latency=483ms | DiskIO=138.7MB/s | Errors=5.1,6,88.61923076923077,82.69846153846153,1772.5615384615385,483.49,138.70615384615385,5.076923076923077,3
blk_-8415201427539044582,0.6856,HIGH,CRITICAL,packet_responder,Resource Exhaustion,Resource Exhaustion | Memory Pressure | Service Degradation | Network Congestion | Disk Bottleneck | Software Fault,CPU=88.0% | Memory=86.5% | ResponseTime=1754ms | Latency=464ms | DiskIO=145.3MB/s | Errors=5.1,6,88.01692307692308,86.54384615384615,1753.9115384615384,463.5876923076922,145.27923076923076,5.076923076923077,3
blk_-7537594386813896941,0.6855,HIGH,CRITICAL,namenode_service,Resource Exhaustion,Resource Exhaustion | Memory Pressure | Service Degradation | Network Congestion | Disk Bottleneck | Software Fault,CPU=84.9% | Memory=82.7% | ResponseTime=1853ms | Latency=562ms | DiskIO=142.3MB/s | Errors=5.5,6,84.93272727272728,82.72409090909092,1853.2977272727276,561.9577272727273,142.28636363636363,5.545454545454546,3
blk_8265194627835393460,0.6855,HIGH,CRITICAL,packet_responder,Resource Exhaustion,Resource Exhaustion | Memory Pressure | Service Degradation | Network Congestion | Disk Bottleneck | Software Fault,CPU=86.0% | Memory=83.1% | ResponseTime=1732ms | Latency=546ms | DiskIO=132.4MB/s | Errors=4.9,6,85.96384615384615,83.08846153846154,1731.5053846153846,546.3315384615385,132.35846153846154,4.923076923076923,3
blk_-2964156547495175038,0.6854,HIGH,CRITICAL,datanode_service,Resource Exhaustion,Resource Exhaustion | Memory Pressure | Service Degradation | Network Congestion | Disk Bottleneck | Software Fault,CPU=89.2% | Memory=83.3% | ResponseTime=2265ms | Latency=813ms | DiskIO=156.1MB/s | Errors=7.0,6,89.175,83.325,2264.53,812.865,156.095,7.0,0
blk_8275179600949786072,0.6854,HIGH,CRITICAL,packet_responder,Resource Exhaustion,Resource Exhaustion | Memory Pressure | Service Degradation | Network Congestion | Disk Bottleneck | Software Fault,CPU=86.5% | Memory=82.5% | ResponseTime=1759ms | Latency=665ms | DiskIO=129.6MB/s | Errors=5.5,6,86.53692307692307,82.53461538461539,1759.215384615385,665.4692307692308,129.61461538461538,5.538461538461538,3
blk_8239617037971499474,0.6852,HIGH,CRITICAL,packet_responder,Resource Exhaustion,Resource Exhaustion | Memory Pressure | Service Degradation | Network Congestion | Disk Bottleneck | Software Fault | Repeated Failures,CPU=87.5% | Memory=82.4% | ResponseTime=1692ms | Latency=554ms | DiskIO=145.3MB/s | Errors=5.6 | FailedEvents=4,7,87.55,82.44285714285715,1691.805,554.0492857142857,145.2592857142857,5.642857142857143,4
blk_-6355562147651795386,0.6851,HIGH,CRITICAL,packet_responder,Resource Exhaustion,Resource Exhaustion | Memory Pressure | Service Degradation | Network Congestion | Disk Bottleneck | Software Fault,CPU=89.3% | Memory=81.0% | ResponseTime=1992ms | Latency=549ms | DiskIO=127.7MB/s | Errors=4.7,6,89.32461538461538,80.95769230769231,1992.252307692308,548.8615384615384,127.70076923076924,4.6923076923076925,3
blk_3990705681559988504,0.6851,HIGH,CRITICAL,packet_responder,Resource Exhaustion,Resource Exhaustion | Memory Pressure | Service Degradation | Network Congestion | Disk Bottleneck | Software Fault,CPU=91.7% | Memory=81.0% | ResponseTime=1724ms | Latency=686ms | DiskIO=146.1MB/s | Errors=4.8,6,91.6946153846154,80.96923076923076,1724.4092307692308,686.0623076923076,146.08384615384617,4.769230769230769,3
blk_-3967595023401864452,0.685,HIGH,CRITICAL,packet_responder,Resource Exhaustion,Resource Exhaustion | Memory Pressure | Service Degradation | Network Congestion | Disk Bottleneck | Software Fault | Repeated Failures,CPU=85.3% | Memory=79.5% | ResponseTime=1990ms | Latency=633ms | DiskIO=131.7MB/s | Errors=6.0 | FailedEvents=4,7,85.34866666666667,79.50666666666666,1990.392,633.288,131.71933333333334,6.0,4
blk_-9014521213981289651,0.685,HIGH,CRITICAL,packet_responder,Resource Exhaustion,Resource Exhaustion | Memory Pressure | Service Degradation | Network Congestion | Disk Bottleneck | Software Fault | Repeated Failures,CPU=88.3% | Memory=83.1% | ResponseTime=1629ms | Latency=512ms | DiskIO=132.5MB/s | Errors=4.9 | FailedEvents=4,7,88.34933333333333,83.10799999999999,1629.3753333333334,511.808,132.47733333333335,4.866666666666666,4
blk_7875346480461163140,0.685,HIGH,CRITICAL,packet_responder,Resource Exhaustion,Resource Exhaustion | Memory Pressure | Service Degradation | Network Congestion | Disk Bottleneck | Software Fault,CPU=88.7% | Memory=83.0% | ResponseTime=1752ms | Latency=617ms | DiskIO=138.6MB/s | Errors=4.6,6,88.71692307692307,82.99538461538462,1751.6792307692308,616.8523076923077,138.56923076923078,4.615384615384615,3
blk_-2458726717499219368,0.685,HIGH,CRITICAL,packet_responder,Resource Exhaustion,Resource Exhaustion | Memory Pressure | Service Degradation | Network Congestion | Disk Bottleneck | Software Fault,CPU=84.1% | Memory=79.4% | ResponseTime=1796ms | Latency=559ms | DiskIO=146.9MB/s | Errors=5.3,6,84.07307692307693,79.36846153846153,1795.5876923076924,558.6153846153846,146.86076923076922,5.307692307692308,3
blk_-8631145699536683822,0.6849,HIGH,CRITICAL,namenode_service,Resource Exhaustion,Resource Exhaustion | Memory Pressure | Service Degradation | Network Congestion | Disk Bottleneck | Software Fault | Repeated Failures,CPU=84.8% | Memory=81.4% | ResponseTime=1736ms | Latency=614ms | DiskIO=143.5MB/s | Errors=4.8 | FailedEvents=4,7,84.792,81.41850000000001,1735.735,613.782,143.5355,4.75,4
blk_2992389701789334448,0.6849,HIGH,CRITICAL,datanode_service,Resource Exhaustion,Resource Exhaustion | Memory Pressure | Service Degradation | Network Congestion | Disk Bottleneck | Software Fault,CPU=85.2% | Memory=79.5% | ResponseTime=1748ms | Latency=648ms | DiskIO=159.2MB/s | Errors=7.0,6,85.1625,79.52000000000001,1748.19,647.9,159.1525,7.0,1
blk_8675251051163991631,0.6847,HIGH,CRITICAL,packet_responder,Resource Exhaustion,Resource Exhaustion | Memory Pressure | Service Degradation | Network Congestion | Disk Bottleneck | Software Fault,CPU=85.5% | Memory=80.5% | ResponseTime=1845ms | Latency=645ms | DiskIO=143.4MB/s | Errors=5.5,6,85.47500000000001,80.51142857142858,1844.592142857143,645.3892857142857,143.35285714285715,5.5,3
blk_7708647692188701965,0.6846,HIGH,CRITICAL,packet_responder,Resource Exhaustion,Resource Exhaustion | Memory Pressure | Service Degradation | Network Congestion | Disk Bottleneck | Software Fault,CPU=83.9% | Memory=84.3% | ResponseTime=1724ms | Latency=647ms | DiskIO=141.8MB/s | Errors=4.5,6,83.87615384615384,84.31153846153846,1724.176153846154,647.1323076923077,141.76307692307694,4.538461538461538,3
blk_2192611381585713039,0.6845,HIGH,CRITICAL,namenode_service,Resource Exhaustion,Resource Exhaustion | Memory Pressure | Service Degradation | Network Congestion | Disk Bottleneck | Software Fault | Repeated Failures,CPU=84.5% | Memory=81.8% | ResponseTime=1665ms | Latency=671ms | DiskIO=133.6MB/s | Errors=4.8 | FailedEvents=4,7,84.526,81.80199999999999,1665.425,671.286,133.59449999999998,4.85,4
blk_171166048709643043,0.6845,HIGH,CRITICAL,packet_responder,Resource Exhaustion,Resource Exhaustion | Memory Pressure | Service Degradation | Network Congestion | Disk Bottleneck | Software Fault,CPU=89.2% | Memory=82.1% | ResponseTime=2044ms | Latency=651ms | DiskIO=145.6MB/s | Errors=4.4,6,89.21428571428571,82.13071428571428,2044.212142857143,650.745,145.59857142857143,4.428571428571429,3
blk_8583609883851289399,0.6845,HIGH,CRITICAL,packet_responder,Resource Exhaustion,Resource Exhaustion | Memory Pressure | Service Degradation | Network Congestion | Disk Bottleneck | Software Fault,CPU=84.3% | Memory=82.3% | ResponseTime=1776ms | Latency=565ms | DiskIO=150.3MB/s | Errors=4.7,6,84.29285714285713,82.33500000000001,1775.8714285714286,564.7764285714286,150.27357142857142,4.714285714285714,3
blk_1465825420171685223,0.6844,HIGH,CRITICAL,packet_responder,Resource Exhaustion,Resource Exhaustion | Memory Pressure | Service Degradation | Network Congestion | Disk Bottleneck | Software Fault,CPU=88.9% | Memory=81.2% | ResponseTime=1763ms | Latency=538ms | DiskIO=150.2MB/s | Errors=4.7,6,88.93538461538462,81.23692307692308,1763.1207692307692,538.4892307692307,150.2084615384615,4.6923076923076925,3
blk_8962958687853490928,0.6844,HIGH,CRITICAL,datanode_service,Resource Exhaustion,Resource Exhaustion | Memory Pressure | Service Degradation | Network Congestion | Disk Bottleneck | Software Fault,CPU=87.0% | Memory=80.4% | ResponseTime=1644ms | Latency=596ms | DiskIO=136.6MB/s | Errors=4.8,6,86.95714285714286,80.38190476190476,1644.280476190476,595.7104761904762,136.5790476190476,4.761904761904762,3
blk_8925364256337411451,0.6843,HIGH,CRITICAL,packet_responder,Resource Exhaustion,Resource Exhaustion | Memory Pressure | Service Degradation | Network Congestion | Disk Bottleneck | Software Fault,CPU=86.9% | Memory=83.7% | ResponseTime=1726ms | Latency=595ms | DiskIO=142.6MB/s | Errors=5.6,6,86.87076923076923,83.74,1726.2961538461536,595.2146153846154,142.55923076923077,5.615384615384615,3
blk_-5854299953783556310,0.6843,HIGH,CRITICAL,packet_responder,Resource Exhaustion,Resource Exhaustion | Memory Pressure | Service Degradation | Network Congestion | Disk Bottleneck | Software Fault,CPU=86.6% | Memory=87.6% | ResponseTime=1884ms | Latency=561ms | DiskIO=133.5MB/s | Errors=5.2,6,86.63846153846154,87.61,1883.712307692308,560.7076923076922,133.45538461538462,5.153846153846154,3
blk_1586164007556399766,0.6843,HIGH,CRITICAL,packet_responder,Resource Exhaustion,Resource Exhaustion | Memory Pressure | Service Degradation | Network Congestion | Disk Bottleneck | Software Fault,CPU=86.2% | Memory=82.4% | ResponseTime=2091ms | Latency=593ms | DiskIO=134.8MB/s | Errors=5.6,6,86.17615384615384,82.4176923076923,2091.3192307692307,593.2038461538461,134.81076923076924,5.615384615384615,3
blk_8695369165312104323,0.6842,HIGH,CRITICAL,packet_responder,Resource Exhaustion,Resource Exhaustion | Memory Pressure | Service Degradation | Network Congestion | Disk Bottleneck | Software Fault,CPU=89.9% | Memory=80.9% | ResponseTime=1803ms | Latency=574ms | DiskIO=150.1MB/s | Errors=4.7,6,89.94999999999999,80.85615384615386,1802.8915384615384,573.7561538461539,150.1346153846154,4.6923076923076925,3
blk_8956029894348668245,0.6841,HIGH,CRITICAL,datanode_service,Resource Exhaustion,Resource Exhaustion | Memory Pressure | Service Degradation | Network Congestion | Disk Bottleneck | Software Fault | Repeated Failures,CPU=86.5% | Memory=76.9% | ResponseTime=1729ms | Latency=589ms | DiskIO=143.7MB/s | Errors=4.9 | FailedEvents=5,7,86.47625,76.9125,1728.64625,588.645625,143.66,4.9375,5
blk_8708671235353398324,0.6841,HIGH,CRITICAL,packet_responder,Resource Exhaustion,Resource Exhaustion | Memory Pressure | Service Degradation | Network Congestion | Disk Bottleneck | Software Fault | Repeated Failures,CPU=85.2% | Memory=78.4% | ResponseTime=1479ms | Latency=513ms | DiskIO=132.5MB/s | Errors=5.5 | FailedEvents=4,7,85.18599999999999,78.40733333333333,1478.7053333333336,512.568,132.47400000000002,5.533333333333333,4
blk_8171491589579016368,0.684,HIGH,CRITICAL,datanode_service,Resource Exhaustion,Resource Exhaustion | Memory Pressure | Service Degradation | Network Congestion | Disk Bottleneck | Software Fault,CPU=83.6% | Memory=83.3% | ResponseTime=1990ms | Latency=674ms | DiskIO=142.0MB/s | Errors=4.8,6,83.575,83.3275,1990.0375,674.285,141.97,4.75,1
blk_5121481853214106697,0.6839,HIGH,CRITICAL,namenode_service,Resource Exhaustion,Resource Exhaustion | Memory Pressure | Service Degradation | Network Congestion | Disk Bottleneck | Software Fault | Repeated Failures,CPU=85.0% | Memory=82.0% | ResponseTime=1807ms | Latency=591ms | DiskIO=130.5MB/s | Errors=5.0 | FailedEvents=4,7,84.95071428571428,82.02357142857143,1806.52,591.3464285714286,130.50714285714284,5.0,4
blk_-3647579307173576079,0.6838,HIGH,CRITICAL,packet_responder,Resource Exhaustion,Resource Exhaustion | Memory Pressure | Service Degradation | Network Congestion | Disk Bottleneck | Software Fault | Repeated Failures,CPU=86.8% | Memory=79.6% | ResponseTime=1857ms | Latency=581ms | DiskIO=143.8MB/s | Errors=4.9 | FailedEvents=4,7,86.846,79.632,1856.93,581.3693333333334,143.81866666666667,4.933333333333334,4
blk_1457772626057593336,0.6838,HIGH,CRITICAL,packet_responder,Resource Exhaustion,Resource Exhaustion | Memory Pressure | Service Degradation | Network Congestion | Disk Bottleneck | Software Fault,CPU=84.8% | Memory=82.5% | ResponseTime=1888ms | Latency=534ms | DiskIO=143.7MB/s | Errors=4.8,6,84.83461538461538,82.46461538461539,1888.0553846153844,534.0130769230769,143.7423076923077,4.846153846153846,3
blk_1421976262831018925,0.6838,HIGH,CRITICAL,datanode_service,Resource Exhaustion,Resource Exhaustion | Memory Pressure | Service Degradation | Network Congestion | Disk Bottleneck | Software Fault,CPU=94.8% | Memory=92.4% | ResponseTime=1816ms | Latency=550ms | DiskIO=118.7MB/s | Errors=8.5,6,94.77,92.445,1815.565,549.885,118.69,8.5,0
blk_7617375569128752052,0.6837,HIGH,CRITICAL,packet_responder,Resource Exhaustion,Resource Exhaustion | Memory Pressure | Service Degradation | Network Congestion | Disk Bottleneck | Software Fault,CPU=85.5% | Memory=86.1% | ResponseTime=1587ms | Latency=609ms | DiskIO=126.6MB/s | Errors=5.3,6,85.54846153846155,86.1123076923077,1587.4361538461535,608.9169230769231,126.61153846153846,5.307692307692308,3
blk_7572628348217213577,0.6836,HIGH,CRITICAL,packet_responder,Resource Exhaustion,Resource Exhaustion | Memory Pressure | Service Degradation | Network Congestion | Disk Bottleneck | Software Fault | Repeated Failures,CPU=91.6% | Memory=82.3% | ResponseTime=1749ms | Latency=669ms | DiskIO=141.4MB/s | Errors=4.6 | FailedEvents=4,7,91.634375,82.315,1749.011875,669.19,141.39875,4.625,4
blk_8495702892531808976,0.6835,HIGH,CRITICAL,packet_responder,Resource Exhaustion,Resource Exhaustion | Memory Pressure | Service Degradation | Network Congestion | Disk Bottleneck | Software Fault,CPU=88.0% | Memory=80.6% | ResponseTime=1738ms | Latency=623ms | DiskIO=141.5MB/s | Errors=4.4,6,88.035,80.62285714285714,1738.06,622.6442857142857,141.49857142857144,4.357142857142857,3
blk_8737298905842985006,0.6835,HIGH,CRITICAL,packet_responder,Resource Exhaustion,Resource Exhaustion | Memory Pressure | Service Degradation | Network Congestion | Disk Bottleneck | Software Fault,CPU=88.3% | Memory=84.3% | ResponseTime=1729ms | Latency=614ms | DiskIO=140.2MB/s | Errors=4.6,6,88.26076923076924,84.34692307692308,1728.9869230769232,613.7053846153847,140.24615384615385,4.615384615384615,3
blk_1625440862298448841,0.6835,HIGH,CRITICAL,packet_responder,Resource Exhaustion,Resource Exhaustion | Memory Pressure | Service Degradation | Network Congestion | Disk Bottleneck | Software Fault,CPU=89.7% | Memory=82.9% | ResponseTime=1719ms | Latency=589ms | DiskIO=148.5MB/s | Errors=4.5,6,89.70692307692308,82.9276923076923,1719.3746153846153,589.2830769230769,148.51615384615386,4.538461538461538,3
blk_9198849030420592774,0.6834,HIGH,CRITICAL,packet_responder,Resource Exhaustion,Resource Exhaustion | Memory Pressure | Service Degradation | Network Congestion | Disk Bottleneck | Software Fault,CPU=88.4% | Memory=85.0% | ResponseTime=2092ms | Latency=554ms | DiskIO=130.7MB/s | Errors=4.9,6,88.42,85.04230769230769,2091.6330769230767,553.9615384615385,130.71,4.923076923076923,3
blk_8652445550883310810,0.6834,HIGH,CRITICAL,packet_responder,Resource Exhaustion,Resource Exhaustion | Memory Pressure | Service Degradation | Network Congestion | Disk Bottleneck | Software Fault,CPU=88.5% | Memory=81.2% | ResponseTime=1732ms | Latency=652ms | DiskIO=141.4MB/s | Errors=5.4,6,88.53538461538461,81.1723076923077,1731.5200000000002,651.5253846153846,141.3553846153846,5.384615384615385,3
blk_1324709291391680362,0.6832,HIGH,CRITICAL,datanode_service,Resource Exhaustion,Resource Exhaustion | Memory Pressure | Service Degradation | Network Congestion | Disk Bottleneck | Software Fault,CPU=85.0% | Memory=83.5% | ResponseTime=2049ms | Latency=645ms | DiskIO=122.8MB/s | Errors=5.8,6,85.015,83.5025,2049.19,645.13,122.8375,5.75,1
blk_-8252882625604508946,0.6831,HIGH,CRITICAL,namenode_service,Resource Exhaustion,Resource Exhaustion | Memory Pressure | Service Degradation | Network Congestion | Disk Bottleneck | Software Fault | Repeated Failures,CPU=85.7% | Memory=80.2% | ResponseTime=1754ms | Latency=544ms | DiskIO=140.6MB/s | Errors=5.2 | FailedEvents=4,7,85.67821428571428,80.17142857142858,1754.4214285714286,543.9096428571428,140.57,5.178571428571429,4
blk_7921247972648748592,0.6831,HIGH,CRITICAL,packet_responder,Resource Exhaustion,Resource Exhaustion | Memory Pressure | Service Degradation | Network Congestion | Disk Bottleneck | Software Fault,CPU=86.6% | Memory=80.3% | ResponseTime=1559ms | Latency=680ms | DiskIO=141.2MB/s | Errors=4.7,6,86.62846153846155,80.25538461538461,1559.3946153846157,680.2630769230769,141.22307692307692,4.6923076923076925,3
blk_9076591253727580376,0.6829,HIGH,CRITICAL,packet_responder,Resource Exhaustion,Resource Exhaustion | Memory Pressure | Service Degradation | Network Congestion | Disk Bottleneck | Software Fault,CPU=87.2% | Memory=79.7% | ResponseTime=1827ms | Latency=571ms | DiskIO=136.9MB/s | Errors=5.8,6,87.20384615384616,79.6923076923077,1827.4753846153849,571.2238461538461,136.90076923076924,5.846153846153846,3
blk_-6917605111917698165,0.6828,HIGH,CRITICAL,packet_responder,Resource Exhaustion,Resource Exhaustion | Memory Pressure | Service Degradation | Network Congestion | Disk Bottleneck | Software Fault,CPU=84.8% | Memory=83.1% | ResponseTime=1750ms | Latency=582ms | DiskIO=128.8MB/s | Errors=4.9,6,84.76153846153846,83.06384615384614,1750.2253846153849,582.3646153846154,128.76000000000002,4.923076923076923,3
blk_-2992897531180426437,0.6828,HIGH,CRITICAL,packet_responder,Resource Exhaustion,Resource Exhaustion | Memory Pressure | Service Degradation | Network Congestion | Disk Bottleneck | Software Fault,CPU=84.2% | Memory=79.5% | ResponseTime=1670ms | Latency=574ms | DiskIO=142.4MB/s | Errors=5.1,6,84.21714285714286,79.5,1669.6728571428573,574.48,142.37642857142856,5.142857142857143,3
blk_-7823569907223155019,0.6827,HIGH,CRITICAL,packet_responder,Resource Exhaustion,Resource Exhaustion | Memory Pressure | Service Degradation | Network Congestion | Disk Bottleneck | Software Fault,CPU=86.8% | Memory=82.3% | ResponseTime=1876ms | Latency=533ms | DiskIO=139.0MB/s | Errors=4.8,6,86.82642857142856,82.29357142857144,1876.235,533.4514285714286,139.01285714285714,4.785714285714286,3
blk_8463824629765479118,0.6827,HIGH,CRITICAL,packet_responder,Resource Exhaustion,Resource Exhaustion | Memory Pressure | Service Degradation | Network Congestion | Disk Bottleneck | Software Fault,CPU=87.2% | Memory=82.8% | ResponseTime=1462ms | Latency=605ms | DiskIO=143.7MB/s | Errors=5.1,6,87.24846153846154,82.84461538461538,1462.0446153846156,604.8123076923077,143.7446153846154,5.076923076923077,3
blk_9180991745573265742,0.6826,HIGH,CRITICAL,packet_responder,Resource Exhaustion,Resource Exhaustion | Memory Pressure | Service Degradation | Network Congestion | Disk Bottleneck | Software Fault,CPU=89.8% | Memory=83.7% | ResponseTime=1870ms | Latency=597ms | DiskIO=135.2MB/s | Errors=5.1,6,89.79230769230769,83.7423076923077,1869.543846153846,596.5815384615385,135.21307692307693,5.076923076923077,3
blk_3510959106298778413,0.6824,HIGH,CRITICAL,packet_responder,Resource Exhaustion,Resource Exhaustion | Memory Pressure | Service Degradation | Network Congestion | Disk Bottleneck | Software Fault,CPU=88.5% | Memory=81.1% | ResponseTime=1731ms | Latency=566ms | DiskIO=140.6MB/s | Errors=4.4,6,88.54230769230769,81.06846153846153,1730.9876923076922,565.6315384615384,140.56461538461537,4.384615384615385,3
blk_7621437832633701631,0.6824,HIGH,CRITICAL,datanode_service,Resource Exhaustion,Resource Exhaustion | Memory Pressure | Service Degradation | Network Congestion | Disk Bottleneck | Software Fault,CPU=89.2% | Memory=83.8% | ResponseTime=1730ms | Latency=551ms | DiskIO=153.9MB/s | Errors=4.9,6,89.24944444444445,83.77055555555555,1729.5394444444444,551.3755555555556,153.8638888888889,4.944444444444445,3
blk_-6315642316658400849,0.6823,HIGH,CRITICAL,datanode_service,Resource Exhaustion,Resource Exhaustion | Memory Pressure | Service Degradation | Network Congestion | Disk Bottleneck | Software Fault,CPU=92.5% | Memory=82.6% | ResponseTime=1649ms | Latency=559ms | DiskIO=159.0MB/s | Errors=7.0,6,92.4975,82.6425,1649.215,558.9200000000001,159.01749999999998,7.0,1
blk_1202710035399286300,0.6823,HIGH,CRITICAL,datanode_service,Resource Exhaustion,Resource Exhaustion | Memory Pressure | Service Degradation | Network Congestion | Disk Bottleneck | Software Fault,CPU=91.2% | Memory=81.3% | ResponseTime=1770ms | Latency=611ms | DiskIO=131.3MB/s | Errors=6.0,6,91.1725,81.2875,1770.4025,611.435,131.285,6.0,1
blk_8582181734275842017,0.6822,HIGH,CRITICAL,datanode_service,Resource Exhaustion,Resource Exhaustion | Memory Pressure | Service Degradation | Network Congestion | Disk Bottleneck | Software Fault | Repeated Failures,CPU=88.2% | Memory=81.7% | ResponseTime=1714ms | Latency=586ms | DiskIO=130.9MB/s | Errors=5.4 | FailedEvents=5,7,88.1935294117647,81.66529411764705,1713.684705882353,586.0376470588235,130.93470588235294,5.352941176470588,5
blk_9047593030233623852,0.6822,HIGH,CRITICAL,packet_responder,Resource Exhaustion,Resource Exhaustion | Memory Pressure | Service Degradation | Network Congestion | Disk Bottleneck | Software Fault,CPU=85.2% | Memory=84.9% | ResponseTime=1687ms | Latency=610ms | DiskIO=150.4MB/s | Errors=4.6,6,85.21461538461539,84.91076923076922,1686.6792307692308,610.4515384615385,150.39615384615385,4.615384615384615,3
blk_1337459668850938918,0.6822,HIGH,CRITICAL,datanode_service,Resource Exhaustion,Resource Exhaustion | Memory Pressure | Service Degradation | Network Congestion | Disk Bottleneck | Software Fault,CPU=89.4% | Memory=80.9% | ResponseTime=1692ms | Latency=581ms | DiskIO=134.6MB/s | Errors=4.8,6,89.42999999999999,80.90619047619047,1692.354285714286,580.9619047619047,134.59,4.761904761904762,3
blk_4596168784496776974,0.6821,HIGH,CRITICAL,namenode_service,Resource Exhaustion,Resource Exhaustion | Memory Pressure | Service Degradation | Network Congestion | Disk Bottleneck | Software Fault | Repeated Failures,CPU=88.3% | Memory=83.4% | ResponseTime=1645ms | Latency=675ms | DiskIO=140.1MB/s | Errors=4.8 | FailedEvents=4,7,88.316,83.42999999999999,1645.132,675.0775,140.09949999999998,4.8,4
blk_-4109536386405623117,0.6821,HIGH,CRITICAL,packet_responder,Resource Exhaustion,Resource Exhaustion | Memory Pressure | Service Degradation | Network Congestion | Disk Bottleneck | Software Fault,CPU=86.9% | Memory=82.6% | ResponseTime=1528ms | Latency=469ms | DiskIO=150.3MB/s | Errors=4.6,6,86.9,82.59733333333334,1527.9033333333332,469.1313333333334,150.2913333333333,4.6,3
blk_3679778751499479168,0.6821,HIGH,CRITICAL,datanode_service,Resource Exhaustion,Resource Exhaustion | Memory Pressure | Service Degradation | Network Congestion | Disk Bottleneck | Software Fault,CPU=85.7% | Memory=81.9% | ResponseTime=1847ms | Latency=641ms | DiskIO=144.2MB/s | Errors=4.8,6,85.74117647058823,81.87411764705882,1846.8405882352945,640.905294117647,144.18117647058824,4.764705882352941,3
blk_9165568172412334733,0.6821,HIGH,CRITICAL,packet_responder,Resource Exhaustion,Resource Exhaustion | Memory Pressure | Service Degradation | Network Congestion | Disk Bottleneck | Software Fault,CPU=87.6% | Memory=85.3% | ResponseTime=1702ms | Latency=599ms | DiskIO=151.1MB/s | Errors=5.4,6,87.63461538461539,85.32153846153847,1702.0515384615387,598.9838461538461,151.12,5.384615384615385,3
blk_348548634648842426,0.682,HIGH,CRITICAL,datanode_service,Resource Exhaustion,Resource Exhaustion | Memory Pressure | Service Degradation | Network Congestion | Disk Bottleneck | Software Fault,CPU=85.9% | Memory=82.3% | ResponseTime=1749ms | Latency=641ms | DiskIO=136.5MB/s | Errors=4.1,6,85.9235294117647,82.26529411764706,1749.1523529411766,640.6064705882353,136.4864705882353,4.0588235294117645,3
blk_8194134920492115188,0.682,HIGH,CRITICAL,packet_responder,Resource Exhaustion,Resource Exhaustion | Memory Pressure | Service Degradation | Network Congestion | Disk Bottleneck | Software Fault,CPU=87.1% | Memory=84.5% | ResponseTime=1615ms | Latency=590ms | DiskIO=153.6MB/s | Errors=5.0,6,87.08692307692309,84.47076923076924,1614.8853846153845,590.0438461538462,153.59923076923076,5.0,3
blk_4844468037683827228,0.6819,HIGH,CRITICAL,datanode_service,Resource Exhaustion,Resource Exhaustion | Memory Pressure | Service Degradation | Network Congestion | Disk Bottleneck | Software Fault,CPU=86.6% | Memory=80.1% | ResponseTime=1775ms | Latency=579ms | DiskIO=138.8MB/s | Errors=4.7,6,86.55176470588235,80.1370588235294,1774.6735294117648,579.3429411764706,138.82882352941178,4.705882352941177,3
blk_-4957322652433244858,0.6818,HIGH,CRITICAL,namenode_service,Resource Exhaustion,Resource Exhaustion | Memory Pressure | Service Degradation | Network Congestion | Disk Bottleneck | Software Fault | Repeated Failures,CPU=85.2% | Memory=82.2% | ResponseTime=1525ms | Latency=571ms | DiskIO=136.8MB/s | Errors=4.4 | FailedEvents=4,7,85.21000000000001,82.2175,1525.08,571.027,136.803,4.4,4
blk_-2098092094743061693,0.6818,HIGH,CRITICAL,namenode_service,Resource Exhaustion,Resource Exhaustion | Memory Pressure | Service Degradation | Network Congestion | Disk Bottleneck | Software Fault | Repeated Failures,CPU=85.8% | Memory=80.6% | ResponseTime=1738ms | Latency=665ms | DiskIO=144.0MB/s | Errors=4.7 | FailedEvents=4,7,85.79857142857144,80.64392857142857,1738.4585714285713,664.7535714285714,144.01607142857142,4.678571428571429,4
blk_-1849327476642808463,0.6817,HIGH,CRITICAL,datanode_service,Resource Exhaustion,Resource Exhaustion | Memory Pressure | Service Degradation | Network Congestion | Disk Bottleneck | Software Fault,CPU=85.3% | Memory=81.0% | ResponseTime=1876ms | Latency=591ms | DiskIO=138.2MB/s | Errors=5.3,6,85.32095238095238,81.0395238095238,1876.4090476190477,591.2657142857142,138.2238095238095,5.285714285714286,3
blk_1371669870059482781,0.6816,HIGH,CRITICAL,packet_responder,Resource Exhaustion,Resource Exhaustion | Memory Pressure | Service Degradation | Network Congestion | Disk Bottleneck | Software Fault,CPU=85.7% | Memory=81.3% | ResponseTime=1992ms | Latency=508ms | DiskIO=136.5MB/s | Errors=4.9,6,85.67846153846153,81.30000000000001,1992.2584615384617,507.9484615384615,136.51384615384617,4.923076923076923,3
blk_7523193419675083274,0.6815,HIGH,CRITICAL,datanode_service,Resource Exhaustion,Resource Exhaustion | Memory Pressure | Service Degradation | Network Congestion | Disk Bottleneck | Software Fault | Repeated Failures,CPU=87.9% | Memory=79.3% | ResponseTime=1856ms | Latency=594ms | DiskIO=151.6MB/s | Errors=4.3 | FailedEvents=5,7,87.85882352941177,79.3364705882353,1855.7358823529407,594.1641176470588,151.6335294117647,4.294117647058823,5
blk_8475316634395873384,0.6815,HIGH,CRITICAL,packet_responder,Resource Exhaustion,Resource Exhaustion | Memory Pressure | Service Degradation | Network Congestion | Disk Bottleneck | Software Fault,CPU=88.7% | Memory=84.4% | ResponseTime=1625ms | Latency=610ms | DiskIO=133.2MB/s | Errors=4.8,6,88.67923076923077,84.44,1625.3307692307692,609.9646153846154,133.22076923076924,4.846153846153846,3
blk_4852638170938843513,0.6815,HIGH,CRITICAL,packet_responder,Resource Exhaustion,Resource Exhaustion | Memory Pressure | Service Degradation | Network Congestion | Disk Bottleneck | Software Fault,CPU=88.2% | Memory=81.8% | ResponseTime=1762ms | Latency=573ms | DiskIO=121.6MB/s | Errors=5.9,6,88.23538461538462,81.78307692307693,1761.956923076923,572.7369230769231,121.64692307692306,5.923076923076923,3
blk_-2228712757931639757,0.6814,HIGH,CRITICAL,packet_responder,Resource Exhaustion,Resource Exhaustion | Memory Pressure | Service Degradation | Network Congestion | Disk Bottleneck | Software Fault,CPU=84.8% | Memory=84.5% | ResponseTime=1873ms | Latency=653ms | DiskIO=146.0MB/s | Errors=4.9,6,84.83307692307692,84.52384615384615,1873.34,653.1546153846155,146.04461538461538,4.923076923076923,3
blk_-3736847056048559824,0.6814,HIGH,CRITICAL,packet_responder,Resource Exhaustion,Resource Exhaustion | Memory Pressure | Service Degradation | Network Congestion | Disk Bottleneck | Software Fault,CPU=86.4% | Memory=83.3% | ResponseTime=1795ms | Latency=583ms | DiskIO=134.9MB/s | Errors=5.1,6,86.43153846153845,83.31076923076922,1794.8753846153847,583.33,134.94230769230768,5.076923076923077,3
blk_9209004015729845555,0.6813,HIGH,CRITICAL,packet_responder,Resource Exhaustion,Resource Exhaustion | Memory Pressure | Service Degradation | Network Congestion | Disk Bottleneck | Software Fault,CPU=90.5% | Memory=81.5% | ResponseTime=1639ms | Latency=623ms | DiskIO=140.9MB/s | Errors=5.6,6,90.50692307692309,81.45692307692308,1639.2392307692307,623.2707692307692,140.92538461538462,5.615384615384615,3
blk_8861474138336696834,0.6812,HIGH,CRITICAL,packet_responder,Resource Exhaustion,Resource Exhaustion | Memory Pressure | Service Degradation | Network Congestion | Disk Bottleneck | Software Fault,CPU=88.9% | Memory=83.1% | ResponseTime=1884ms | Latency=526ms | DiskIO=137.8MB/s | Errors=4.0,6,88.88615384615385,83.14538461538463,1883.9946153846156,525.9569230769231,137.79615384615383,4.0,3
blk_-4575504943817626616,0.681,HIGH,CRITICAL,datanode_service,Resource Exhaustion,Resource Exhaustion | Memory Pressure | Service Degradation | Network Congestion | Disk Bottleneck | Software Fault,CPU=86.5% | Memory=79.5% | ResponseTime=1762ms | Latency=539ms | DiskIO=141.7MB/s | Errors=5.1,6,86.47142857142858,79.50952380952381,1761.5609523809524,538.9,141.69238095238094,5.095238095238095,3
blk_7795179362846861426,0.681,HIGH,CRITICAL,packet_responder,Resource Exhaustion,Resource Exhaustion | Memory Pressure | Service Degradation | Network Congestion | Disk Bottleneck | Software Fault,CPU=88.3% | Memory=83.9% | ResponseTime=1664ms | Latency=615ms | DiskIO=130.7MB/s | Errors=4.6,6,88.27307692307691,83.92692307692307,1663.913076923077,614.8123076923077,130.72846153846154,4.615384615384615,3
blk_-7593343514267572796,0.6807,HIGH,CRITICAL,datanode_service,Resource Exhaustion,Resource Exhaustion | Memory Pressure | Service Degradation | Network Congestion | Disk Bottleneck | Software Fault,CPU=86.2% | Memory=82.8% | ResponseTime=1668ms | Latency=599ms | DiskIO=150.9MB/s | Errors=4.9,6,86.22571428571429,82.80285714285714,1667.6833333333332,598.8380952380952,150.92904761904762,4.857142857142857,3
blk_6672131021065206997,0.6806,HIGH,CRITICAL,datanode_service,Resource Exhaustion,Resource Exhaustion | Memory Pressure | Service Degradation | Network Congestion | Disk Bottleneck | Software Fault,CPU=86.6% | Memory=81.9% | ResponseTime=1702ms | Latency=564ms | DiskIO=153.3MB/s | Errors=5.4,6,86.62904761904763,81.90190476190476,1702.131904761905,563.9885714285714,153.2895238095238,5.380952380952381,3
blk_7972861293363432138,0.6806,HIGH,CRITICAL,packet_responder,Resource Exhaustion,Resource Exhaustion | Memory Pressure | Service Degradation | Network Congestion | Disk Bottleneck | Software Fault,CPU=90.7% | Memory=80.7% | ResponseTime=1789ms | Latency=494ms | DiskIO=129.1MB/s | Errors=5.0,6,90.70692307692308,80.73153846153846,1788.6592307692308,493.7661538461538,129.06384615384616,5.0,3
blk_9113164824428648432,0.6806,HIGH,CRITICAL,packet_responder,Resource Exhaustion,Resource Exhaustion | Memory Pressure | Service Degradation | Network Congestion | Disk Bottleneck | Software Fault,CPU=85.4% | Memory=80.5% | ResponseTime=1436ms | Latency=567ms | DiskIO=153.5MB/s | Errors=5.4,6,85.40846153846154,80.53153846153847,1435.8915384615384,567.2153846153847,153.4530769230769,5.384615384615385,3
blk_8972706523028362649,0.6805,HIGH,CRITICAL,packet_responder,Resource Exhaustion,Resource Exhaustion | Memory Pressure | Service Degradation | Network Congestion | Disk Bottleneck | Software Fault,CPU=83.4% | Memory=82.8% | ResponseTime=1481ms | Latency=603ms | DiskIO=133.3MB/s | Errors=4.9,6,83.44846153846153,82.7976923076923,1481.1715384615384,603.2876923076923,133.33692307692306,4.923076923076923,3
blk_1145434794492159629,0.6804,HIGH,CRITICAL,packet_responder,Resource Exhaustion,Resource Exhaustion | Memory Pressure | Service Degradation | Network Congestion | Disk Bottleneck | Software Fault,CPU=85.3% | Memory=82.6% | ResponseTime=1759ms | Latency=606ms | DiskIO=129.8MB/s | Errors=4.2,6,85.32307692307693,82.62538461538462,1758.8715384615386,606.2492307692307,129.78153846153845,4.153846153846154,3
blk_2642213440481441118,0.6803,HIGH,CRITICAL,packet_responder,Resource Exhaustion,Resource Exhaustion | Memory Pressure | Service Degradation | Network Congestion | Disk Bottleneck | Software Fault,CPU=88.5% | Memory=81.1% | ResponseTime=1924ms | Latency=591ms | DiskIO=153.2MB/s | Errors=4.5,6,88.45153846153845,81.08538461538463,1924.4915384615383,591.3615384615384,153.2453846153846,4.538461538461538,3
blk_9085967344169486025,0.6803,HIGH,CRITICAL,packet_responder,Resource Exhaustion,Resource Exhaustion | Memory Pressure | Service Degradation | Network Congestion | Disk Bottleneck | Software Fault,CPU=89.2% | Memory=84.5% | ResponseTime=1514ms | Latency=547ms | DiskIO=151.2MB/s | Errors=5.3,6,89.22307692307693,84.48692307692308,1513.783846153846,547.0353846153846,151.18692307692305,5.307692307692308,3
blk_8148697241624229931,0.6803,HIGH,CRITICAL,packet_responder,Resource Exhaustion,Resource Exhaustion | Memory Pressure | Service Degradation | Network Congestion | Disk Bottleneck | Software Fault,CPU=85.6% | Memory=82.4% | ResponseTime=1711ms | Latency=634ms | DiskIO=139.3MB/s | Errors=4.6,6,85.59642857142856,82.42714285714285,1711.0764285714286,633.6507142857143,139.32642857142858,4.571428571428571,3
blk_8374934788122737375,0.6801,HIGH,CRITICAL,packet_responder,Resource Exhaustion,Resource Exhaustion | Memory Pressure | Service Degradation | Network Congestion | Disk Bottleneck | Software Fault,CPU=84.0% | Memory=81.0% | ResponseTime=1668ms | Latency=546ms | DiskIO=144.7MB/s | Errors=5.5,6,84.00538461538461,81.01846153846154,1667.686923076923,546.203076923077,144.7430769230769,5.461538461538462,3
blk_8403651428768810538,0.68,HIGH,CRITICAL,packet_responder,Resource Exhaustion,Resource Exhaustion | Memory Pressure | Service Degradation | Network Congestion | Disk Bottleneck | Software Fault,CPU=84.7% | Memory=80.4% | ResponseTime=1926ms | Latency=528ms | DiskIO=146.1MB/s | Errors=4.6,6,84.69307692307692,80.37153846153845,1926.4538461538464,527.9761538461538,146.1076923076923,4.615384615384615,3
blk_3465324629382013449,0.6799,HIGH,CRITICAL,datanode_service,Resource Exhaustion,Resource Exhaustion | Memory Pressure | Service Degradation | Network Congestion | Disk Bottleneck | Software Fault,CPU=89.3% | Memory=90.6% | ResponseTime=2022ms | Latency=615ms | DiskIO=149.4MB/s | Errors=6.5,6,89.3175,90.64,2021.55,615.015,149.42000000000002,6.5,1
blk_-6583335439604751301,0.6799,HIGH,CRITICAL,datanode_service,Resource Exhaustion,Resource Exhaustion | Memory Pressure | Service Degradation | Network Congestion | Disk Bottleneck | Software Fault,CPU=87.5% | Memory=80.9% | ResponseTime=1578ms | Latency=692ms | DiskIO=126.2MB/s | Errors=5.3,6,87.52411764705883,80.9035294117647,1578.1435294117646,691.5058823529412,126.19470588235292,5.294117647058823,3
blk_-6667438803465136570,0.6799,HIGH,CRITICAL,datanode_service,Resource Exhaustion,Resource Exhaustion | Memory Pressure | Service Degradation | Network Congestion | Disk Bottleneck | Software Fault,CPU=86.3% | Memory=82.4% | ResponseTime=1827ms | Latency=550ms | DiskIO=141.9MB/s | Errors=4.8,6,86.34333333333333,82.38142857142857,1827.327142857143,549.7071428571429,141.85809523809525,4.809523809523809,3
blk_4837927419580655303,0.6799,HIGH,CRITICAL,packet_responder,Resource Exhaustion,Resource Exhaustion | Memory Pressure | Service Degradation | Network Congestion | Disk Bottleneck | Software Fault,CPU=88.6% | Memory=84.2% | ResponseTime=1805ms | Latency=637ms | DiskIO=142.7MB/s | Errors=4.4,6,88.63923076923076,84.18076923076923,1805.073846153846,636.9976923076922,142.65307692307692,4.384615384615385,3
blk_7753548790390950565,0.6799,HIGH,CRITICAL,packet_responder,Resource Exhaustion,Resource Exhaustion | Memory Pressure | Service Degradation | Network Congestion | Disk Bottleneck | Software Fault,CPU=85.6% | Memory=82.5% | ResponseTime=1966ms | Latency=693ms | DiskIO=151.7MB/s | Errors=4.6,6,85.59,82.50785714285715,1966.0814285714284,693.0857142857143,151.655,4.642857142857143,3
blk_-4560669296456646716,0.6798,HIGH,CRITICAL,packet_responder,Resource Exhaustion,Resource Exhaustion | Memory Pressure | Service Degradation | Network Congestion | Disk Bottleneck | Software Fault,CPU=88.8% | Memory=84.6% | ResponseTime=1841ms | Latency=560ms | DiskIO=138.7MB/s | Errors=5.1,6,88.79214285714285,84.61714285714285,1840.837142857143,559.6121428571429,138.65357142857144,5.071428571428571,3
blk_4399583511876140207,0.6797,HIGH,CRITICAL,packet_responder,Resource Exhaustion,Resource Exhaustion | Memory Pressure | Service Degradation | Network Congestion | Disk Bottleneck | Software Fault,CPU=84.7% | Memory=80.8% | ResponseTime=1543ms | Latency=665ms | DiskIO=130.8MB/s | Errors=5.1,6,84.73928571428571,80.80428571428571,1542.7192857142857,665.1335714285715,130.83642857142857,5.142857142857143,3
blk_7489923904286676953,0.6796,HIGH,CRITICAL,datanode_service,Resource Exhaustion,Resource Exhaustion | Memory Pressure | Service Degradation | Network Congestion | Disk Bottleneck | Software Fault | Repeated Failures,CPU=85.0% | Memory=81.9% | ResponseTime=1916ms | Latency=541ms | DiskIO=134.3MB/s | Errors=5.3 | FailedEvents=5,7,84.95125,81.9225,1915.814375,541.0325,134.26749999999998,5.3125,5
blk_-1597249921068575545,0.6796,HIGH,CRITICAL,datanode_service,Resource Exhaustion,Resource Exhaustion | Memory Pressure | Service Degradation | Network Congestion | Disk Bottleneck | Software Fault,CPU=88.0% | Memory=82.3% | ResponseTime=1537ms | Latency=548ms | DiskIO=132.3MB/s | Errors=5.0,6,87.99190476190476,82.34190476190477,1537.185238095238,547.7523809523809,132.33809523809524,5.0,3
blk_-1089874836573056687,0.6796,HIGH,CRITICAL,packet_responder,Resource Exhaustion,Resource Exhaustion | Memory Pressure | Service Degradation | Network Congestion | Disk Bottleneck | Software Fault,CPU=89.2% | Memory=80.0% | ResponseTime=1728ms | Latency=663ms | DiskIO=155.3MB/s | Errors=4.9,6,89.22384615384615,80.01692307692308,1728.1553846153847,662.6723076923076,155.26615384615386,4.923076923076923,3
blk_709064880272717636,0.6796,HIGH,CRITICAL,datanode_service,Resource Exhaustion,Resource Exhaustion | Memory Pressure | Service Degradation | Network Congestion | Disk Bottleneck | Software Fault,CPU=86.6% | Memory=85.8% | ResponseTime=1543ms | Latency=661ms | DiskIO=142.0MB/s | Errors=5.2,6,86.64,85.845,1542.5175,661.1425,141.9725,5.25,1
blk_6063664286415651178,0.6795,HIGH,CRITICAL,packet_responder,Resource Exhaustion,Resource Exhaustion | Memory Pressure | Service Degradation | Network Congestion | Disk Bottleneck | Software Fault,CPU=87.2% | Memory=81.5% | ResponseTime=1717ms | Latency=664ms | DiskIO=141.7MB/s | Errors=5.1,6,87.19769230769231,81.46384615384615,1716.7084615384615,664.4823076923077,141.70153846153846,5.076923076923077,3
blk_-295689028307586396,0.6795,HIGH,CRITICAL,packet_responder,Resource Exhaustion,Resource Exhaustion | Memory Pressure | Service Degradation | Network Congestion | Disk Bottleneck | Software Fault,CPU=92.6% | Memory=82.4% | ResponseTime=1841ms | Latency=567ms | DiskIO=157.0MB/s | Errors=5.5,6,92.56076923076922,82.38538461538461,1841.43,566.8169230769231,157.01846153846154,5.461538461538462,3
blk_9036962293154594303,0.6795,HIGH,CRITICAL,packet_responder,Resource Exhaustion,Resource Exhaustion | Memory Pressure | Service Degradation | Network Congestion | Disk Bottleneck | Software Fault,CPU=87.4% | Memory=82.2% | ResponseTime=1682ms | Latency=681ms | DiskIO=141.9MB/s | Errors=4.9,6,87.40071428571427,82.18142857142857,1681.652857142857,680.6257142857143,141.93214285714285,4.857142857142857,3
blk_135301717481450215,0.6794,HIGH,CRITICAL,packet_responder,Resource Exhaustion,Resource Exhaustion | Memory Pressure | Service Degradation | Network Congestion | Disk Bottleneck | Software Fault,CPU=88.1% | Memory=82.9% | ResponseTime=2026ms | Latency=607ms | DiskIO=136.2MB/s | Errors=4.8,6,88.12230769230769,82.88692307692307,2025.9592307692308,607.4523076923077,136.21384615384616,4.846153846153846,3
blk_-3039116981978763227,0.6792,HIGH,CRITICAL,packet_responder,Resource Exhaustion,Resource Exhaustion | Memory Pressure | Service Degradation | Network Congestion | Disk Bottleneck | Software Fault,CPU=86.0% | Memory=79.9% | ResponseTime=1813ms | Latency=540ms | DiskIO=156.3MB/s | Errors=5.5,6,85.97538461538463,79.88615384615385,1813.1638461538464,539.8199999999999,156.27769230769232,5.538461538461538,3
blk_7751480552410328385,0.6791,HIGH,CRITICAL,packet_responder,Resource Exhaustion,Resource Exhaustion | Memory Pressure | Service Degradation | Network Congestion | Disk Bottleneck | Software Fault,CPU=90.6% | Memory=81.8% | ResponseTime=1647ms | Latency=564ms | DiskIO=153.5MB/s | Errors=4.9,6,90.56230769230768,81.78538461538461,1646.98,563.7084615384615,153.4569230769231,4.923076923076923,3
blk_8471251193316097948,0.679,HIGH,CRITICAL,packet_responder,Resource Exhaustion,Resource Exhaustion | Memory Pressure | Service Degradation | Network Congestion | Disk Bottleneck | Software Fault,CPU=89.2% | Memory=80.4% | ResponseTime=1703ms | Latency=590ms | DiskIO=138.3MB/s | Errors=5.1,6,89.20692307692308,80.41153846153846,1703.499230769231,589.593076923077,138.27307692307693,5.076923076923077,3
blk_-4690340055395514424,0.6788,HIGH,CRITICAL,packet_responder,Resource Exhaustion,Resource Exhaustion | Memory Pressure | Service Degradation | Network Congestion | Disk Bottleneck | Software Fault,CPU=86.7% | Memory=80.2% | ResponseTime=1883ms | Latency=645ms | DiskIO=139.4MB/s | Errors=5.9,6,86.66615384615385,80.15153846153846,1882.7030769230769,645.2607692307691,139.41615384615386,5.923076923076923,3
blk_6610558236145883474,0.6788,HIGH,CRITICAL,packet_responder,Resource Exhaustion,Resource Exhaustion | Memory Pressure | Service Degradation | Network Congestion | Disk Bottleneck | Software Fault,CPU=84.8% | Memory=79.8% | ResponseTime=1814ms | Latency=666ms | DiskIO=150.6MB/s | Errors=4.6,6,84.77928571428572,79.81785714285715,1813.8492857142855,665.6007142857143,150.6314285714286,4.571428571428571,3
blk_-4983336719350944078,0.6787,HIGH,CRITICAL,namenode_service,Resource Exhaustion,Resource Exhaustion | Memory Pressure | Service Degradation | Network Congestion | Disk Bottleneck | Software Fault | Repeated Failures,CPU=84.2% | Memory=79.8% | ResponseTime=1734ms | Latency=667ms | DiskIO=147.0MB/s | Errors=5.2 | FailedEvents=4,7,84.2385,79.801,1734.436,666.9235000000001,146.977,5.15,4
blk_-2109707445843798752,0.6787,HIGH,CRITICAL,packet_responder,Resource Exhaustion,Resource Exhaustion | Memory Pressure | Service Degradation | Network Congestion | Disk Bottleneck | Software Fault,CPU=86.4% | Memory=79.7% | ResponseTime=1652ms | Latency=607ms | DiskIO=157.1MB/s | Errors=4.8,6,86.35384615384615,79.67,1651.713846153846,607.3061538461538,157.12307692307692,4.769230769230769,3
blk_8051853850075918329,0.6785,HIGH,CRITICAL,packet_responder,Resource Exhaustion,Resource Exhaustion | Memory Pressure | Service Degradation | Network Congestion | Disk Bottleneck | Software Fault | Repeated Failures,CPU=88.8% | Memory=84.1% | ResponseTime=1783ms | Latency=540ms | DiskIO=145.9MB/s | Errors=5.0 | FailedEvents=4,7,88.82199999999999,84.126,1782.503333333333,540.0493333333333,145.91533333333334,5.0,4
blk_-6160713040477304264,0.6785,HIGH,CRITICAL,namenode_service,Resource Exhaustion,Resource Exhaustion | Memory Pressure | Service Degradation | Network Congestion | Disk Bottleneck | Software Fault | Repeated Failures,CPU=83.5% | Memory=77.9% | ResponseTime=1846ms | Latency=593ms | DiskIO=140.0MB/s | Errors=5.2 | FailedEvents=4,7,83.455,77.8915,1845.7435,593.4865,140.0285,5.25,4
blk_9047244576407600764,0.6785,HIGH,CRITICAL,packet_responder,Resource Exhaustion,Resource Exhaustion | Memory Pressure | Service Degradation | Network Congestion | Disk Bottleneck | Software Fault,CPU=86.5% | Memory=80.8% | ResponseTime=1779ms | Latency=498ms | DiskIO=138.2MB/s | Errors=4.6,6,86.4723076923077,80.75307692307692,1779.033846153846,497.5723076923077,138.15153846153845,4.615384615384615,3
blk_9196033909272165480,0.6784,HIGH,CRITICAL,datanode_service,Resource Exhaustion,Resource Exhaustion | Memory Pressure | Service Degradation | Network Congestion | Disk Bottleneck | Software Fault,CPU=87.4% | Memory=79.3% | ResponseTime=1645ms | Latency=534ms | DiskIO=137.1MB/s | Errors=5.1,6,87.35333333333334,79.2552380952381,1645.0357142857142,534.3961904761904,137.06857142857143,5.095238095238095,3
blk_8275918843012667796,0.6783,HIGH,CRITICAL,packet_responder,Resource Exhaustion,Resource Exhaustion | Memory Pressure | Service Degradation | Network Congestion | Disk Bottleneck | Software Fault,CPU=89.5% | Memory=84.9% | ResponseTime=1825ms | Latency=564ms | DiskIO=149.2MB/s | Errors=5.2,6,89.47846153846154,84.90615384615384,1824.9815384615383,564.2023076923077,149.22384615384615,5.230769230769231,3
blk_4016296645748896728,0.6782,HIGH,CRITICAL,packet_responder,Resource Exhaustion,Resource Exhaustion | Memory Pressure | Service Degradation | Network Congestion | Disk Bottleneck | Software Fault,CPU=83.4% | Memory=82.6% | ResponseTime=1826ms | Latency=707ms | DiskIO=136.4MB/s | Errors=5.3,6,83.41857142857143,82.64,1826.2457142857145,706.8592857142858,136.3942857142857,5.285714285714286,3
blk_8983173133290051410,0.6782,HIGH,CRITICAL,packet_responder,Resource Exhaustion,Resource Exhaustion | Memory Pressure | Service Degradation | Network Congestion | Disk Bottleneck | Software Fault,CPU=86.6% | Memory=81.5% | ResponseTime=1694ms | Latency=622ms | DiskIO=148.0MB/s | Errors=5.1,6,86.64692307692306,81.5476923076923,1694.3161538461538,621.5984615384615,147.95384615384617,5.076923076923077,3
blk_5987169951130836525,0.6782,HIGH,CRITICAL,datanode_service,Resource Exhaustion,Resource Exhaustion | Memory Pressure | Service Degradation | Network Congestion | Disk Bottleneck | Software Fault,CPU=93.6% | Memory=82.9% | ResponseTime=1742ms | Latency=630ms | DiskIO=132.5MB/s | Errors=6.2,6,93.57,82.9425,1741.8200000000002,630.2375,132.5425,6.25,1
blk_8023783394623857105,0.6781,HIGH,CRITICAL,packet_responder,Resource Exhaustion,Resource Exhaustion | Memory Pressure | Service Degradation | Network Congestion | Disk Bottleneck | Software Fault,CPU=85.1% | Memory=83.1% | ResponseTime=1694ms | Latency=541ms | DiskIO=138.6MB/s | Errors=4.9,6,85.13846153846154,83.06923076923077,1694.0884615384614,540.7546153846154,138.60384615384615,4.923076923076923,3
blk_8438877587908664763,0.678,HIGH,CRITICAL,datanode_service,Resource Exhaustion,Resource Exhaustion | Memory Pressure | Service Degradation | Network Congestion | Disk Bottleneck | Software Fault | Repeated Failures,CPU=87.2% | Memory=83.2% | ResponseTime=1818ms | Latency=654ms | DiskIO=142.0MB/s | Errors=4.5 | FailedEvents=5,7,87.15294117647058,83.24823529411765,1818.429411764706,654.1194117647059,141.9764705882353,4.470588235294118,5
blk_8522440494057928612,0.678,HIGH,CRITICAL,packet_responder,Resource Exhaustion,Resource Exhaustion | Memory Pressure | Service Degradation | Network Congestion | Disk Bottleneck | Software Fault,CPU=88.2% | Memory=82.1% | ResponseTime=1817ms | Latency=625ms | DiskIO=129.5MB/s | Errors=4.8,6,88.16714285714285,82.09642857142856,1816.7921428571428,625.3950000000001,129.45928571428573,4.785714285714286,3
blk_-5381238220104213898,0.678,HIGH,CRITICAL,packet_responder,Resource Exhaustion,Resource Exhaustion | Memory Pressure | Service Degradation | Network Congestion | Disk Bottleneck | Software Fault,CPU=87.2% | Memory=83.7% | ResponseTime=1798ms | Latency=605ms | DiskIO=133.4MB/s | Errors=5.1,6,87.23230769230769,83.74538461538462,1797.8546153846155,605.0038461538462,133.4353846153846,5.076923076923077,3
blk_3964831346611053751,0.678,HIGH,CRITICAL,packet_responder,Resource Exhaustion,Resource Exhaustion | Memory Pressure | Service Degradation | Network Congestion | Disk Bottleneck | Software Fault,CPU=85.9% | Memory=82.3% | ResponseTime=1753ms | Latency=641ms | DiskIO=152.2MB/s | Errors=4.9,6,85.87923076923077,82.28153846153847,1752.5230769230768,641.1123076923076,152.1553846153846,4.923076923076923,3
blk_-452171226111191113,0.6779,HIGH,CRITICAL,packet_responder,Resource Exhaustion,Resource Exhaustion | Memory Pressure | Service Degradation | Network Congestion | Disk Bottleneck | Software Fault,CPU=89.1% | Memory=80.3% | ResponseTime=1739ms | Latency=658ms | DiskIO=138.3MB/s | Errors=4.4,6,89.07285714285715,80.29357142857143,1739.05,657.8742857142857,138.315,4.428571428571429,3
blk_8838558743332268154,0.6779,HIGH,CRITICAL,packet_responder,Resource Exhaustion,Resource Exhaustion | Memory Pressure | Service Degradation | Network Congestion | Disk Bottleneck | Software Fault,CPU=85.5% | Memory=80.9% | ResponseTime=1807ms | Latency=609ms | DiskIO=128.5MB/s | Errors=5.4,6,85.46357142857143,80.94142857142857,1806.513571428572,609.125,128.49214285714285,5.428571428571429,3
blk_-1250033528352378423,0.6779,HIGH,CRITICAL,datanode_service,Resource Exhaustion,Resource Exhaustion | Memory Pressure | Service Degradation | Network Congestion | Disk Bottleneck | Software Fault,CPU=86.7% | Memory=80.4% | ResponseTime=1655ms | Latency=604ms | DiskIO=130.0MB/s | Errors=5.0,6,86.6647619047619,80.41142857142857,1655.4685714285713,603.9461904761905,129.98714285714286,5.0,3
blk_7884211403395058198,0.6779,HIGH,CRITICAL,packet_responder,Resource Exhaustion,Resource Exhaustion | Memory Pressure | Service Degradation | Network Congestion | Disk Bottleneck | Software Fault,CPU=87.7% | Memory=82.0% | ResponseTime=1701ms | Latency=572ms | DiskIO=142.0MB/s | Errors=5.2,6,87.66538461538462,82.03384615384616,1700.7246153846152,571.9238461538462,142.03615384615384,5.230769230769231,3
blk_2392228824231959236,0.6778,HIGH,CRITICAL,datanode_service,Resource Exhaustion,Resource Exhaustion | Memory Pressure | Service Degradation | Network Congestion | Disk Bottleneck | Software Fault,CPU=90.6% | Memory=80.6% | ResponseTime=2052ms | Latency=644ms | DiskIO=158.3MB/s | Errors=6.0,6,90.5875,80.55499999999999,2051.52,644.4775,158.335,6.0,1
blk_-6739860488313725269,0.6778,HIGH,CRITICAL,datanode_service,Resource Exhaustion,Resource Exhaustion | Memory Pressure | Service Degradation | Network Congestion | Disk Bottleneck | Software Fault,CPU=86.4% | Memory=84.4% | ResponseTime=1596ms | Latency=534ms | DiskIO=126.0MB/s | Errors=4.6,6,86.4452380952381,84.40904761904761,1595.9809523809522,533.9071428571428,126.04380952380951,4.571428571428571,3
blk_3213371024801981082,0.6778,HIGH,CRITICAL,packet_responder,Resource Exhaustion,Resource Exhaustion | Memory Pressure | Service Degradation | Network Congestion | Disk Bottleneck | Software Fault,CPU=89.9% | Memory=82.9% | ResponseTime=1739ms | Latency=611ms | DiskIO=135.9MB/s | Errors=5.8,6,89.88615384615385,82.92153846153846,1738.7246153846156,610.7738461538461,135.90153846153845,5.846153846153846,3
blk_9004374707568491570,0.6777,HIGH,CRITICAL,packet_responder,Resource Exhaustion,Resource Exhaustion | Memory Pressure | Service Degradation | Network Congestion | Disk Bottleneck | Software Fault | Repeated Failures,CPU=86.8% | Memory=78.8% | ResponseTime=1802ms | Latency=598ms | DiskIO=147.2MB/s | Errors=5.4 | FailedEvents=4,7,86.81266666666667,78.81866666666666,1802.3846666666664,597.728,147.19533333333337,5.4,4
blk_-8057963870022677890,0.6777,HIGH,CRITICAL,datanode_service,Resource Exhaustion,Resource Exhaustion | Memory Pressure | Service Degradation | Network Congestion | Disk Bottleneck | Software Fault,CPU=87.1% | Memory=82.3% | ResponseTime=1864ms | Latency=614ms | DiskIO=138.0MB/s | Errors=4.9,6,87.1370588235294,82.32705882352941,1863.567647058824,614.2511764705882,138.01411764705884,4.882352941176471,3
blk_8684353274426756417,0.6776,HIGH,CRITICAL,packet_responder,Resource Exhaustion,Resource Exhaustion | Memory Pressure | Service Degradation | Network Congestion | Disk Bottleneck | Software Fault,CPU=87.8% | Memory=80.6% | ResponseTime=1672ms | Latency=594ms | DiskIO=140.1MB/s | Errors=4.1,6,87.77,80.64461538461539,1671.7915384615385,594.2238461538461,140.08769230769232,4.076923076923077,3
blk_-70583244806075256,0.6776,HIGH,CRITICAL,packet_responder,Resource Exhaustion,Resource Exhaustion | Memory Pressure | Service Degradation | Network Congestion | Disk Bottleneck | Software Fault,CPU=85.8% | Memory=80.4% | ResponseTime=1845ms | Latency=600ms | DiskIO=134.5MB/s | Errors=5.2,6,85.80153846153847,80.39,1844.753846153846,600.4723076923077,134.53923076923076,5.230769230769231,3
blk_814537191607407060,0.6776,HIGH,CRITICAL,packet_responder,Resource Exhaustion,Resource Exhaustion | Memory Pressure | Service Degradation | Network Congestion | Disk Bottleneck | Software Fault,CPU=87.5% | Memory=80.3% | ResponseTime=1860ms | Latency=536ms | DiskIO=136.4MB/s | Errors=5.6,6,87.52461538461537,80.28538461538461,1859.6530769230767,536.3776923076923,136.44,5.615384615384615,3
blk_8938338692959143642,0.6774,HIGH,CRITICAL,packet_responder,Resource Exhaustion,Resource Exhaustion | Memory Pressure | Service Degradation | Network Congestion | Disk Bottleneck | Software Fault,CPU=84.1% | Memory=80.0% | ResponseTime=1653ms | Latency=600ms | DiskIO=144.0MB/s | Errors=5.8,6,84.1246153846154,79.98461538461538,1652.5246153846151,599.9207692307692,144.0130769230769,5.846153846153846,3
blk_-3728049160604975962,0.6771,HIGH,CRITICAL,namenode_service,Resource Exhaustion,Resource Exhaustion | Memory Pressure | Service Degradation | Network Congestion | Disk Bottleneck | Software Fault | Repeated Failures,CPU=87.5% | Memory=79.8% | ResponseTime=1621ms | Latency=533ms | DiskIO=146.9MB/s | Errors=4.7 | FailedEvents=4,7,87.501,79.775,1620.6129999999998,533.179,146.866,4.65,4
blk_-7917679680363597371,0.6771,HIGH,CRITICAL,datanode_service,Resource Exhaustion,Resource Exhaustion | Memory Pressure | Service Degradation | Network Congestion | Disk Bottleneck | Software Fault,CPU=96.2% | Memory=80.4% | ResponseTime=1951ms | Latency=632ms | DiskIO=173.8MB/s | Errors=5.0,6,96.155,80.4075,1951.0275,632.1875,173.77,5.0,1
blk_8975784420855095283,0.6771,HIGH,CRITICAL,packet_responder,Resource Exhaustion,Resource Exhaustion | Memory Pressure | Service Degradation | Network Congestion | Disk Bottleneck | Software Fault,CPU=85.7% | Memory=79.7% | ResponseTime=1945ms | Latency=560ms | DiskIO=140.5MB/s | Errors=4.1,6,85.7192857142857,79.6507142857143,1944.6814285714288,560.2228571428572,140.5107142857143,4.142857142857143,3
blk_7233483060617031024,0.677,HIGH,CRITICAL,datanode_service,Resource Exhaustion,Resource Exhaustion | Memory Pressure | Service Degradation | Network Congestion | Disk Bottleneck | Software Fault,CPU=89.2% | Memory=79.9% | ResponseTime=1885ms | Latency=540ms | DiskIO=137.5MB/s | Errors=4.7,6,89.19666666666666,79.93555555555555,1884.8277777777776,540.3877777777777,137.53055555555557,4.666666666666667,3
blk_-7780554945385328861,0.6769,HIGH,CRITICAL,datanode_service,Resource Exhaustion,Resource Exhaustion | Memory Pressure | Service Degradation | Network Congestion | Disk Bottleneck | Software Fault | Repeated Failures,CPU=88.2% | Memory=81.8% | ResponseTime=1703ms | Latency=603ms | DiskIO=146.5MB/s | Errors=4.5 | FailedEvents=4,7,88.245,81.84318181818182,1703.09,602.8768181818182,146.48727272727274,4.454545454545454,4
blk_216026994465296073,0.6767,HIGH,CRITICAL,datanode_service,Resource Exhaustion,Resource Exhaustion | Memory Pressure | Service Degradation | Network Congestion | Disk Bottleneck | Software Fault,CPU=85.9% | Memory=82.4% | ResponseTime=1718ms | Latency=566ms | DiskIO=138.7MB/s | Errors=5.2,6,85.94571428571429,82.40571428571428,1717.6495238095238,566.4142857142857,138.65238095238095,5.190476190476191,3
blk_7834522543694883059,0.6767,HIGH,CRITICAL,packet_responder,Resource Exhaustion,Resource Exhaustion | Memory Pressure | Service Degradation | Network Congestion | Disk Bottleneck | Software Fault,CPU=86.3% | Memory=79.9% | ResponseTime=1890ms | Latency=631ms | DiskIO=131.4MB/s | Errors=4.8,6,86.2953846153846,79.90461538461538,1890.0453846153848,631.3253846153846,131.4446153846154,4.769230769230769,3
blk_-4176264516349599845,0.6766,HIGH,CRITICAL,packet_responder,Resource Exhaustion,Resource Exhaustion | Memory Pressure | Service Degradation | Network Congestion | Disk Bottleneck | Software Fault | Repeated Failures,CPU=87.4% | Memory=79.0% | ResponseTime=1718ms | Latency=604ms | DiskIO=121.1MB/s | Errors=5.5 | FailedEvents=4,7,87.44357142857143,79.04928571428572,1718.1842857142856,603.7221428571429,121.12357142857142,5.5,4
blk_8595953129858897576,0.6766,HIGH,CRITICAL,packet_responder,Resource Exhaustion,Resource Exhaustion | Memory Pressure | Service Degradation | Network Congestion | Disk Bottleneck | Software Fault,CPU=86.8% | Memory=81.4% | ResponseTime=1570ms | Latency=635ms | DiskIO=148.8MB/s | Errors=5.9,6,86.77153846153846,81.37384615384615,1569.8992307692306,634.6715384615384,148.76076923076923,5.923076923076923,3
blk_8144189717296124205,0.6766,HIGH,CRITICAL,packet_responder,Resource Exhaustion,Resource Exhaustion | Memory Pressure | Service Degradation | Network Congestion | Disk Bottleneck | Software Fault,CPU=85.9% | Memory=80.9% | ResponseTime=1773ms | Latency=563ms | DiskIO=131.2MB/s | Errors=5.2,6,85.89846153846155,80.88538461538461,1772.5861538461538,562.7384615384616,131.19692307692307,5.230769230769231,3
blk_-5672510046669340599,0.6765,HIGH,CRITICAL,packet_responder,Resource Exhaustion,Resource Exhaustion | Memory Pressure | Service Degradation | Network Congestion | Disk Bottleneck | Software Fault,CPU=88.0% | Memory=84.7% | ResponseTime=1687ms | Latency=566ms | DiskIO=150.2MB/s | Errors=5.1,6,87.98153846153846,84.65230769230769,1686.6838461538462,566.2361538461538,150.1546153846154,5.076923076923077,3
blk_9154494052593036691,0.6764,HIGH,CRITICAL,packet_responder,Resource Exhaustion,Resource Exhaustion | Memory Pressure | Service Degradation | Network Congestion | Disk Bottleneck | Software Fault,CPU=84.3% | Memory=81.8% | ResponseTime=1673ms | Latency=691ms | DiskIO=136.8MB/s | Errors=4.5,6,84.33846153846154,81.79769230769232,1672.9546153846154,691.0323076923077,136.77615384615385,4.538461538461538,3
blk_8515024859265789234,0.6764,HIGH,CRITICAL,packet_responder,Resource Exhaustion,Resource Exhaustion | Memory Pressure | Service Degradation | Network Congestion | Disk Bottleneck | Software Fault,CPU=85.2% | Memory=80.6% | ResponseTime=1653ms | Latency=584ms | DiskIO=136.8MB/s | Errors=4.6,6,85.16615384615385,80.60769230769232,1653.0923076923077,584.0869230769231,136.82153846153847,4.615384615384615,3
blk_7504415376458970967,0.6764,HIGH,CRITICAL,packet_responder,Resource Exhaustion,Resource Exhaustion | Memory Pressure | Service Degradation | Network Congestion | Disk Bottleneck | Software Fault,CPU=87.6% | Memory=82.0% | ResponseTime=1896ms | Latency=520ms | DiskIO=162.4MB/s | Errors=4.9,6,87.58846153846154,82.01076923076923,1896.3015384615385,520.2592307692307,162.43076923076922,4.923076923076923,3
blk_262064827988130176,0.6763,HIGH,CRITICAL,packet_responder,Resource Exhaustion,Resource Exhaustion | Memory Pressure | Service Degradation | Network Congestion | Disk Bottleneck | Software Fault,CPU=88.0% | Memory=78.9% | ResponseTime=1641ms | Latency=661ms | DiskIO=140.4MB/s | Errors=4.6,6,87.96923076923076,78.88846153846154,1640.776153846154,660.7684615384616,140.3946153846154,4.615384615384615,3
blk_8641740999566266974,0.6762,HIGH,CRITICAL,packet_responder,Resource Exhaustion,Resource Exhaustion | Memory Pressure | Service Degradation | Network Congestion | Disk Bottleneck | Software Fault,CPU=89.8% | Memory=81.3% | ResponseTime=1740ms | Latency=612ms | DiskIO=142.2MB/s | Errors=4.8,6,89.82000000000001,81.31846153846153,1739.766153846154,611.8553846153847,142.22153846153847,4.846153846153846,3
blk_8429922437716288242,0.6761,HIGH,CRITICAL,packet_responder,Resource Exhaustion,Resource Exhaustion | Memory Pressure | Service Degradation | Network Congestion | Disk Bottleneck | Software Fault,CPU=88.3% | Memory=82.8% | ResponseTime=1671ms | Latency=646ms | DiskIO=128.6MB/s | Errors=4.8,6,88.27307692307691,82.83538461538461,1670.9276923076925,645.7915384615385,128.56307692307692,4.769230769230769,3
blk_9204151410991164318,0.6761,HIGH,CRITICAL,packet_responder,Resource Exhaustion,Resource Exhaustion | Memory Pressure | Service Degradation | Network Congestion | Disk Bottleneck | Software Fault,CPU=84.0% | Memory=81.7% | ResponseTime=1638ms | Latency=555ms | DiskIO=137.7MB/s | Errors=5.3,6,84.0453846153846,81.74461538461539,1637.940769230769,555.3130769230769,137.66230769230768,5.307692307692308,3
blk_-800587171426481244,0.6761,HIGH,CRITICAL,datanode_service,Resource Exhaustion,Resource Exhaustion | Memory Pressure | Service Degradation | Network Congestion | Disk Bottleneck | Software Fault,CPU=86.0% | Memory=83.9% | ResponseTime=1674ms | Latency=542ms | DiskIO=135.7MB/s | Errors=5.0,6,86.04666666666667,83.9252380952381,1674.0671428571427,541.9366666666667,135.69857142857143,4.9523809523809526,3
blk_8001785891180422666,0.676,HIGH,CRITICAL,datanode_service,Resource Exhaustion,Resource Exhaustion | Memory Pressure | Service Degradation | Network Congestion | Disk Bottleneck | Software Fault | Repeated Failures,CPU=86.3% | Memory=84.1% | ResponseTime=1442ms | Latency=622ms | DiskIO=134.0MB/s | Errors=4.7 | FailedEvents=5,7,86.303125,84.050625,1441.673125,622.23875,134.04,4.6875,5
blk_-511058354155453697,0.676,HIGH,CRITICAL,packet_responder,Resource Exhaustion,Resource Exhaustion | Memory Pressure | Service Degradation | Network Congestion | Disk Bottleneck | Software Fault,CPU=82.4% | Memory=81.1% | ResponseTime=1724ms | Latency=681ms | DiskIO=144.4MB/s | Errors=4.8,6,82.4176923076923,81.05153846153847,1723.7046153846154,681.0115384615384,144.3707692307692,4.846153846153846,3
blk_9201658649856236994,0.676,HIGH,CRITICAL,packet_responder,Resource Exhaustion,Resource Exhaustion | Memory Pressure | Service Degradation | Network Congestion | Disk Bottleneck | Software Fault,CPU=82.9% | Memory=84.5% | ResponseTime=1642ms | Latency=564ms | DiskIO=120.9MB/s | Errors=5.1,6,82.9176923076923,84.49307692307693,1641.779230769231,564.4546153846154,120.85692307692308,5.076923076923077,3
blk_6051183265899502163,0.6758,HIGH,CRITICAL,packet_responder,Resource Exhaustion,Resource Exhaustion | Memory Pressure | Service Degradation | Network Congestion | Disk Bottleneck | Software Fault,CPU=87.8% | Memory=83.8% | ResponseTime=1597ms | Latency=618ms | DiskIO=143.0MB/s | Errors=5.4,6,87.80307692307693,83.78076923076924,1596.5230769230768,617.9107692307692,142.98999999999998,5.384615384615385,3
blk_2795053669030141036,0.6757,HIGH,CRITICAL,namenode_service,Resource Exhaustion,Resource Exhaustion | Memory Pressure | Service Degradation | Network Congestion | Disk Bottleneck | Software Fault | Repeated Failures,CPU=85.2% | Memory=82.7% | ResponseTime=1742ms | Latency=548ms | DiskIO=140.8MB/s | Errors=4.8 | FailedEvents=4,7,85.1605,82.73400000000001,1742.4945,547.5525,140.8005,4.8,4
blk_-3814092746674768435,0.6756,HIGH,CRITICAL,packet_responder,Resource Exhaustion,Resource Exhaustion | Memory Pressure | Service Degradation | Network Congestion | Disk Bottleneck | Software Fault,CPU=84.6% | Memory=79.8% | ResponseTime=1694ms | Latency=605ms | DiskIO=138.9MB/s | Errors=5.7,6,84.64307692307692,79.81692307692308,1693.9792307692308,605.0761538461538,138.94538461538465,5.6923076923076925,3
blk_8414640668793794766,0.6754,HIGH,CRITICAL,packet_responder,Resource Exhaustion,Resource Exhaustion | Memory Pressure | Service Degradation | Network Congestion | Disk Bottleneck | Software Fault,CPU=85.8% | Memory=77.6% | ResponseTime=1782ms | Latency=602ms | DiskIO=139.5MB/s | Errors=4.9,6,85.78357142857143,77.62928571428571,1782.3542857142857,602.157142857143,139.53714285714287,4.857142857142857,3
blk_-4285500139106037767,0.6753,HIGH,CRITICAL,datanode_service,Resource Exhaustion,Resource Exhaustion | Memory Pressure | Service Degradation | Network Congestion | Disk Bottleneck | Software Fault,CPU=86.8% | Memory=80.1% | ResponseTime=1784ms | Latency=573ms | DiskIO=134.9MB/s | Errors=4.5,6,86.75333333333333,80.06857142857143,1784.164761904762,573.4742857142857,134.85095238095238,4.476190476190476,3
blk_2093193808856803892,0.6752,HIGH,CRITICAL,datanode_service,Resource Exhaustion,Resource Exhaustion | Memory Pressure | Service Degradation | Network Congestion | Disk Bottleneck | Software Fault,CPU=87.3% | Memory=80.8% | ResponseTime=1581ms | Latency=724ms | DiskIO=152.8MB/s | Errors=5.2,6,87.2625,80.8025,1581.1699999999998,724.11,152.79,5.25,1
blk_8060373149653030110,0.6751,HIGH,CRITICAL,packet_responder,Resource Exhaustion,Resource Exhaustion | Memory Pressure | Service Degradation | Network Congestion | Disk Bottleneck | Software Fault,CPU=87.6% | Memory=84.4% | ResponseTime=1918ms | Latency=560ms | DiskIO=144.1MB/s | Errors=4.4,6,87.59461538461538,84.43307692307692,1917.5807692307687,559.6138461538461,144.11846153846153,4.384615384615385,3
blk_-9031164655223473108,0.6751,HIGH,CRITICAL,packet_responder,Resource Exhaustion,Resource Exhaustion | Memory Pressure | Service Degradation | Network Congestion | Disk Bottleneck | Software Fault,CPU=85.8% | Memory=80.2% | ResponseTime=1731ms | Latency=667ms | DiskIO=136.0MB/s | Errors=4.5,6,85.75384615384615,80.16846153846154,1731.34,666.7907692307692,136.03923076923076,4.538461538461538,3
blk_8413730281224501690,0.6751,HIGH,CRITICAL,packet_responder,Resource Exhaustion,Resource Exhaustion | Memory Pressure | Service Degradation | Network Congestion | Disk Bottleneck | Software Fault,CPU=86.5% | Memory=80.8% | ResponseTime=1649ms | Latency=705ms | DiskIO=131.9MB/s | Errors=4.5,6,86.50692307692307,80.81153846153846,1649.2053846153844,705.0092307692307,131.85615384615386,4.461538461538462,3
blk_4682079352953027867,0.675,HIGH,CRITICAL,packet_responder,Resource Exhaustion,Resource Exhaustion | Memory Pressure | Service Degradation | Network Congestion | Disk Bottleneck | Software Fault,CPU=84.7% | Memory=83.3% | ResponseTime=1785ms | Latency=569ms | DiskIO=144.8MB/s | Errors=4.9,6,84.70538461538462,83.33153846153846,1784.6646153846154,568.9876923076923,144.76615384615386,4.923076923076923,3
blk_-8840533539329242262,0.675,HIGH,CRITICAL,datanode_service,Resource Exhaustion,Resource Exhaustion | Memory Pressure | Service Degradation | Network Congestion | Disk Bottleneck | Software Fault,CPU=87.4% | Memory=75.1% | ResponseTime=2058ms | Latency=587ms | DiskIO=135.5MB/s | Errors=5.5,6,87.39750000000001,75.08250000000001,2058.3,586.735,135.4925,5.5,1
blk_5503858037268451875,0.6749,HIGH,CRITICAL,datanode_service,Resource Exhaustion,Resource Exhaustion | Memory Pressure | Service Degradation | Network Congestion | Disk Bottleneck | Software Fault,CPU=84.9% | Memory=80.4% | ResponseTime=2167ms | Latency=604ms | DiskIO=148.1MB/s | Errors=4.5,6,84.865,80.4,2167.2975,604.3,148.13,4.5,1
blk_-4736438015416686362,0.6747,HIGH,CRITICAL,datanode_service,Resource Exhaustion,Resource Exhaustion | Memory Pressure | Service Degradation | Network Congestion | Disk Bottleneck | Software Fault,CPU=88.6% | Memory=81.5% | ResponseTime=1729ms | Latency=574ms | DiskIO=132.1MB/s | Errors=4.6,6,88.62352941176471,81.51588235294118,1729.1464705882354,573.8511764705881,132.14470588235295,4.588235294117647,3
blk_-2437547284244111497,0.6747,HIGH,CRITICAL,packet_responder,Resource Exhaustion,Resource Exhaustion | Memory Pressure | Service Degradation | Network Congestion | Disk Bottleneck | Software Fault,CPU=87.2% | Memory=82.5% | ResponseTime=1858ms | Latency=562ms | DiskIO=138.0MB/s | Errors=4.4,6,87.16923076923078,82.47384615384615,1858.432307692308,561.6492307692307,138.0476923076923,4.384615384615385,3
blk_-2828682444648488994,0.6744,HIGH,CRITICAL,namenode_service,Resource Exhaustion,Resource Exhaustion | Memory Pressure | Service Degradation | Network Congestion | Disk Bottleneck | Software Fault | Repeated Failures,CPU=87.1% | Memory=78.4% | ResponseTime=1626ms | Latency=575ms | DiskIO=122.3MB/s | Errors=4.8 | FailedEvents=4,7,87.0715,78.4115,1626.2775,575.0155,122.3415,4.8,4
blk_5194926826751146390,0.6744,HIGH,CRITICAL,packet_responder,Resource Exhaustion,Resource Exhaustion | Memory Pressure | Service Degradation | Network Congestion | Disk Bottleneck | Software Fault,CPU=88.7% | Memory=82.8% | ResponseTime=1785ms | Latency=590ms | DiskIO=137.4MB/s | Errors=4.8,6,88.67615384615384,82.7969230769231,1785.383846153846,590.4961538461538,137.44076923076923,4.846153846153846,3
blk_-7654696074545947372,0.6743,HIGH,CRITICAL,packet_responder,Resource Exhaustion,Resource Exhaustion | Memory Pressure | Service Degradation | Network Congestion | Disk Bottleneck | Software Fault,CPU=89.1% | Memory=79.6% | ResponseTime=1781ms | Latency=541ms | DiskIO=127.2MB/s | Errors=4.8,6,89.11076923076924,79.63923076923076,1781.29,540.5784615384616,127.23230769230769,4.846153846153846,3
blk_9197371713182649170,0.6742,HIGH,CRITICAL,packet_responder,Resource Exhaustion,Resource Exhaustion | Memory Pressure | Service Degradation | Network Congestion | Disk Bottleneck | Software Fault,CPU=88.9% | Memory=81.9% | ResponseTime=1845ms | Latency=558ms | DiskIO=131.0MB/s | Errors=5.0,6,88.91538461538462,81.90923076923076,1845.423846153846,558.003076923077,131.00384615384615,5.0,3
blk_-6570734770103882802,0.6741,HIGH,CRITICAL,namenode_service,Resource Exhaustion,Resource Exhaustion | Memory Pressure | Service Degradation | Network Congestion | Disk Bottleneck | Software Fault | Repeated Failures,CPU=84.4% | Memory=81.7% | ResponseTime=1702ms | Latency=617ms | DiskIO=127.8MB/s | Errors=5.2 | FailedEvents=4,7,84.3905,81.664,1701.782,616.9495,127.7845,5.15,4
blk_8075805088203879400,0.674,HIGH,CRITICAL,packet_responder,Resource Exhaustion,Resource Exhaustion | Memory Pressure | Service Degradation | Network Congestion | Disk Bottleneck | Software Fault | Repeated Failures,CPU=86.9% | Memory=82.5% | ResponseTime=1716ms | Latency=579ms | DiskIO=146.8MB/s | Errors=4.7 | FailedEvents=4,7,86.87642857142858,82.46357142857143,1715.515,578.9157142857142,146.76785714285714,4.714285714285714,4
blk_8686779298165385949,0.674,HIGH,CRITICAL,packet_responder,Resource Exhaustion,Resource Exhaustion | Memory Pressure | Service Degradation | Network Congestion | Disk Bottleneck | Software Fault,CPU=87.4% | Memory=79.1% | ResponseTime=1708ms | Latency=651ms | DiskIO=129.0MB/s | Errors=4.9,6,87.41230769230768,79.14846153846155,1707.8584615384616,650.9315384615385,129.0253846153846,4.923076923076923,3
blk_8729162853545308118,0.6739,HIGH,CRITICAL,datanode_service,Resource Exhaustion,Resource Exhaustion | Memory Pressure | Service Degradation | Network Congestion | Disk Bottleneck | Software Fault | Repeated Failures,CPU=85.6% | Memory=80.8% | ResponseTime=1688ms | Latency=593ms | DiskIO=131.2MB/s | Errors=4.6 | FailedEvents=5,7,85.55894736842104,80.77526315789474,1688.2957894736842,593.1521052631579,131.20947368421054,4.631578947368421,5
blk_-364745419076712902,0.6738,HIGH,CRITICAL,packet_responder,Resource Exhaustion,Resource Exhaustion | Memory Pressure | Service Degradation | Network Congestion | Disk Bottleneck | Software Fault,CPU=84.9% | Memory=80.7% | ResponseTime=1834ms | Latency=619ms | DiskIO=144.6MB/s | Errors=5.4,6,84.94461538461539,80.6923076923077,1834.466153846154,619.1507692307692,144.62846153846155,5.384615384615385,3
blk_8097398728367627531,0.6738,HIGH,CRITICAL,packet_responder,Resource Exhaustion,Resource Exhaustion | Memory Pressure | Service Degradation | Network Congestion | Disk Bottleneck | Software Fault,CPU=82.3% | Memory=81.4% | ResponseTime=1583ms | Latency=625ms | DiskIO=142.6MB/s | Errors=5.5,6,82.26461538461538,81.44769230769231,1582.6153846153843,625.1815384615385,142.60384615384615,5.538461538461538,3
blk_8482590428431422891,0.6736,HIGH,CRITICAL,datanode_service,Resource Exhaustion,Resource Exhaustion | Memory Pressure | Service Degradation | Network Congestion | Disk Bottleneck | Software Fault | Repeated Failures,CPU=82.9% | Memory=84.0% | ResponseTime=1545ms | Latency=616ms | DiskIO=141.7MB/s | Errors=5.5 | FailedEvents=5,7,82.90894736842105,83.97315789473684,1544.931052631579,615.8173684210527,141.7021052631579,5.473684210526316,5
blk_-4559294172240556562,0.6735,HIGH,CRITICAL,packet_responder,Resource Exhaustion,Resource Exhaustion | Memory Pressure | Service Degradation | Network Congestion | Disk Bottleneck | Software Fault,CPU=88.3% | Memory=79.3% | ResponseTime=1778ms | Latency=604ms | DiskIO=136.8MB/s | Errors=5.2,6,88.26846153846154,79.31307692307692,1778.4784615384615,603.9300000000001,136.81923076923078,5.230769230769231,3
blk_-423065043106849758,0.6735,HIGH,CRITICAL,packet_responder,Resource Exhaustion,Resource Exhaustion | Memory Pressure | Service Degradation | Network Congestion | Disk Bottleneck | Software Fault,CPU=85.5% | Memory=83.0% | ResponseTime=1679ms | Latency=619ms | DiskIO=146.2MB/s | Errors=4.8,6,85.52384615384615,83.02692307692307,1679.066923076923,619.09,146.24076923076925,4.846153846153846,3
blk_4679276599528353148,0.6735,HIGH,CRITICAL,packet_responder,Resource Exhaustion,Resource Exhaustion | Memory Pressure | Service Degradation | Network Congestion | Disk Bottleneck | Software Fault,CPU=87.1% | Memory=81.5% | ResponseTime=1824ms | Latency=524ms | DiskIO=135.9MB/s | Errors=4.5,6,87.10142857142857,81.52428571428571,1824.2385714285715,523.5807142857143,135.9035714285714,4.5,3
blk_8491036849355010669,0.6734,HIGH,CRITICAL,packet_responder,Resource Exhaustion,Resource Exhaustion | Memory Pressure | Service Degradation | Network Congestion | Disk Bottleneck | Software Fault,CPU=88.6% | Memory=82.9% | ResponseTime=1629ms | Latency=605ms | DiskIO=125.8MB/s | Errors=4.7,6,88.5653846153846,82.86769230769231,1628.7353846153846,605.1407692307693,125.83461538461538,4.6923076923076925,3
blk_-326708495005896474,0.6733,HIGH,CRITICAL,packet_responder,Resource Exhaustion,Resource Exhaustion | Memory Pressure | Service Degradation | Network Congestion | Disk Bottleneck | Software Fault,CPU=83.6% | Memory=80.8% | ResponseTime=1687ms | Latency=629ms | DiskIO=151.1MB/s | Errors=5.2,6,83.56615384615384,80.78923076923077,1686.8853846153847,629.4346153846153,151.1276923076923,5.230769230769231,3
blk_2077675074265783925,0.6733,HIGH,CRITICAL,packet_responder,Resource Exhaustion,Resource Exhaustion | Memory Pressure | Service Degradation | Network Congestion | Disk Bottleneck | Software Fault,CPU=85.3% | Memory=79.0% | ResponseTime=1598ms | Latency=642ms | DiskIO=140.0MB/s | Errors=5.1,6,85.30076923076923,78.95692307692308,1598.327692307692,642.2938461538462,139.96461538461537,5.076923076923077,3
blk_-108581646683624145,0.6733,HIGH,CRITICAL,packet_responder,Resource Exhaustion,Resource Exhaustion | Memory Pressure | Service Degradation | Network Congestion | Disk Bottleneck | Software Fault,CPU=87.7% | Memory=81.3% | ResponseTime=1757ms | Latency=488ms | DiskIO=138.9MB/s | Errors=4.4,6,87.68071428571429,81.26142857142858,1756.5314285714285,488.29,138.85714285714286,4.428571428571429,3
blk_-2662417398193586275,0.6733,HIGH,CRITICAL,datanode_service,Resource Exhaustion,Resource Exhaustion | Memory Pressure | Service Degradation | Network Congestion | Disk Bottleneck | Software Fault,CPU=85.6% | Memory=79.4% | ResponseTime=1856ms | Latency=580ms | DiskIO=143.7MB/s | Errors=4.8,6,85.6129411764706,79.40823529411765,1856.035294117647,580.4658823529412,143.71176470588236,4.823529411764706,3
blk_6249371971857255334,0.6732,HIGH,CRITICAL,datanode_service,Resource Exhaustion,Resource Exhaustion | Memory Pressure | Service Degradation | Network Congestion | Disk Bottleneck | Software Fault | Repeated Failures,CPU=84.6% | Memory=81.1% | ResponseTime=1494ms | Latency=670ms | DiskIO=152.8MB/s | Errors=4.6 | FailedEvents=5,7,84.585,81.09375,1494.339375,670.1775,152.816875,4.625,5
blk_-5926340480853379642,0.673,HIGH,CRITICAL,packet_responder,Resource Exhaustion,Resource Exhaustion | Memory Pressure | Service Degradation | Network Congestion | Disk Bottleneck | Software Fault,CPU=88.0% | Memory=83.1% | ResponseTime=1710ms | Latency=608ms | DiskIO=129.5MB/s | Errors=5.8,6,88.0123076923077,83.12153846153845,1710.056923076923,608.0553846153846,129.4746153846154,5.769230769230769,3
blk_-7375181844412726754,0.6729,HIGH,CRITICAL,packet_responder,Resource Exhaustion,Resource Exhaustion | Memory Pressure | Service Degradation | Network Congestion | Disk Bottleneck | Software Fault,CPU=85.2% | Memory=84.6% | ResponseTime=1856ms | Latency=456ms | DiskIO=125.2MB/s | Errors=5.8,6,85.20923076923077,84.55307692307693,1856.253846153846,456.1015384615384,125.23307692307692,5.769230769230769,3
blk_8147760841047876333,0.6728,HIGH,CRITICAL,packet_responder,Resource Exhaustion,Resource Exhaustion | Memory Pressure | Service Degradation | Network Congestion | Disk Bottleneck | Software Fault | Repeated Failures,CPU=85.6% | Memory=79.8% | ResponseTime=1733ms | Latency=550ms | DiskIO=131.4MB/s | Errors=4.9 | FailedEvents=4,7,85.57785714285714,79.78428571428572,1732.9835714285714,550.4142857142857,131.38,4.928571428571429,4
blk_8185064880853243385,0.6728,HIGH,CRITICAL,packet_responder,Resource Exhaustion,Resource Exhaustion | Memory Pressure | Service Degradation | Network Congestion | Disk Bottleneck | Software Fault,CPU=86.7% | Memory=83.4% | ResponseTime=1631ms | Latency=486ms | DiskIO=128.1MB/s | Errors=5.3,6,86.71230769230769,83.40846153846154,1631.319230769231,486.1953846153846,128.05923076923077,5.307692307692308,3
blk_8143600458686854628,0.6727,HIGH,CRITICAL,packet_responder,Resource Exhaustion,Resource Exhaustion | Memory Pressure | Service Degradation | Network Congestion | Disk Bottleneck | Software Fault,CPU=88.3% | Memory=81.7% | ResponseTime=1782ms | Latency=462ms | DiskIO=140.0MB/s | Errors=5.3,6,88.28692307692307,81.74307692307693,1781.9769230769232,461.8615384615384,140.02769230769232,5.307692307692308,3
blk_-3307753650860689239,0.6725,HIGH,CRITICAL,packet_responder,Resource Exhaustion,Resource Exhaustion | Memory Pressure | Service Degradation | Network Congestion | Disk Bottleneck | Software Fault,CPU=86.6% | Memory=80.3% | ResponseTime=1722ms | Latency=652ms | DiskIO=133.5MB/s | Errors=4.9,6,86.57692307692308,80.25384615384615,1722.1376923076923,651.7407692307692,133.4576923076923,4.923076923076923,3
blk_61075575555260000,0.6724,HIGH,CRITICAL,packet_responder,Resource Exhaustion,Resource Exhaustion | Memory Pressure | Service Degradation | Network Congestion | Disk Bottleneck | Software Fault,CPU=87.5% | Memory=82.6% | ResponseTime=1894ms | Latency=618ms | DiskIO=133.0MB/s | Errors=4.6,6,87.5292857142857,82.61571428571428,1893.9585714285715,617.9564285714285,133.04928571428573,4.642857142857143,3
blk_7045522136141734107,0.6722,HIGH,CRITICAL,packet_responder,Resource Exhaustion,Resource Exhaustion | Memory Pressure | Service Degradation | Network Congestion | Disk Bottleneck | Software Fault,CPU=84.3% | Memory=82.6% | ResponseTime=1578ms | Latency=563ms | DiskIO=144.2MB/s | Errors=4.6,6,84.30692307692308,82.63538461538461,1578.1261538461538,563.2576923076923,144.23615384615383,4.615384615384615,3
blk_8945045932207269665,0.6721,HIGH,CRITICAL,packet_responder,Resource Exhaustion,Resource Exhaustion | Memory Pressure | Service Degradation | Network Congestion | Disk Bottleneck | Software Fault,CPU=84.7% | Memory=81.6% | ResponseTime=1604ms | Latency=664ms | DiskIO=146.9MB/s | Errors=4.6,6,84.71307692307693,81.58461538461538,1603.9353846153847,664.3346153846154,146.90692307692308,4.615384615384615,3
blk_-3826009814984157977,0.6721,HIGH,CRITICAL,packet_responder,Resource Exhaustion,Resource Exhaustion | Memory Pressure | Service Degradation | Network Congestion | Disk Bottleneck | Software Fault,CPU=90.1% | Memory=82.2% | ResponseTime=1609ms | Latency=543ms | DiskIO=135.3MB/s | Errors=4.7,6,90.09714285714286,82.2,1608.7357142857145,542.8028571428571,135.2692857142857,4.714285714285714,3
blk_9211607823870317301,0.672,HIGH,CRITICAL,datanode_service,Resource Exhaustion,Resource Exhaustion | Memory Pressure | Service Degradation | Network Congestion | Disk Bottleneck | Software Fault | Repeated Failures,CPU=87.1% | Memory=81.4% | ResponseTime=1729ms | Latency=630ms | DiskIO=141.7MB/s | Errors=5.2 | FailedEvents=5,7,87.07823529411765,81.35000000000001,1728.974705882353,629.9188235294118,141.6570588235294,5.235294117647059,5
blk_8547702444960884941,0.672,HIGH,CRITICAL,packet_responder,Resource Exhaustion,Resource Exhaustion | Memory Pressure | Service Degradation | Network Congestion | Disk Bottleneck | Software Fault,CPU=83.8% | Memory=80.0% | ResponseTime=1988ms | Latency=592ms | DiskIO=119.3MB/s | Errors=5.3,6,83.79538461538462,80.02923076923078,1987.94,591.5338461538462,119.32,5.307692307692308,3
blk_2611197404604164778,0.672,HIGH,CRITICAL,packet_responder,Resource Exhaustion,Resource Exhaustion | Memory Pressure | Service Degradation | Network Congestion | Disk Bottleneck | Software Fault,CPU=86.3% | Memory=85.8% | ResponseTime=1829ms | Latency=643ms | DiskIO=143.3MB/s | Errors=4.8,6,86.25692307692307,85.76153846153846,1828.8523076923077,642.6976923076923,143.2676923076923,4.769230769230769,3
blk_8481640719132794798,0.6719,HIGH,CRITICAL,packet_responder,Resource Exhaustion,Resource Exhaustion | Memory Pressure | Service Degradation | Network Congestion | Disk Bottleneck | Software Fault | Repeated Failures,CPU=89.9% | Memory=79.0% | ResponseTime=1785ms | Latency=628ms | DiskIO=143.5MB/s | Errors=4.6 | FailedEvents=4,7,89.86928571428572,78.95500000000001,1785.2914285714287,628.2914285714286,143.4792857142857,4.571428571428571,4
blk_8491971867438278117,0.6718,HIGH,CRITICAL,packet_responder,Resource Exhaustion,Resource Exhaustion | Memory Pressure | Service Degradation | Network Congestion | Disk Bottleneck | Software Fault,CPU=86.2% | Memory=82.2% | ResponseTime=1798ms | Latency=635ms | DiskIO=132.3MB/s | Errors=5.2,6,86.24307692307693,82.23615384615384,1797.8476923076923,634.786153846154,132.2669230769231,5.230769230769231,3
blk_8880470339488354263,0.6718,HIGH,CRITICAL,packet_responder,Resource Exhaustion,Resource Exhaustion | Memory Pressure | Service Degradation | Network Congestion | Disk Bottleneck | Software Fault,CPU=87.2% | Memory=83.8% | ResponseTime=1677ms | Latency=656ms | DiskIO=147.9MB/s | Errors=4.9,6,87.15846153846154,83.79307692307692,1676.9461538461535,656.0246153846153,147.89769230769232,4.923076923076923,3
blk_5418505422300716108,0.6717,HIGH,CRITICAL,datanode_service,Resource Exhaustion,Resource Exhaustion | Memory Pressure | Service Degradation | Network Congestion | Disk Bottleneck | Software Fault,CPU=85.2% | Memory=81.3% | ResponseTime=1781ms | Latency=558ms | DiskIO=144.3MB/s | Errors=4.7,6,85.22882352941176,81.29058823529412,1780.8188235294117,558.0094117647059,144.26,4.705882352941177,3
blk_-9163788178779271488,0.6716,HIGH,CRITICAL,namenode_service,Resource Exhaustion,Resource Exhaustion | Memory Pressure | Service Degradation | Network Congestion | Disk Bottleneck | Software Fault | Repeated Failures,CPU=88.2% | Memory=82.7% | ResponseTime=1719ms | Latency=564ms | DiskIO=136.7MB/s | Errors=4.5 | FailedEvents=4,7,88.2195,82.6845,1719.0809999999997,564.4305,136.69400000000002,4.5,4
blk_1939964229907232824,0.6715,HIGH,CRITICAL,packet_responder,Resource Exhaustion,Resource Exhaustion | Memory Pressure | Service Degradation | Network Congestion | Disk Bottleneck | Software Fault,CPU=85.6% | Memory=80.5% | ResponseTime=1591ms | Latency=562ms | DiskIO=144.1MB/s | Errors=4.8,6,85.57307692307693,80.51153846153846,1590.8584615384616,561.6992307692308,144.12846153846155,4.846153846153846,3
blk_8574505807538818447,0.6713,HIGH,CRITICAL,packet_responder,Resource Exhaustion,Resource Exhaustion | Memory Pressure | Service Degradation | Network Congestion | Disk Bottleneck | Software Fault,CPU=82.8% | Memory=82.4% | ResponseTime=1756ms | Latency=530ms | DiskIO=141.8MB/s | Errors=5.6,6,82.84846153846154,82.4076923076923,1756.2946153846156,529.9046153846155,141.81076923076924,5.615384615384615,3
blk_475530984696578501,0.6712,HIGH,CRITICAL,datanode_service,Resource Exhaustion,Resource Exhaustion | Memory Pressure | Service Degradation | Network Congestion | Disk Bottleneck | Software Fault,CPU=90.9% | Memory=79.2% | ResponseTime=1958ms | Latency=659ms | DiskIO=146.8MB/s | Errors=7.0,6,90.855,79.2225,1957.6675,658.7325,146.845,7.0,1
blk_8926847478991029518,0.6711,HIGH,CRITICAL,packet_responder,Resource Exhaustion,Resource Exhaustion | Memory Pressure | Service Degradation | Network Congestion | Disk Bottleneck | Software Fault,CPU=85.7% | Memory=84.4% | ResponseTime=1726ms | Latency=642ms | DiskIO=141.4MB/s | Errors=4.8,6,85.71692307692307,84.40153846153846,1726.15,642.0576923076923,141.37692307692308,4.846153846153846,3
blk_8316604396152647415,0.6711,HIGH,CRITICAL,packet_responder,Resource Exhaustion,Resource Exhaustion | Memory Pressure | Service Degradation | Network Congestion | Disk Bottleneck | Software Fault,CPU=87.1% | Memory=83.0% | ResponseTime=1508ms | Latency=447ms | DiskIO=141.2MB/s | Errors=5.3,6,87.13230769230769,82.96538461538461,1507.5923076923077,447.4307692307693,141.15769230769232,5.307692307692308,3
blk_2387883675377743493,0.6711,HIGH,CRITICAL,packet_responder,Resource Exhaustion,Resource Exhaustion | Memory Pressure | Service Degradation | Network Congestion | Disk Bottleneck | Software Fault,CPU=88.1% | Memory=83.4% | ResponseTime=1489ms | Latency=592ms | DiskIO=142.1MB/s | Errors=4.5,6,88.07076923076923,83.35384615384615,1488.6215384615386,591.6461538461538,142.1,4.461538461538462,3
blk_6502202148676054256,0.671,HIGH,CRITICAL,packet_responder,Resource Exhaustion,Resource Exhaustion | Memory Pressure | Service Degradation | Network Congestion | Disk Bottleneck | Software Fault,CPU=88.4% | Memory=81.5% | ResponseTime=1750ms | Latency=654ms | DiskIO=143.4MB/s | Errors=5.0,6,88.42538461538462,81.45769230769231,1749.9792307692308,653.6946153846154,143.39384615384614,5.0,3
blk_7700556118331241515,0.671,HIGH,CRITICAL,packet_responder,Resource Exhaustion,Resource Exhaustion | Memory Pressure | Service Degradation | Network Congestion | Disk Bottleneck | Software Fault,CPU=87.3% | Memory=80.0% | ResponseTime=1475ms | Latency=607ms | DiskIO=141.7MB/s | Errors=4.3,6,87.27461538461537,80.03769230769231,1475.1153846153843,607.4276923076923,141.70307692307694,4.307692307692308,3
blk_-3900210459225445502,0.6708,HIGH,CRITICAL,packet_responder,Resource Exhaustion,Resource Exhaustion | Memory Pressure | Service Degradation | Network Congestion | Disk Bottleneck | Software Fault,CPU=85.8% | Memory=80.5% | ResponseTime=1999ms | Latency=585ms | DiskIO=151.8MB/s | Errors=4.7,6,85.7969230769231,80.52230769230769,1999.044615384616,585.0938461538461,151.81230769230768,4.6923076923076925,3
blk_8176753742210481335,0.6707,HIGH,CRITICAL,packet_responder,Resource Exhaustion,Resource Exhaustion | Memory Pressure | Service Degradation | Network Congestion | Disk Bottleneck | Software Fault | Repeated Failures,CPU=86.8% | Memory=85.9% | ResponseTime=1773ms | Latency=584ms | DiskIO=137.8MB/s | Errors=4.1 | FailedEvents=4,7,86.76428571428572,85.87214285714286,1772.9807142857142,584.3742857142857,137.79285714285714,4.142857142857143,4
blk_2687203326144486971,0.6707,HIGH,CRITICAL,packet_responder,Resource Exhaustion,Resource Exhaustion | Memory Pressure | Service Degradation | Network Congestion | Disk Bottleneck | Software Fault,CPU=89.4% | Memory=81.8% | ResponseTime=1729ms | Latency=641ms | DiskIO=128.3MB/s | Errors=5.7,6,89.44846153846153,81.76076923076923,1729.09,640.6823076923077,128.28076923076924,5.6923076923076925,3
blk_8804873946794173956,0.6707,HIGH,CRITICAL,packet_responder,Resource Exhaustion,Resource Exhaustion | Memory Pressure | Service Degradation | Network Congestion | Disk Bottleneck | Software Fault,CPU=83.1% | Memory=82.0% | ResponseTime=1783ms | Latency=508ms | DiskIO=131.1MB/s | Errors=4.4,6,83.12076923076923,81.96923076923076,1783.063076923077,507.6538461538461,131.07846153846154,4.384615384615385,3
blk_8251359911027527969,0.6706,HIGH,CRITICAL,packet_responder,Resource Exhaustion,Resource Exhaustion | Memory Pressure | Service Degradation | Network Congestion | Disk Bottleneck | Software Fault,CPU=86.8% | Memory=80.9% | ResponseTime=1617ms | Latency=546ms | DiskIO=121.4MB/s | Errors=5.5,6,86.768,80.86933333333333,1616.6433333333334,546.4580000000001,121.35866666666666,5.533333333333333,3
blk_8367369631761580197,0.6704,HIGH,CRITICAL,packet_responder,Resource Exhaustion,Resource Exhaustion | Memory Pressure | Service Degradation | Network Congestion | Disk Bottleneck | Software Fault | Repeated Failures,CPU=85.6% | Memory=80.3% | ResponseTime=1746ms | Latency=570ms | DiskIO=126.6MB/s | Errors=4.9 | FailedEvents=4,7,85.55285714285715,80.27928571428572,1745.5521428571428,569.98,126.55714285714284,4.928571428571429,4
blk_8333277989273608747,0.6704,HIGH,CRITICAL,packet_responder,Resource Exhaustion,Resource Exhaustion | Memory Pressure | Service Degradation | Network Congestion | Disk Bottleneck | Software Fault,CPU=88.3% | Memory=81.3% | ResponseTime=1695ms | Latency=630ms | DiskIO=151.7MB/s | Errors=5.1,6,88.345,81.32857142857142,1695.23,630.3192857142857,151.74142857142857,5.071428571428571,3
blk_9135142315688951456,0.6704,HIGH,CRITICAL,packet_responder,Resource Exhaustion,Resource Exhaustion | Memory Pressure | Service Degradation | Network Congestion | Disk Bottleneck | Software Fault,CPU=85.9% | Memory=81.5% | ResponseTime=1683ms | Latency=601ms | DiskIO=138.3MB/s | Errors=4.8,6,85.9123076923077,81.49615384615385,1683.3153846153846,600.8615384615384,138.2930769230769,4.846153846153846,3
blk_9151083662936476325,0.6703,HIGH,CRITICAL,packet_responder,Resource Exhaustion,Resource Exhaustion | Memory Pressure | Service Degradation | Network Congestion | Disk Bottleneck | Software Fault | Repeated Failures,CPU=88.8% | Memory=83.6% | ResponseTime=1857ms | Latency=637ms | DiskIO=133.7MB/s | Errors=5.3 | FailedEvents=4,7,88.79066666666667,83.55199999999999,1857.492,637.346,133.684,5.266666666666667,4
blk_-7261016699776316248,0.6699,HIGH,CRITICAL,packet_responder,Resource Exhaustion,Resource Exhaustion | Memory Pressure | Service Degradation | Network Congestion | Disk Bottleneck | Software Fault,CPU=86.9% | Memory=83.3% | ResponseTime=1843ms | Latency=598ms | DiskIO=140.7MB/s | Errors=4.5,6,86.92866666666667,83.34200000000001,1842.5593333333331,598.4366666666666,140.65266666666668,4.533333333333333,3
blk_-3621961526143462276,0.6697,HIGH,CRITICAL,namenode_service,Resource Exhaustion,Resource Exhaustion | Memory Pressure | Service Degradation | Network Congestion | Disk Bottleneck | Software Fault | Repeated Failures,CPU=85.1% | Memory=85.0% | ResponseTime=1802ms | Latency=615ms | DiskIO=142.9MB/s | Errors=4.0 | FailedEvents=4,7,85.05499999999999,84.962,1801.679,614.5425,142.8675,4.05,4
blk_-1355283490881725439,0.6696,HIGH,CRITICAL,packet_responder,Resource Exhaustion,Resource Exhaustion | Memory Pressure | Service Degradation | Network Congestion | Disk Bottleneck | Software Fault,CPU=87.3% | Memory=81.5% | ResponseTime=1972ms | Latency=619ms | DiskIO=128.6MB/s | Errors=4.8,6,87.30307692307693,81.52538461538461,1972.0530769230768,618.8376923076924,128.57692307692307,4.769230769230769,3
blk_8427895476353593708,0.6695,HIGH,CRITICAL,packet_responder,Resource Exhaustion,Resource Exhaustion | Memory Pressure | Service Degradation | Network Congestion | Disk Bottleneck | Software Fault | Repeated Failures,CPU=81.9% | Memory=82.2% | ResponseTime=1645ms | Latency=582ms | DiskIO=137.8MB/s | Errors=5.4 | FailedEvents=4,7,81.94142857142857,82.16571428571429,1644.9471428571428,582.0550000000001,137.83785714285713,5.357142857142857,4
blk_8797313073258269136,0.6695,HIGH,CRITICAL,packet_responder,Resource Exhaustion,Resource Exhaustion | Memory Pressure | Service Degradation | Network Congestion | Disk Bottleneck | Software Fault,CPU=85.2% | Memory=81.3% | ResponseTime=1627ms | Latency=677ms | DiskIO=146.7MB/s | Errors=4.6,6,85.17,81.33615384615383,1627.2176923076922,676.5192307692307,146.6523076923077,4.615384615384615,3
blk_7503152519879637966,0.6695,HIGH,CRITICAL,datanode_service,Resource Exhaustion,Resource Exhaustion | Memory Pressure | Service Degradation | Network Congestion | Disk Bottleneck | Software Fault,CPU=86.1% | Memory=82.2% | ResponseTime=1792ms | Latency=521ms | DiskIO=149.6MB/s | Errors=5.1,6,86.14761904761905,82.19190476190477,1791.789523809524,521.047619047619,149.61,5.095238095238095,3
blk_9056514806795308459,0.6694,HIGH,CRITICAL,namenode_service,Resource Exhaustion,Resource Exhaustion | Memory Pressure | Service Degradation | Network Congestion | Disk Bottleneck | Software Fault | Repeated Failures,CPU=85.7% | Memory=85.2% | ResponseTime=1717ms | Latency=592ms | DiskIO=148.5MB/s | Errors=4.7 | FailedEvents=4,7,85.662,85.15599999999999,1717.1695,591.5654999999999,148.546,4.7,4
blk_9097589278338830437,0.6693,HIGH,CRITICAL,packet_responder,Resource Exhaustion,Resource Exhaustion | Memory Pressure | Service Degradation | Network Congestion | Disk Bottleneck | Software Fault,CPU=86.7% | Memory=83.4% | ResponseTime=1805ms | Latency=594ms | DiskIO=140.9MB/s | Errors=5.2,6,86.66076923076922,83.35461538461537,1805.393076923077,594.0738461538461,140.91384615384615,5.153846153846154,3
blk_8545214406441981839,0.6693,HIGH,CRITICAL,packet_responder,Resource Exhaustion,Resource Exhaustion | Memory Pressure | Service Degradation | Network Congestion | Disk Bottleneck | Software Fault,CPU=88.3% | Memory=80.2% | ResponseTime=1703ms | Latency=555ms | DiskIO=133.7MB/s | Errors=5.3,6,88.32153846153847,80.1776923076923,1703.4538461538464,555.0699999999999,133.66,5.307692307692308,3
blk_1600424523535437568,0.6692,HIGH,CRITICAL,packet_responder,Resource Exhaustion,Resource Exhaustion | Memory Pressure | Service Degradation | Network Congestion | Disk Bottleneck | Software Fault,CPU=86.6% | Memory=81.4% | ResponseTime=1830ms | Latency=634ms | DiskIO=135.8MB/s | Errors=5.1,6,86.55846153846154,81.35230769230769,1830.16,634.3807692307693,135.7623076923077,5.076923076923077,3
blk_4571377867391061694,0.6691,HIGH,CRITICAL,packet_responder,Resource Exhaustion,Resource Exhaustion | Memory Pressure | Service Degradation | Network Congestion | Disk Bottleneck | Software Fault,CPU=84.6% | Memory=80.8% | ResponseTime=1680ms | Latency=654ms | DiskIO=150.2MB/s | Errors=5.0,6,84.58846153846154,80.80076923076923,1680.4346153846154,654.2161538461538,150.16923076923078,5.0,3
blk_2947639703739590174,0.6691,HIGH,CRITICAL,packet_responder,Resource Exhaustion,Resource Exhaustion | Memory Pressure | Service Degradation | Network Congestion | Disk Bottleneck | Software Fault,CPU=86.1% | Memory=82.0% | ResponseTime=1651ms | Latency=638ms | DiskIO=144.5MB/s | Errors=5.4,6,86.13923076923076,82.04461538461538,1651.47,638.0615384615386,144.50076923076924,5.384615384615385,3
blk_-1364428184904375387,0.669,HIGH,CRITICAL,packet_responder,Resource Exhaustion,Resource Exhaustion | Memory Pressure | Service Degradation | Network Congestion | Disk Bottleneck | Software Fault,CPU=87.1% | Memory=80.2% | ResponseTime=2016ms | Latency=558ms | DiskIO=126.8MB/s | Errors=4.9,6,87.14538461538463,80.23230769230769,2015.9446153846152,557.7738461538461,126.76153846153846,4.923076923076923,3
blk_8093629045470682940,0.6689,HIGH,CRITICAL,packet_responder,Resource Exhaustion,Resource Exhaustion | Memory Pressure | Service Degradation | Network Congestion | Disk Bottleneck | Software Fault,CPU=83.6% | Memory=81.2% | ResponseTime=1372ms | Latency=582ms | DiskIO=135.0MB/s | Errors=4.7,6,83.62692307692308,81.2423076923077,1371.6653846153847,582.463076923077,135.02692307692308,4.6923076923076925,3
blk_8124396891530947943,0.6689,HIGH,CRITICAL,packet_responder,Resource Exhaustion,Resource Exhaustion | Memory Pressure | Service Degradation | Network Congestion | Disk Bottleneck | Software Fault,CPU=87.5% | Memory=80.3% | ResponseTime=1958ms | Latency=567ms | DiskIO=151.6MB/s | Errors=4.7,6,87.48,80.33538461538463,1957.6561538461535,566.7323076923077,151.60230769230768,4.6923076923076925,3
blk_8171253626478194576,0.6687,HIGH,CRITICAL,packet_responder,Resource Exhaustion,Resource Exhaustion | Memory Pressure | Service Degradation | Network Congestion | Disk Bottleneck | Software Fault,CPU=85.3% | Memory=80.9% | ResponseTime=1779ms | Latency=542ms | DiskIO=134.1MB/s | Errors=5.2,6,85.31769230769231,80.92615384615384,1779.3069230769229,542.3623076923077,134.05461538461535,5.153846153846154,3
blk_8414588721163249261,0.6687,HIGH,CRITICAL,packet_responder,Resource Exhaustion,Resource Exhaustion | Memory Pressure | Service Degradation | Network Congestion | Disk Bottleneck | Software Fault,CPU=82.8% | Memory=81.4% | ResponseTime=1851ms | Latency=599ms | DiskIO=140.1MB/s | Errors=5.0,6,82.83,81.42153846153846,1851.1076923076923,599.4023076923077,140.0553846153846,5.0,3
blk_7718650590798040279,0.6686,HIGH,CRITICAL,packet_responder,Resource Exhaustion,Resource Exhaustion | Memory Pressure | Service Degradation | Network Congestion | Disk Bottleneck | Software Fault,CPU=86.0% | Memory=83.0% | ResponseTime=1674ms | Latency=676ms | DiskIO=141.0MB/s | Errors=4.5,6,86.01769230769231,83.00615384615384,1674.4584615384615,676.2692307692307,141.01153846153846,4.461538461538462,3
blk_6114305689232734183,0.6685,HIGH,CRITICAL,packet_responder,Resource Exhaustion,Resource Exhaustion | Memory Pressure | Service Degradation | Network Congestion | Disk Bottleneck | Software Fault,CPU=83.9% | Memory=78.6% | ResponseTime=1751ms | Latency=618ms | DiskIO=136.6MB/s | Errors=4.8,6,83.86846153846153,78.58,1751.386923076923,618.3784615384616,136.57307692307694,4.846153846153846,3
blk_-3754002125578349377,0.6683,HIGH,CRITICAL,packet_responder,Resource Exhaustion,Resource Exhaustion | Memory Pressure | Service Degradation | Network Congestion | Disk Bottleneck | Software Fault,CPU=91.9% | Memory=82.6% | ResponseTime=1629ms | Latency=595ms | DiskIO=148.7MB/s | Errors=4.9,6,91.90923076923076,82.64,1629.146153846154,594.9338461538462,148.7453846153846,4.923076923076923,3
blk_6462613229655665955,0.6682,HIGH,CRITICAL,packet_responder,Resource Exhaustion,Resource Exhaustion | Memory Pressure | Service Degradation | Network Congestion | Disk Bottleneck | Software Fault,CPU=90.8% | Memory=84.9% | ResponseTime=1816ms | Latency=580ms | DiskIO=146.1MB/s | Errors=4.5,6,90.8076923076923,84.89769230769231,1815.816923076923,580.0815384615385,146.09923076923076,4.538461538461538,3
blk_9049955275257359098,0.6682,HIGH,CRITICAL,packet_responder,Resource Exhaustion,Resource Exhaustion | Memory Pressure | Service Degradation | Network Congestion | Disk Bottleneck | Software Fault,CPU=87.7% | Memory=81.3% | ResponseTime=1898ms | Latency=642ms | DiskIO=135.0MB/s | Errors=5.2,6,87.69307692307692,81.3223076923077,1897.5992307692309,642.3223076923077,135.02461538461537,5.230769230769231,3
blk_-464133220908619129,0.668,HIGH,CRITICAL,packet_responder,Resource Exhaustion,Resource Exhaustion | Memory Pressure | Service Degradation | Network Congestion | Disk Bottleneck | Software Fault,CPU=91.0% | Memory=80.8% | ResponseTime=1920ms | Latency=475ms | DiskIO=133.9MB/s | Errors=5.1,6,91.01076923076924,80.79846153846155,1920.2653846153848,475.2769230769231,133.8969230769231,5.076923076923077,3
blk_-8685140906059723381,0.668,HIGH,CRITICAL,packet_responder,Resource Exhaustion,Resource Exhaustion | Memory Pressure | Service Degradation | Network Congestion | Disk Bottleneck | Software Fault,CPU=85.1% | Memory=83.2% | ResponseTime=1553ms | Latency=688ms | DiskIO=129.5MB/s | Errors=5.4,6,85.10142857142857,83.17857142857143,1552.810714285714,687.8971428571429,129.53214285714287,5.357142857142857,3
blk_9184559404755254377,0.668,HIGH,CRITICAL,packet_responder,Resource Exhaustion,Resource Exhaustion | Memory Pressure | Service Degradation | Network Congestion | Disk Bottleneck | Software Fault,CPU=88.8% | Memory=81.2% | ResponseTime=1687ms | Latency=527ms | DiskIO=141.3MB/s | Errors=5.3,6,88.84857142857142,81.21857142857142,1686.810714285714,526.8742857142857,141.29285714285714,5.285714285714286,3
blk_8222688825752575045,0.6679,HIGH,CRITICAL,packet_responder,Resource Exhaustion,Resource Exhaustion | Memory Pressure | Service Degradation | Network Congestion | Disk Bottleneck | Software Fault,CPU=87.9% | Memory=79.9% | ResponseTime=1827ms | Latency=661ms | DiskIO=142.0MB/s | Errors=5.2,6,87.91153846153846,79.91384615384617,1826.613076923077,661.1484615384616,142.01230769230767,5.230769230769231,3
blk_-7762039550360402299,0.6679,HIGH,CRITICAL,datanode_service,Resource Exhaustion,Resource Exhaustion | Memory Pressure | Service Degradation | Network Congestion | Disk Bottleneck | Software Fault,CPU=85.8% | Memory=83.7% | ResponseTime=1738ms | Latency=518ms | DiskIO=142.2MB/s | Errors=5.3,6,85.75523809523808,83.65,1737.8404761904762,517.5380952380953,142.22333333333333,5.333333333333333,3
blk_-4049945139794600145,0.6678,HIGH,CRITICAL,packet_responder,Resource Exhaustion,Resource Exhaustion | Memory Pressure | Service Degradation | Network Congestion | Disk Bottleneck | Software Fault | Repeated Failures,CPU=87.1% | Memory=85.7% | ResponseTime=1567ms | Latency=547ms | DiskIO=140.6MB/s | Errors=4.5 | FailedEvents=4,7,87.05733333333333,85.702,1566.868,546.866,140.6386666666667,4.533333333333333,4
blk_-1330687484373919810,0.6677,HIGH,CRITICAL,packet_responder,Resource Exhaustion,Resource Exhaustion | Memory Pressure | Service Degradation | Network Congestion | Disk Bottleneck | Software Fault | Repeated Failures,CPU=87.0% | Memory=82.5% | ResponseTime=1771ms | Latency=591ms | DiskIO=126.6MB/s | Errors=5.2 | FailedEvents=4,7,86.97333333333333,82.46533333333333,1771.1,590.6833333333333,126.576,5.2,4
blk_8602449196142999271,0.6677,HIGH,CRITICAL,packet_responder,Resource Exhaustion,Resource Exhaustion | Memory Pressure | Service Degradation | Network Congestion | Disk Bottleneck | Software Fault,CPU=86.4% | Memory=81.7% | ResponseTime=1574ms | Latency=579ms | DiskIO=149.9MB/s | Errors=4.7,6,86.4,81.6676923076923,1574.2823076923078,579.1261538461539,149.94923076923075,4.6923076923076925,3
blk_4640424191916897896,0.6676,HIGH,CRITICAL,packet_responder,Resource Exhaustion,Resource Exhaustion | Memory Pressure | Service Degradation | Network Congestion | Disk Bottleneck | Software Fault,CPU=88.7% | Memory=78.1% | ResponseTime=1625ms | Latency=520ms | DiskIO=130.7MB/s | Errors=4.7,6,88.74307692307693,78.12384615384616,1625.2192307692308,520.2292307692308,130.6553846153846,4.6923076923076925,3
blk_-3453738771727669723,0.6675,HIGH,CRITICAL,packet_responder,Resource Exhaustion,Resource Exhaustion | Memory Pressure | Service Degradation | Network Congestion | Disk Bottleneck | Software Fault,CPU=82.5% | Memory=81.8% | ResponseTime=1821ms | Latency=633ms | DiskIO=160.2MB/s | Errors=5.2,6,82.52615384615386,81.82692307692308,1820.6076923076923,632.78,160.25,5.230769230769231,3
blk_8330478536110405061,0.6674,HIGH,CRITICAL,datanode_service,Resource Exhaustion,Resource Exhaustion | Memory Pressure | Service Degradation | Network Congestion | Disk Bottleneck | Software Fault | Repeated Failures,CPU=83.7% | Memory=80.3% | ResponseTime=1902ms | Latency=521ms | DiskIO=157.3MB/s | Errors=5.0 | FailedEvents=5,7,83.671875,80.345,1902.233125,521.45875,157.336875,5.0,5
blk_8534237707549154279,0.6674,HIGH,CRITICAL,packet_responder,Resource Exhaustion,Resource Exhaustion | Memory Pressure | Service Degradation | Network Congestion | Disk Bottleneck | Software Fault,CPU=90.1% | Memory=83.2% | ResponseTime=1725ms | Latency=535ms | DiskIO=146.9MB/s | Errors=4.5,6,90.10692307692308,83.23230769230769,1725.1192307692306,534.9961538461538,146.92153846153846,4.538461538461538,3
blk_7704182432043640839,0.6673,HIGH,CRITICAL,datanode_service,Resource Exhaustion,Resource Exhaustion | Memory Pressure | Service Degradation | Network Congestion | Disk Bottleneck | Software Fault,CPU=84.5% | Memory=88.6% | ResponseTime=2313ms | Latency=515ms | DiskIO=171.2MB/s | Errors=5.0,6,84.49000000000001,88.59,2313.13,514.905,171.165,5.0,1
blk_6094365249834927374,0.6673,HIGH,CRITICAL,datanode_service,Resource Exhaustion,Resource Exhaustion | Memory Pressure | Service Degradation | Network Congestion | Disk Bottleneck | Software Fault,CPU=86.4% | Memory=81.6% | ResponseTime=2431ms | Latency=632ms | DiskIO=154.2MB/s | Errors=5.5,6,86.44,81.62,2431.09,631.6800000000001,154.21,5.5,0
blk_8208273772076372588,0.6671,HIGH,CRITICAL,packet_responder,Resource Exhaustion,Resource Exhaustion | Memory Pressure | Service Degradation | Network Congestion | Disk Bottleneck | Software Fault,CPU=86.7% | Memory=81.2% | ResponseTime=1735ms | Latency=687ms | DiskIO=123.6MB/s | Errors=4.3,6,86.66538461538462,81.24,1735.323076923077,686.6446153846153,123.57615384615384,4.307692307692308,3
blk_598940490178909506,0.6671,HIGH,CRITICAL,packet_responder,Resource Exhaustion,Resource Exhaustion | Memory Pressure | Service Degradation | Network Congestion | Disk Bottleneck | Software Fault,CPU=86.7% | Memory=81.8% | ResponseTime=1858ms | Latency=627ms | DiskIO=140.9MB/s | Errors=4.8,6,86.66615384615385,81.77076923076923,1858.2492307692305,627.1661538461539,140.92538461538462,4.769230769230769,3
blk_-4825003974638308988,0.667,HIGH,CRITICAL,packet_responder,Resource Exhaustion,Resource Exhaustion | Memory Pressure | Service Degradation | Network Congestion | Disk Bottleneck | Software Fault | Repeated Failures,CPU=88.2% | Memory=79.3% | ResponseTime=1699ms | Latency=501ms | DiskIO=137.6MB/s | Errors=4.7 | FailedEvents=4,7,88.20266666666666,79.27533333333334,1699.3993333333335,500.7506666666667,137.63933333333335,4.666666666666667,4
blk_8845925035435653416,0.6669,HIGH,CRITICAL,packet_responder,Resource Exhaustion,Resource Exhaustion | Memory Pressure | Service Degradation | Network Congestion | Disk Bottleneck | Software Fault,CPU=83.2% | Memory=76.9% | ResponseTime=1859ms | Latency=580ms | DiskIO=148.5MB/s | Errors=4.7,6,83.2030769230769,76.89769230769231,1858.8346153846155,579.7376923076923,148.5,4.6923076923076925,3
blk_8764693703744759187,0.6667,HIGH,CRITICAL,packet_responder,Resource Exhaustion,Resource Exhaustion | Memory Pressure | Service Degradation | Network Congestion | Disk Bottleneck | Software Fault,CPU=90.0% | Memory=82.3% | ResponseTime=1489ms | Latency=586ms | DiskIO=143.7MB/s | Errors=4.4,6,89.95538461538462,82.31615384615384,1489.4192307692308,586.2230769230769,143.72923076923078,4.384615384615385,3
blk_8969367841058459902,0.6666,HIGH,CRITICAL,packet_responder,Resource Exhaustion,Resource Exhaustion | Memory Pressure | Service Degradation | Network Congestion | Disk Bottleneck | Software Fault,CPU=87.2% | Memory=79.2% | ResponseTime=1538ms | Latency=631ms | DiskIO=132.3MB/s | Errors=5.0,6,87.1723076923077,79.22076923076922,1538.266153846154,631.4807692307693,132.34,5.0,3
blk_-499713586337881794,0.6666,HIGH,CRITICAL,packet_responder,Resource Exhaustion,Resource Exhaustion | Memory Pressure | Service Degradation | Network Congestion | Disk Bottleneck | Software Fault,CPU=86.4% | Memory=80.7% | ResponseTime=1768ms | Latency=561ms | DiskIO=135.4MB/s | Errors=5.4,6,86.39538461538463,80.71538461538461,1767.836923076923,561.3776923076923,135.35076923076923,5.384615384615385,3
blk_5643631875592041420,0.6666,HIGH,CRITICAL,packet_responder,Resource Exhaustion,Resource Exhaustion | Memory Pressure | Service Degradation | Network Congestion | Disk Bottleneck | Software Fault,CPU=86.8% | Memory=84.1% | ResponseTime=1766ms | Latency=604ms | DiskIO=133.6MB/s | Errors=4.6,6,86.76357142857144,84.08785714285715,1766.017857142857,604.2650000000001,133.6457142857143,4.571428571428571,3
blk_8848830665382066889,0.6666,HIGH,CRITICAL,packet_responder,Resource Exhaustion,Resource Exhaustion | Memory Pressure | Service Degradation | Network Congestion | Disk Bottleneck | Software Fault,CPU=85.2% | Memory=80.9% | ResponseTime=1688ms | Latency=564ms | DiskIO=151.2MB/s | Errors=4.7,6,85.17846153846153,80.88538461538461,1687.9946153846154,563.953076923077,151.22615384615386,4.6923076923076925,3
blk_8674413826212569730,0.6664,HIGH,CRITICAL,packet_responder,Resource Exhaustion,Resource Exhaustion | Memory Pressure | Service Degradation | Network Congestion | Disk Bottleneck | Software Fault | Repeated Failures,CPU=86.8% | Memory=83.7% | ResponseTime=1881ms | Latency=535ms | DiskIO=139.5MB/s | Errors=4.6 | FailedEvents=4,7,86.83214285714287,83.69000000000001,1881.0321428571428,534.9442857142857,139.48714285714286,4.571428571428571,4
blk_917830561149726244,0.6664,HIGH,CRITICAL,packet_responder,Resource Exhaustion,Resource Exhaustion | Memory Pressure | Service Degradation | Network Congestion | Disk Bottleneck | Software Fault,CPU=86.2% | Memory=81.3% | ResponseTime=1594ms | Latency=664ms | DiskIO=134.3MB/s | Errors=4.9,6,86.24153846153845,81.27999999999999,1594.286153846154,664.3630769230768,134.34692307692308,4.923076923076923,3
blk_-3685973434120761323,0.6661,HIGH,CRITICAL,packet_responder,Resource Exhaustion,Resource Exhaustion | Memory Pressure | Service Degradation | Network Congestion | Disk Bottleneck | Software Fault,CPU=87.7% | Memory=82.5% | ResponseTime=1682ms | Latency=577ms | DiskIO=145.5MB/s | Errors=5.4,6,87.7376923076923,82.47307692307693,1682.1107692307692,576.6115384615384,145.46615384615384,5.384615384615385,3
blk_-2124743085790617815,0.6661,HIGH,CRITICAL,packet_responder,Resource Exhaustion,Resource Exhaustion | Memory Pressure | Service Degradation | Network Congestion | Disk Bottleneck | Software Fault,CPU=90.4% | Memory=78.3% | ResponseTime=1427ms | Latency=605ms | DiskIO=152.9MB/s | Errors=5.5,6,90.35642857142857,78.25285714285714,1426.907857142857,604.7442857142858,152.86,5.5,3
blk_8489007252127237671,0.6658,HIGH,CRITICAL,packet_responder,Resource Exhaustion,Resource Exhaustion | Memory Pressure | Service Degradation | Network Congestion | Disk Bottleneck | Software Fault,CPU=85.5% | Memory=81.0% | ResponseTime=1815ms | Latency=623ms | DiskIO=134.6MB/s | Errors=5.2,6,85.53461538461539,80.95153846153845,1814.88,622.8946153846153,134.60692307692307,5.153846153846154,3
blk_-6878340404907473587,0.6657,HIGH,CRITICAL,packet_responder,Resource Exhaustion,Resource Exhaustion | Memory Pressure | Service Degradation | Network Congestion | Disk Bottleneck | Software Fault,CPU=87.5% | Memory=82.7% | ResponseTime=1592ms | Latency=516ms | DiskIO=137.7MB/s | Errors=4.4,6,87.48357142857142,82.66642857142857,1591.9057142857143,516.2064285714285,137.67714285714283,4.357142857142857,3
blk_-9122363047417115843,0.6657,HIGH,CRITICAL,packet_responder,Resource Exhaustion,Resource Exhaustion | Memory Pressure | Service Degradation | Network Congestion | Disk Bottleneck | Software Fault,CPU=85.5% | Memory=86.7% | ResponseTime=1677ms | Latency=640ms | DiskIO=135.1MB/s | Errors=5.2,6,85.53615384615385,86.66461538461539,1676.9061538461538,640.3276923076924,135.05461538461535,5.153846153846154,3
blk_9125229960123824727,0.6657,HIGH,CRITICAL,packet_responder,Resource Exhaustion,Resource Exhaustion | Memory Pressure | Service Degradation | Network Congestion | Disk Bottleneck | Software Fault,CPU=85.8% | Memory=85.5% | ResponseTime=1695ms | Latency=670ms | DiskIO=151.3MB/s | Errors=4.2,6,85.77615384615385,85.46615384615384,1695.4376923076925,670.3430769230769,151.26307692307694,4.230769230769231,3
blk_-7433173906955038356,0.6655,HIGH,CRITICAL,datanode_service,Resource Exhaustion,Resource Exhaustion | Memory Pressure | Service Degradation | Network Congestion | Disk Bottleneck | Software Fault,CPU=83.8% | Memory=81.4% | ResponseTime=1746ms | Latency=570ms | DiskIO=138.1MB/s | Errors=4.6,6,83.84117647058824,81.41235294117647,1746.4335294117643,570.1405882352941,138.12411764705882,4.647058823529412,3
blk_1495359975996497502,0.6654,HIGH,CRITICAL,packet_responder,Resource Exhaustion,Resource Exhaustion | Memory Pressure | Service Degradation | Network Congestion | Disk Bottleneck | Software Fault,CPU=83.4% | Memory=84.0% | ResponseTime=1483ms | Latency=562ms | DiskIO=141.4MB/s | Errors=5.2,6,83.3753846153846,83.96384615384615,1483.0800000000002,561.5330769230769,141.36307692307693,5.230769230769231,3
blk_-5572168614909885563,0.6654,HIGH,CRITICAL,packet_responder,Resource Exhaustion,Resource Exhaustion | Memory Pressure | Service Degradation | Network Congestion | Disk Bottleneck | Software Fault,CPU=87.7% | Memory=83.8% | ResponseTime=1715ms | Latency=684ms | DiskIO=125.6MB/s | Errors=4.2,6,87.7023076923077,83.81076923076922,1714.5176923076922,683.5130769230769,125.5723076923077,4.230769230769231,3
blk_9052710867505054970,0.6653,HIGH,CRITICAL,packet_responder,Resource Exhaustion,Resource Exhaustion | Memory Pressure | Service Degradation | Network Congestion | Disk Bottleneck | Software Fault | Repeated Failures,CPU=85.3% | Memory=79.5% | ResponseTime=1355ms | Latency=589ms | DiskIO=146.9MB/s | Errors=5.8 | FailedEvents=4,7,85.34466666666667,79.47466666666666,1355.2673333333337,589.2026666666667,146.918,5.8,4
blk_8875277782374948250,0.6652,HIGH,CRITICAL,packet_responder,Resource Exhaustion,Resource Exhaustion | Memory Pressure | Service Degradation | Network Congestion | Disk Bottleneck | Software Fault,CPU=86.0% | Memory=79.0% | ResponseTime=1576ms | Latency=543ms | DiskIO=138.4MB/s | Errors=4.5,6,86.0023076923077,78.97923076923077,1575.8953846153845,542.59,138.3776923076923,4.461538461538462,3
blk_8922692504150928377,0.6652,HIGH,CRITICAL,packet_responder,Resource Exhaustion,Resource Exhaustion | Memory Pressure | Service Degradation | Network Congestion | Disk Bottleneck | Software Fault,CPU=86.1% | Memory=82.0% | ResponseTime=1742ms | Latency=547ms | DiskIO=136.5MB/s | Errors=4.1,6,86.12666666666668,81.99266666666668,1741.612,547.1286666666667,136.526,4.066666666666666,3
blk_8005081090067007411,0.6652,HIGH,CRITICAL,packet_responder,Resource Exhaustion,Resource Exhaustion | Memory Pressure | Service Degradation | Network Congestion | Disk Bottleneck | Software Fault,CPU=83.5% | Memory=85.0% | ResponseTime=1428ms | Latency=583ms | DiskIO=141.3MB/s | Errors=5.5,6,83.5123076923077,85.00461538461538,1428.0107692307693,582.9023076923077,141.33769230769232,5.461538461538462,3
blk_8517699911881863286,0.6651,HIGH,CRITICAL,packet_responder,Resource Exhaustion,Resource Exhaustion | Memory Pressure | Service Degradation | Network Congestion | Disk Bottleneck | Software Fault,CPU=85.5% | Memory=82.3% | ResponseTime=1787ms | Latency=512ms | DiskIO=139.4MB/s | Errors=5.2,6,85.45538461538462,82.33692307692309,1786.5276923076924,512.2215384615384,139.44153846153847,5.230769230769231,3
blk_8058817907505911891,0.665,HIGH,CRITICAL,datanode_service,Resource Exhaustion,Resource Exhaustion | Memory Pressure | Service Degradation | Network Congestion | Disk Bottleneck | Software Fault | Repeated Failures,CPU=85.8% | Memory=80.3% | ResponseTime=1525ms | Latency=567ms | DiskIO=147.2MB/s | Errors=4.3 | FailedEvents=5,7,85.779375,80.294375,1524.904375,567.054375,147.184375,4.3125,5
blk_8275865267035362978,0.665,HIGH,CRITICAL,packet_responder,Resource Exhaustion,Resource Exhaustion | Memory Pressure | Service Degradation | Network Congestion | Disk Bottleneck | Software Fault,CPU=86.2% | Memory=81.2% | ResponseTime=1615ms | Latency=597ms | DiskIO=132.9MB/s | Errors=5.3,6,86.22461538461539,81.19769230769231,1614.720769230769,596.5338461538461,132.90769230769232,5.307692307692308,3
blk_2075234716713999208,0.665,HIGH,CRITICAL,packet_responder,Resource Exhaustion,Resource Exhaustion | Memory Pressure | Service Degradation | Network Congestion | Disk Bottleneck | Software Fault,CPU=84.5% | Memory=78.9% | ResponseTime=1590ms | Latency=600ms | DiskIO=132.2MB/s | Errors=5.2,6,84.49615384615385,78.89461538461539,1589.9915384615383,600.146923076923,132.2153846153846,5.230769230769231,3
blk_-7216159535937345278,0.6648,HIGH,CRITICAL,datanode_service,Resource Exhaustion,Resource Exhaustion | Memory Pressure | Service Degradation | Network Congestion | Disk Bottleneck | Software Fault,CPU=93.0% | Memory=84.3% | ResponseTime=1839ms | Latency=502ms | DiskIO=136.7MB/s | Errors=6.0,6,93.0275,84.35,1839.445,502.31,136.72500000000002,6.0,1
blk_-6877696701654867296,0.6648,HIGH,CRITICAL,datanode_service,Resource Exhaustion,Resource Exhaustion | Memory Pressure | Service Degradation | Network Congestion | Disk Bottleneck | Software Fault,CPU=88.8% | Memory=84.2% | ResponseTime=1881ms | Latency=647ms | DiskIO=136.7MB/s | Errors=5.8,6,88.8425,84.1575,1881.2475,647.2425000000001,136.6625,5.75,1
blk_8277429727722645510,0.6648,HIGH,CRITICAL,packet_responder,Resource Exhaustion,Resource Exhaustion | Memory Pressure | Service Degradation | Network Congestion | Disk Bottleneck | Software Fault,CPU=84.5% | Memory=80.5% | ResponseTime=1762ms | Latency=495ms | DiskIO=144.5MB/s | Errors=4.7,6,84.52266666666667,80.51733333333333,1761.9113333333337,495.3733333333333,144.50533333333334,4.666666666666667,3
blk_8032319793865058657,0.6647,HIGH,CRITICAL,packet_responder,Resource Exhaustion,Resource Exhaustion | Memory Pressure | Service Degradation | Network Congestion | Disk Bottleneck | Software Fault,CPU=86.8% | Memory=81.8% | ResponseTime=1626ms | Latency=503ms | DiskIO=128.0MB/s | Errors=4.4,6,86.8323076923077,81.82538461538462,1626.0892307692309,502.8230769230769,127.99307692307691,4.384615384615385,3
blk_9169060823261137688,0.6646,HIGH,CRITICAL,packet_responder,Resource Exhaustion,Resource Exhaustion | Memory Pressure | Service Degradation | Network Congestion | Disk Bottleneck | Software Fault,CPU=87.2% | Memory=83.3% | ResponseTime=1746ms | Latency=648ms | DiskIO=136.7MB/s | Errors=5.0,6,87.21384615384615,83.33692307692309,1745.8300000000002,648.3592307692307,136.7453846153846,5.0,3
blk_1228359052249330977,0.6646,HIGH,CRITICAL,datanode_service,Resource Exhaustion,Resource Exhaustion | Memory Pressure | Service Degradation | Network Congestion | Disk Bottleneck | Software Fault,CPU=92.7% | Memory=83.5% | ResponseTime=1641ms | Latency=678ms | DiskIO=134.5MB/s | Errors=6.8,6,92.7275,83.465,1641.2875,677.9175,134.4525,6.75,1
blk_4178345025429452062,0.6646,HIGH,CRITICAL,packet_responder,Resource Exhaustion,Resource Exhaustion | Memory Pressure | Service Degradation | Network Congestion | Disk Bottleneck | Software Fault,CPU=85.0% | Memory=84.8% | ResponseTime=1763ms | Latency=612ms | DiskIO=138.5MB/s | Errors=4.6,6,85.04785714285715,84.80785714285715,1763.0521428571428,612.0492857142857,138.52928571428572,4.571428571428571,3
blk_8380977132722288587,0.6645,HIGH,CRITICAL,packet_responder,Resource Exhaustion,Resource Exhaustion | Memory Pressure | Service Degradation | Network Congestion | Disk Bottleneck | Software Fault,CPU=85.7% | Memory=81.0% | ResponseTime=1683ms | Latency=634ms | DiskIO=141.5MB/s | Errors=4.3,6,85.71076923076923,81.04692307692306,1682.5230769230768,634.1653846153846,141.54384615384615,4.307692307692308,3
blk_8529037507982264656,0.6644,HIGH,CRITICAL,packet_responder,Resource Exhaustion,Resource Exhaustion | Memory Pressure | Service Degradation | Network Congestion | Disk Bottleneck | Software Fault,CPU=86.5% | Memory=83.0% | ResponseTime=1728ms | Latency=600ms | DiskIO=134.2MB/s | Errors=6.0,6,86.54384615384615,82.95846153846153,1728.1699999999998,600.4330769230769,134.2423076923077,6.0,3
blk_8299097098705730803,0.6641,HIGH,CRITICAL,packet_responder,Resource Exhaustion,Resource Exhaustion | Memory Pressure | Service Degradation | Network Congestion | Disk Bottleneck | Software Fault,CPU=85.2% | Memory=83.1% | ResponseTime=2018ms | Latency=648ms | DiskIO=144.1MB/s | Errors=4.3,6,85.22615384615385,83.06384615384614,2017.942307692308,647.7369230769231,144.09230769230768,4.307692307692308,3
blk_-8861817172226505668,0.664,HIGH,CRITICAL,packet_responder,Resource Exhaustion,Resource Exhaustion | Memory Pressure | Service Degradation | Network Congestion | Disk Bottleneck | Software Fault,CPU=87.4% | Memory=79.9% | ResponseTime=1655ms | Latency=635ms | DiskIO=143.4MB/s | Errors=4.8,6,87.43615384615386,79.89538461538463,1654.7523076923076,635.3884615384615,143.3623076923077,4.769230769230769,3
blk_5216347370237089225,0.664,HIGH,CRITICAL,packet_responder,Resource Exhaustion,Resource Exhaustion | Memory Pressure | Service Degradation | Network Congestion | Disk Bottleneck | Software Fault,CPU=86.2% | Memory=78.2% | ResponseTime=1821ms | Latency=601ms | DiskIO=131.4MB/s | Errors=4.9,6,86.17857142857143,78.23928571428571,1820.545,601.4821428571429,131.37285714285716,4.857142857142857,3
blk_-5337684818650166359,0.664,HIGH,CRITICAL,packet_responder,Resource Exhaustion,Resource Exhaustion | Memory Pressure | Service Degradation | Network Congestion | Disk Bottleneck | Software Fault,CPU=85.8% | Memory=82.3% | ResponseTime=1736ms | Latency=595ms | DiskIO=147.2MB/s | Errors=5.2,6,85.75461538461538,82.26,1736.003076923077,594.6784615384615,147.1523076923077,5.153846153846154,3
blk_3888635850409849568,0.6639,HIGH,CRITICAL,packet_responder,Resource Exhaustion,Resource Exhaustion | Memory Pressure | Service Degradation | Network Congestion | Disk Bottleneck | Software Fault,CPU=85.7% | Memory=82.1% | ResponseTime=1643ms | Latency=529ms | DiskIO=136.4MB/s | Errors=5.1,6,85.69928571428571,82.13499999999999,1643.327857142857,529.1328571428572,136.35285714285715,5.142857142857143,3
blk_8074191249935269840,0.6638,HIGH,CRITICAL,packet_responder,Resource Exhaustion,Resource Exhaustion | Memory Pressure | Service Degradation | Network Congestion | Disk Bottleneck | Software Fault,CPU=88.1% | Memory=78.4% | ResponseTime=1819ms | Latency=663ms | DiskIO=129.5MB/s | Errors=4.3,6,88.14538461538463,78.41846153846154,1818.882307692308,663.376923076923,129.51461538461538,4.307692307692308,3
blk_8234085482033448348,0.6636,HIGH,CRITICAL,packet_responder,Resource Exhaustion,Resource Exhaustion | Memory Pressure | Service Degradation | Network Congestion | Disk Bottleneck | Software Fault,CPU=90.8% | Memory=82.9% | ResponseTime=1761ms | Latency=682ms | DiskIO=141.1MB/s | Errors=5.2,6,90.80076923076923,82.8623076923077,1761.1615384615384,681.6276923076923,141.05615384615385,5.153846153846154,3
blk_-2763639601094331391,0.6634,HIGH,CRITICAL,packet_responder,Resource Exhaustion,Resource Exhaustion | Memory Pressure | Service Degradation | Network Congestion | Disk Bottleneck | Software Fault | Repeated Failures,CPU=86.4% | Memory=81.3% | ResponseTime=1600ms | Latency=693ms | DiskIO=138.7MB/s | Errors=4.4 | FailedEvents=4,7,86.35357142857143,81.30499999999999,1599.9935714285714,692.9250000000001,138.68642857142856,4.428571428571429,4
blk_1552036799017744207,0.6634,HIGH,CRITICAL,packet_responder,Resource Exhaustion,Resource Exhaustion | Memory Pressure | Service Degradation | Network Congestion | Disk Bottleneck | Software Fault,CPU=88.7% | Memory=80.4% | ResponseTime=1843ms | Latency=620ms | DiskIO=142.6MB/s | Errors=4.6,6,88.65076923076923,80.39538461538463,1842.5615384615385,619.7938461538462,142.58846153846156,4.615384615384615,3
blk_9013058016674726105,0.6631,HIGH,CRITICAL,packet_responder,Resource Exhaustion,Resource Exhaustion | Memory Pressure | Service Degradation | Network Congestion | Disk Bottleneck | Software Fault,CPU=85.8% | Memory=80.8% | ResponseTime=1611ms | Latency=642ms | DiskIO=148.5MB/s | Errors=5.6,6,85.77999999999999,80.85,1610.5461538461536,642.2207692307693,148.4830769230769,5.615384615384615,3
blk_-5970500362334184114,0.6631,HIGH,CRITICAL,packet_responder,Resource Exhaustion,Resource Exhaustion | Memory Pressure | Service Degradation | Network Congestion | Disk Bottleneck | Software Fault,CPU=88.6% | Memory=83.4% | ResponseTime=1872ms | Latency=610ms | DiskIO=153.4MB/s | Errors=4.4,6,88.62923076923077,83.40923076923076,1871.6384615384616,610.3807692307693,153.44692307692307,4.384615384615385,3
blk_8509328013649051336,0.663,HIGH,CRITICAL,packet_responder,Resource Exhaustion,Resource Exhaustion | Memory Pressure | Service Degradation | Network Congestion | Disk Bottleneck | Software Fault,CPU=83.0% | Memory=81.4% | ResponseTime=1845ms | Latency=624ms | DiskIO=129.0MB/s | Errors=4.2,6,82.98923076923076,81.38615384615385,1844.5515384615385,624.2361538461538,128.96384615384616,4.230769230769231,3
blk_8854001315529565741,0.6629,HIGH,CRITICAL,packet_responder,Resource Exhaustion,Resource Exhaustion | Memory Pressure | Service Degradation | Network Congestion | Disk Bottleneck | Software Fault,CPU=90.0% | Memory=82.9% | ResponseTime=1740ms | Latency=494ms | DiskIO=128.4MB/s | Errors=5.4,6,90.04769230769232,82.89692307692309,1739.529230769231,494.47769230769234,128.38076923076923,5.384615384615385,3
blk_5915552314752084570,0.6626,HIGH,CRITICAL,packet_responder,Resource Exhaustion,Resource Exhaustion | Memory Pressure | Service Degradation | Network Congestion | Disk Bottleneck | Software Fault,CPU=85.9% | Memory=82.0% | ResponseTime=1652ms | Latency=570ms | DiskIO=142.2MB/s | Errors=4.7,6,85.88000000000001,81.96846153846153,1651.6107692307692,570.3076923076923,142.18307692307692,4.6923076923076925,3
blk_-1063090219742004468,0.6625,HIGH,CRITICAL,datanode_service,Resource Exhaustion,Resource Exhaustion | Memory Pressure | Service Degradation | Network Congestion | Disk Bottleneck | Software Fault,CPU=85.4% | Memory=88.4% | ResponseTime=1502ms | Latency=701ms | DiskIO=134.0MB/s | Errors=6.2,6,85.4125,88.4075,1501.9725,700.6724999999999,134.0225,6.25,1
blk_-743657982229525131,0.6625,HIGH,CRITICAL,packet_responder,Resource Exhaustion,Resource Exhaustion | Memory Pressure | Service Degradation | Network Congestion | Disk Bottleneck | Software Fault,CPU=86.9% | Memory=81.7% | ResponseTime=1857ms | Latency=661ms | DiskIO=125.6MB/s | Errors=4.3,6,86.86769230769231,81.70384615384616,1857.4784615384615,661.3199999999999,125.64769230769232,4.307692307692308,3
blk_-3102267849859399193,0.6624,HIGH,CRITICAL,datanode_service,Resource Exhaustion,Resource Exhaustion | Memory Pressure | Service Degradation | Network Congestion | Disk Bottleneck | Software Fault | Repeated Failures,CPU=86.1% | Memory=80.0% | ResponseTime=1517ms | Latency=499ms | DiskIO=132.5MB/s | Errors=5.6 | FailedEvents=5,7,86.11125,80.01125,1517.44375,498.6675,132.47875,5.625,5
blk_-3939815154792368601,0.6624,HIGH,CRITICAL,datanode_service,Resource Exhaustion,Resource Exhaustion | Memory Pressure | Service Degradation | Network Congestion | Disk Bottleneck | Software Fault,CPU=85.8% | Memory=82.9% | ResponseTime=2011ms | Latency=643ms | DiskIO=131.6MB/s | Errors=5.0,6,85.7575,82.85000000000001,2010.615,643.38,131.5725,5.0,1
blk_-6978860414285661081,0.6623,HIGH,CRITICAL,datanode_service,Resource Exhaustion,Resource Exhaustion | Memory Pressure | Service Degradation | Network Congestion | Disk Bottleneck | Software Fault,CPU=84.5% | Memory=80.4% | ResponseTime=1739ms | Latency=526ms | DiskIO=133.7MB/s | Errors=5.1,6,84.51238095238095,80.35285714285713,1739.4314285714286,525.7171428571428,133.68904761904764,5.142857142857143,3
blk_-3215964618647096701,0.6621,HIGH,CRITICAL,datanode_service,Resource Exhaustion,Resource Exhaustion | Memory Pressure | Service Degradation | Network Congestion | Disk Bottleneck | Software Fault,CPU=86.6% | Memory=83.8% | ResponseTime=1709ms | Latency=610ms | DiskIO=138.5MB/s | Errors=4.7,6,86.58444444444444,83.75722222222223,1708.58,610.1927777777778,138.49222222222224,4.666666666666667,3
blk_7448310153845746489,0.6619,HIGH,CRITICAL,packet_responder,Resource Exhaustion,Resource Exhaustion | Memory Pressure | Service Degradation | Network Congestion | Disk Bottleneck | Software Fault | Repeated Failures,CPU=93.9% | Memory=80.0% | ResponseTime=1749ms | Latency=554ms | DiskIO=143.5MB/s | Errors=4.3 | FailedEvents=4,7,93.91142857142856,79.98214285714286,1749.4978571428571,554.4521428571428,143.515,4.285714285714286,4
blk_8723320943458863250,0.6619,HIGH,CRITICAL,packet_responder,Resource Exhaustion,Resource Exhaustion | Memory Pressure | Service Degradation | Network Congestion | Disk Bottleneck | Software Fault,CPU=89.3% | Memory=75.6% | ResponseTime=1710ms | Latency=663ms | DiskIO=146.3MB/s | Errors=5.4,6,89.27307692307691,75.58076923076922,1710.4192307692308,663.3876923076924,146.27384615384614,5.384615384615385,3
blk_8083837084595537307,0.6616,HIGH,CRITICAL,datanode_service,Resource Exhaustion,Resource Exhaustion | Memory Pressure | Service Degradation | Network Congestion | Disk Bottleneck | Software Fault,CPU=85.9% | Memory=82.3% | ResponseTime=1568ms | Latency=578ms | DiskIO=139.0MB/s | Errors=4.7,6,85.92333333333333,82.3157142857143,1568.2166666666667,578.2204761904762,139.03190476190477,4.666666666666667,3
blk_8963052321499171482,0.6616,HIGH,CRITICAL,packet_responder,Resource Exhaustion,Resource Exhaustion | Memory Pressure | Service Degradation | Network Congestion | Disk Bottleneck | Software Fault,CPU=87.1% | Memory=82.5% | ResponseTime=1755ms | Latency=638ms | DiskIO=151.5MB/s | Errors=5.1,6,87.11769230769231,82.53846153846153,1755.446923076923,638.2723076923078,151.53846153846155,5.076923076923077,3
blk_7371613326035931979,0.6613,HIGH,CRITICAL,packet_responder,Resource Exhaustion,Resource Exhaustion | Memory Pressure | Service Degradation | Network Congestion | Disk Bottleneck | Software Fault,CPU=86.3% | Memory=82.2% | ResponseTime=1701ms | Latency=510ms | DiskIO=150.2MB/s | Errors=4.8,6,86.26846153846154,82.21307692307693,1700.7323076923078,510.4115384615385,150.15615384615384,4.769230769230769,3
blk_-860341624044406001,0.6611,HIGH,CRITICAL,datanode_service,Resource Exhaustion,Resource Exhaustion | Memory Pressure | Service Degradation | Network Congestion | Disk Bottleneck | Software Fault,CPU=84.4% | Memory=82.7% | ResponseTime=1712ms | Latency=646ms | DiskIO=130.6MB/s | Errors=4.9,6,84.42764705882352,82.67470588235294,1712.1329411764705,645.97,130.58,4.941176470588236,3
blk_7191800336562609118,0.661,HIGH,CRITICAL,datanode_service,Resource Exhaustion,Resource Exhaustion | Memory Pressure | Service Degradation | Network Congestion | Disk Bottleneck | Software Fault,CPU=91.3% | Memory=86.3% | ResponseTime=1369ms | Latency=687ms | DiskIO=162.0MB/s | Errors=5.8,6,91.35,86.27,1369.21,687.1875,161.99,5.75,1
blk_8260106495917076776,0.661,HIGH,CRITICAL,packet_responder,Resource Exhaustion,Resource Exhaustion | Memory Pressure | Service Degradation | Network Congestion | Disk Bottleneck | Software Fault,CPU=86.5% | Memory=80.6% | ResponseTime=1990ms | Latency=611ms | DiskIO=145.1MB/s | Errors=4.5,6,86.49615384615385,80.61846153846153,1990.0146153846156,610.6838461538462,145.1276923076923,4.461538461538462,3
blk_4624916250773145759,0.6609,HIGH,CRITICAL,datanode_service,Resource Exhaustion,Resource Exhaustion | Memory Pressure | Service Degradation | Network Congestion | Disk Bottleneck | Software Fault,CPU=88.8% | Memory=85.1% | ResponseTime=1793ms | Latency=520ms | DiskIO=137.4MB/s | Errors=5.0,6,88.82000000000001,85.14047619047619,1792.765238095238,519.7166666666666,137.4038095238095,4.9523809523809526,3
blk_3708679726899046099,0.6608,HIGH,CRITICAL,packet_responder,Resource Exhaustion,Resource Exhaustion | Memory Pressure | Service Degradation | Network Congestion | Disk Bottleneck | Software Fault,CPU=87.8% | Memory=79.4% | ResponseTime=1876ms | Latency=532ms | DiskIO=144.7MB/s | Errors=5.6,6,87.8076923076923,79.44,1876.473076923077,532.0969230769231,144.67692307692306,5.615384615384615,3
blk_7778667630552051093,0.6608,HIGH,CRITICAL,packet_responder,Resource Exhaustion,Resource Exhaustion | Memory Pressure | Service Degradation | Network Congestion | Disk Bottleneck | Software Fault,CPU=85.9% | Memory=82.7% | ResponseTime=1625ms | Latency=506ms | DiskIO=117.5MB/s | Errors=5.2,6,85.92642857142857,82.66357142857143,1625.0242857142855,505.5242857142857,117.455,5.214285714285714,3
blk_8396866334654406836,0.6607,HIGH,CRITICAL,packet_responder,Resource Exhaustion,Resource Exhaustion | Memory Pressure | Service Degradation | Network Congestion | Disk Bottleneck | Software Fault,CPU=84.7% | Memory=77.9% | ResponseTime=1353ms | Latency=654ms | DiskIO=141.8MB/s | Errors=5.2,6,84.74384615384616,77.8776923076923,1353.3023076923075,654.2984615384614,141.80461538461535,5.230769230769231,3
blk_6631352858457956363,0.6607,HIGH,CRITICAL,packet_responder,Resource Exhaustion,Resource Exhaustion | Memory Pressure | Service Degradation | Network Congestion | Disk Bottleneck | Software Fault,CPU=83.8% | Memory=81.8% | ResponseTime=1730ms | Latency=573ms | DiskIO=146.6MB/s | Errors=5.2,6,83.83615384615383,81.80307692307693,1729.8053846153848,572.91,146.61153846153846,5.230769230769231,3
blk_-8502295418201312024,0.6607,HIGH,CRITICAL,packet_responder,Resource Exhaustion,Resource Exhaustion | Memory Pressure | Service Degradation | Network Congestion | Disk Bottleneck | Software Fault,CPU=92.3% | Memory=85.2% | ResponseTime=1732ms | Latency=479ms | DiskIO=131.3MB/s | Errors=4.2,6,92.26769230769231,85.24153846153847,1731.7576923076924,478.9753846153847,131.26153846153846,4.230769230769231,3
blk_-6372599142370205203,0.6607,HIGH,CRITICAL,packet_responder,Resource Exhaustion,Resource Exhaustion | Memory Pressure | Service Degradation | Network Congestion | Disk Bottleneck | Software Fault,CPU=85.0% | Memory=81.3% | ResponseTime=1808ms | Latency=611ms | DiskIO=128.7MB/s | Errors=4.2,6,85.01384615384616,81.31923076923077,1808.1115384615384,611.343076923077,128.7023076923077,4.230769230769231,3
blk_8948624301149724995,0.6605,HIGH,CRITICAL,packet_responder,Resource Exhaustion,Resource Exhaustion | Memory Pressure | Service Degradation | Network Congestion | Disk Bottleneck | Software Fault,CPU=84.6% | Memory=83.1% | ResponseTime=1754ms | Latency=634ms | DiskIO=134.2MB/s | Errors=4.3,6,84.63076923076923,83.06384615384614,1753.8000000000002,633.503076923077,134.1546153846154,4.307692307692308,3
blk_6788773600674735586,0.6604,HIGH,CRITICAL,namenode_service,Resource Exhaustion,Resource Exhaustion | Memory Pressure | Service Degradation | Network Congestion | Disk Bottleneck | Software Fault | Repeated Failures,CPU=87.8% | Memory=78.2% | ResponseTime=1802ms | Latency=512ms | DiskIO=138.9MB/s | Errors=4.8 | FailedEvents=4,7,87.78999999999999,78.1515,1801.905,512.0235,138.8535,4.8,4
blk_9204192421072332616,0.6603,HIGH,CRITICAL,packet_responder,Resource Exhaustion,Resource Exhaustion | Memory Pressure | Service Degradation | Network Congestion | Disk Bottleneck | Software Fault,CPU=84.9% | Memory=83.4% | ResponseTime=1562ms | Latency=583ms | DiskIO=129.6MB/s | Errors=4.5,6,84.86307692307693,83.36615384615385,1562.029230769231,582.63,129.62307692307692,4.538461538461538,3
blk_7613371371458496079,0.6601,HIGH,CRITICAL,packet_responder,Resource Exhaustion,Resource Exhaustion | Memory Pressure | Service Degradation | Network Congestion | Disk Bottleneck | Software Fault | Repeated Failures,CPU=85.1% | Memory=82.0% | ResponseTime=1587ms | Latency=625ms | DiskIO=144.3MB/s | Errors=5.2 | FailedEvents=4,7,85.12857142857142,81.97571428571429,1587.162142857143,625.2385714285714,144.315,5.214285714285714,4
blk_-6515916707854344269,0.6601,HIGH,CRITICAL,datanode_service,Resource Exhaustion,Resource Exhaustion | Memory Pressure | Service Degradation | Network Congestion | Disk Bottleneck | Software Fault,CPU=84.9% | Memory=80.8% | ResponseTime=2080ms | Latency=729ms | DiskIO=109.5MB/s | Errors=5.0,6,84.9,80.785,2080.2525,728.73,109.47,5.0,1
blk_-492808947875230944,0.6599,HIGH,CRITICAL,packet_responder,Resource Exhaustion,Resource Exhaustion | Memory Pressure | Service Degradation | Network Congestion | Disk Bottleneck | Software Fault,CPU=87.5% | Memory=85.6% | ResponseTime=1744ms | Latency=536ms | DiskIO=151.3MB/s | Errors=5.2,6,87.4676923076923,85.64153846153846,1743.743846153846,536.1607692307692,151.2969230769231,5.230769230769231,3
blk_-424262862134414725,0.6599,HIGH,CRITICAL,packet_responder,Resource Exhaustion,Resource Exhaustion | Memory Pressure | Service Degradation | Network Congestion | Disk Bottleneck | Software Fault,CPU=85.3% | Memory=83.1% | ResponseTime=1807ms | Latency=566ms | DiskIO=134.7MB/s | Errors=5.0,6,85.28307692307693,83.06923076923077,1806.783846153846,566.1907692307692,134.6846153846154,5.0,3
blk_9009365188330241461,0.6597,HIGH,CRITICAL,packet_responder,Resource Exhaustion,Resource Exhaustion | Memory Pressure | Service Degradation | Network Congestion | Disk Bottleneck | Software Fault,CPU=84.5% | Memory=81.9% | ResponseTime=1606ms | Latency=596ms | DiskIO=146.6MB/s | Errors=5.9,6,84.53615384615385,81.90076923076923,1605.973076923077,595.7061538461538,146.5823076923077,5.923076923076923,3
blk_8424619398612866719,0.6597,HIGH,CRITICAL,packet_responder,Resource Exhaustion,Resource Exhaustion | Memory Pressure | Service Degradation | Network Congestion | Disk Bottleneck | Software Fault,CPU=88.7% | Memory=84.8% | ResponseTime=1654ms | Latency=551ms | DiskIO=143.7MB/s | Errors=4.1,6,88.718,84.76866666666666,1653.7213333333334,550.7273333333334,143.72666666666666,4.133333333333334,3
blk_-5006275964087510687,0.6596,HIGH,CRITICAL,packet_responder,Resource Exhaustion,Resource Exhaustion | Memory Pressure | Service Degradation | Network Congestion | Disk Bottleneck | Software Fault | Repeated Failures,CPU=92.0% | Memory=81.9% | ResponseTime=1507ms | Latency=573ms | DiskIO=132.6MB/s | Errors=5.3 | FailedEvents=4,7,91.97071428571428,81.87714285714286,1506.537857142857,573.4528571428572,132.62928571428571,5.285714285714286,4
blk_-1532278602701700218,0.6596,HIGH,CRITICAL,packet_responder,Resource Exhaustion,Resource Exhaustion | Memory Pressure | Service Degradation | Network Congestion | Disk Bottleneck | Software Fault,CPU=90.0% | Memory=81.9% | ResponseTime=1662ms | Latency=647ms | DiskIO=141.4MB/s | Errors=4.9,6,89.99076923076925,81.87076923076923,1662.4184615384615,646.8138461538462,141.42538461538462,4.923076923076923,3
blk_-6213530335216717172,0.6595,HIGH,CRITICAL,namenode_service,Resource Exhaustion,Resource Exhaustion | Memory Pressure | Service Degradation | Network Congestion | Disk Bottleneck | Software Fault | Repeated Failures,CPU=84.7% | Memory=81.6% | ResponseTime=1837ms | Latency=521ms | DiskIO=134.7MB/s | Errors=5.0 | FailedEvents=4,7,84.6895,81.6055,1836.731,520.5765,134.6985,5.0,4
blk_-5114417991493004464,0.6595,HIGH,CRITICAL,packet_responder,Resource Exhaustion,Resource Exhaustion | Memory Pressure | Service Degradation | Network Congestion | Disk Bottleneck | Software Fault,CPU=91.0% | Memory=81.6% | ResponseTime=2109ms | Latency=479ms | DiskIO=147.8MB/s | Errors=4.4,6,90.96615384615384,81.61846153846153,2109.0461538461536,479.3469230769231,147.83846153846156,4.384615384615385,3
blk_5430302488700272148,0.6594,HIGH,CRITICAL,packet_responder,Resource Exhaustion,Resource Exhaustion | Memory Pressure | Service Degradation | Network Congestion | Disk Bottleneck | Software Fault,CPU=86.8% | Memory=80.6% | ResponseTime=1760ms | Latency=576ms | DiskIO=140.1MB/s | Errors=5.0,6,86.81384615384614,80.58769230769232,1759.9623076923078,576.1407692307693,140.14615384615385,5.0,3
blk_5872019251477058398,0.659,HIGH,CRITICAL,packet_responder,Resource Exhaustion,Resource Exhaustion | Memory Pressure | Service Degradation | Network Congestion | Disk Bottleneck | Software Fault,CPU=84.6% | Memory=79.7% | ResponseTime=1732ms | Latency=578ms | DiskIO=142.1MB/s | Errors=4.4,6,84.55499999999999,79.66285714285713,1731.6,577.7228571428572,142.14285714285714,4.428571428571429,3
blk_-8950591068578982155,0.6589,HIGH,CRITICAL,packet_responder,Resource Exhaustion,Resource Exhaustion | Memory Pressure | Service Degradation | Network Congestion | Disk Bottleneck | Software Fault,CPU=90.0% | Memory=79.8% | ResponseTime=1776ms | Latency=597ms | DiskIO=128.7MB/s | Errors=4.8,6,90.01153846153846,79.80461538461539,1776.2007692307693,597.16,128.65615384615384,4.769230769230769,3
blk_8154366174817091570,0.6586,HIGH,CRITICAL,packet_responder,Resource Exhaustion,Resource Exhaustion | Memory Pressure | Service Degradation | Network Congestion | Disk Bottleneck | Software Fault | Repeated Failures,CPU=89.5% | Memory=79.7% | ResponseTime=1551ms | Latency=675ms | DiskIO=132.1MB/s | Errors=4.9 | FailedEvents=4,7,89.50266666666667,79.72533333333334,1551.4273333333333,674.9693333333333,132.07133333333334,4.933333333333334,4
blk_7275708172548923899,0.6584,HIGH,CRITICAL,packet_responder,Resource Exhaustion,Resource Exhaustion | Memory Pressure | Service Degradation | Network Congestion | Disk Bottleneck | Software Fault,CPU=87.6% | Memory=82.7% | ResponseTime=1524ms | Latency=442ms | DiskIO=123.1MB/s | Errors=5.2,6,87.5823076923077,82.71923076923076,1523.936923076923,441.8476923076923,123.12,5.230769230769231,3
blk_8955999924171357790,0.6584,HIGH,CRITICAL,packet_responder,Resource Exhaustion,Resource Exhaustion | Memory Pressure | Service Degradation | Network Congestion | Disk Bottleneck | Software Fault,CPU=84.4% | Memory=80.9% | ResponseTime=1798ms | Latency=639ms | DiskIO=132.8MB/s | Errors=4.3,6,84.40230769230769,80.86538461538461,1798.0169230769231,638.92,132.8323076923077,4.307692307692308,3
blk_8982805650799378169,0.6583,HIGH,CRITICAL,packet_responder,Resource Exhaustion,Resource Exhaustion | Memory Pressure | Service Degradation | Network Congestion | Disk Bottleneck | Software Fault,CPU=88.9% | Memory=80.9% | ResponseTime=1806ms | Latency=634ms | DiskIO=140.1MB/s | Errors=4.1,6,88.92692307692307,80.88692307692307,1806.206153846154,633.8415384615384,140.06076923076924,4.076923076923077,3
blk_8088390247519157526,0.6583,HIGH,CRITICAL,packet_responder,Resource Exhaustion,Resource Exhaustion | Memory Pressure | Service Degradation | Network Congestion | Disk Bottleneck | Software Fault,CPU=88.4% | Memory=81.5% | ResponseTime=2013ms | Latency=512ms | DiskIO=147.2MB/s | Errors=4.2,6,88.36,81.54307692307692,2012.7707692307688,511.6284615384615,147.20153846153846,4.153846153846154,3
blk_8168266437308048577,0.6582,HIGH,CRITICAL,packet_responder,Resource Exhaustion,Resource Exhaustion | Memory Pressure | Service Degradation | Network Congestion | Disk Bottleneck | Software Fault,CPU=87.2% | Memory=83.4% | ResponseTime=1799ms | Latency=542ms | DiskIO=137.2MB/s | Errors=5.2,6,87.24692307692308,83.44538461538461,1798.8176923076924,542.1146153846154,137.22615384615386,5.153846153846154,3
blk_1696901510261744230,0.6582,HIGH,CRITICAL,packet_responder,Resource Exhaustion,Resource Exhaustion | Memory Pressure | Service Degradation | Network Congestion | Disk Bottleneck | Software Fault,CPU=86.7% | Memory=82.1% | ResponseTime=1548ms | Latency=601ms | DiskIO=142.4MB/s | Errors=4.8,6,86.74307692307693,82.07461538461538,1548.0800000000002,601.1830769230769,142.39769230769232,4.769230769230769,3
blk_1925399132161054872,0.6581,HIGH,CRITICAL,packet_responder,Resource Exhaustion,Resource Exhaustion | Memory Pressure | Service Degradation | Network Congestion | Disk Bottleneck | Software Fault,CPU=89.4% | Memory=80.1% | ResponseTime=1720ms | Latency=597ms | DiskIO=130.0MB/s | Errors=5.2,6,89.39214285714286,80.08857142857143,1719.6057142857142,596.5628571428571,130.00785714285715,5.214285714285714,3
blk_-4616554126720527136,0.6581,HIGH,CRITICAL,datanode_service,Resource Exhaustion,Resource Exhaustion | Memory Pressure | Service Degradation | Network Congestion | Disk Bottleneck | Software Fault,CPU=95.1% | Memory=82.6% | ResponseTime=1895ms | Latency=652ms | DiskIO=143.4MB/s | Errors=4.5,6,95.1025,82.5875,1894.7675,652.4425,143.36,4.5,1
blk_8579491952537803471,0.658,HIGH,CRITICAL,packet_responder,Resource Exhaustion,Resource Exhaustion | Memory Pressure | Service Degradation | Network Congestion | Disk Bottleneck | Software Fault,CPU=88.1% | Memory=83.1% | ResponseTime=1561ms | Latency=644ms | DiskIO=131.7MB/s | Errors=5.2,6,88.09,83.07076923076923,1561.136923076923,643.7684615384616,131.70307692307694,5.230769230769231,3
blk_-3534407194213670851,0.6578,HIGH,CRITICAL,datanode_service,Resource Exhaustion,Resource Exhaustion | Memory Pressure | Service Degradation | Network Congestion | Disk Bottleneck | Software Fault,CPU=85.8% | Memory=87.8% | ResponseTime=2032ms | Latency=720ms | DiskIO=127.3MB/s | Errors=5.0,6,85.76,87.8425,2032.2625,720.44,127.3275,5.0,1
blk_4765950508643080232,0.6576,HIGH,CRITICAL,datanode_service,Resource Exhaustion,Resource Exhaustion | Memory Pressure | Service Degradation | Network Congestion | Disk Bottleneck | Software Fault,CPU=82.2% | Memory=83.1% | ResponseTime=2139ms | Latency=558ms | DiskIO=146.9MB/s | Errors=6.0,6,82.17,83.075,2139.3975,558.46,146.9,6.0,1
blk_-7512229865885985259,0.6576,HIGH,CRITICAL,packet_responder,Resource Exhaustion,Resource Exhaustion | Memory Pressure | Service Degradation | Network Congestion | Disk Bottleneck | Software Fault,CPU=91.0% | Memory=86.4% | ResponseTime=1623ms | Latency=528ms | DiskIO=146.1MB/s | Errors=5.3,6,91.02846153846154,86.36153846153846,1622.77,528.1876923076924,146.1469230769231,5.307692307692308,3
blk_8290245308499885410,0.6574,HIGH,CRITICAL,packet_responder,Resource Exhaustion,Resource Exhaustion | Memory Pressure | Service Degradation | Network Congestion | Disk Bottleneck | Software Fault,CPU=86.8% | Memory=80.9% | ResponseTime=1646ms | Latency=593ms | DiskIO=142.9MB/s | Errors=5.5,6,86.76928571428572,80.89928571428571,1645.7242857142858,592.8614285714285,142.86785714285716,5.5,3
blk_8226794226769235122,0.6573,HIGH,CRITICAL,packet_responder,Resource Exhaustion,Resource Exhaustion | Memory Pressure | Service Degradation | Network Congestion | Disk Bottleneck | Software Fault,CPU=83.5% | Memory=79.1% | ResponseTime=1763ms | Latency=555ms | DiskIO=133.1MB/s | Errors=5.2,6,83.4876923076923,79.12153846153845,1763.1023076923077,555.0830769230769,133.12384615384616,5.230769230769231,3
blk_8691549876755499074,0.657,HIGH,CRITICAL,packet_responder,Resource Exhaustion,Resource Exhaustion | Memory Pressure | Service Degradation | Network Congestion | Disk Bottleneck | Software Fault,CPU=87.6% | Memory=86.3% | ResponseTime=1687ms | Latency=552ms | DiskIO=153.1MB/s | Errors=4.7,6,87.62692307692308,86.34769230769231,1686.746923076923,552.2084615384615,153.07538461538462,4.6923076923076925,3
blk_8676860471006989929,0.6569,HIGH,CRITICAL,packet_responder,Resource Exhaustion,Resource Exhaustion | Memory Pressure | Service Degradation | Network Congestion | Disk Bottleneck | Software Fault,CPU=83.8% | Memory=84.0% | ResponseTime=1853ms | Latency=661ms | DiskIO=150.3MB/s | Errors=4.8,6,83.82923076923076,83.9546153846154,1852.5423076923075,660.5330769230769,150.31,4.769230769230769,3
blk_9146865366890002551,0.6568,HIGH,CRITICAL,packet_responder,Resource Exhaustion,Resource Exhaustion | Memory Pressure | Service Degradation | Network Congestion | Disk Bottleneck | Software Fault | Repeated Failures,CPU=84.7% | Memory=82.6% | ResponseTime=1841ms | Latency=573ms | DiskIO=145.1MB/s | Errors=4.6 | FailedEvents=4,7,84.72500000000001,82.58,1841.1414285714288,572.8628571428571,145.12142857142857,4.642857142857143,4
blk_8920348999455240261,0.6568,HIGH,CRITICAL,packet_responder,Resource Exhaustion,Resource Exhaustion | Memory Pressure | Service Degradation | Network Congestion | Disk Bottleneck | Software Fault,CPU=83.8% | Memory=82.3% | ResponseTime=1756ms | Latency=618ms | DiskIO=145.4MB/s | Errors=5.4,6,83.83,82.30846153846154,1756.352307692308,617.8615384615384,145.42076923076922,5.384615384615385,3
blk_7787561683806762625,0.6566,HIGH,CRITICAL,packet_responder,Resource Exhaustion,Resource Exhaustion | Memory Pressure | Service Degradation | Network Congestion | Disk Bottleneck | Software Fault,CPU=87.1% | Memory=84.7% | ResponseTime=1680ms | Latency=622ms | DiskIO=141.6MB/s | Errors=3.8,6,87.0923076923077,84.67384615384616,1680.0530769230768,621.5823076923077,141.55692307692308,3.769230769230769,3
blk_8591525911569550677,0.6566,HIGH,CRITICAL,packet_responder,Resource Exhaustion,Resource Exhaustion | Memory Pressure | Service Degradation | Network Congestion | Disk Bottleneck | Software Fault,CPU=84.5% | Memory=87.5% | ResponseTime=1686ms | Latency=687ms | DiskIO=137.2MB/s | Errors=4.4,6,84.46923076923076,87.47076923076922,1686.4346153846152,687.4276923076923,137.19076923076923,4.384615384615385,3
blk_-5457328401900365535,0.6565,HIGH,CRITICAL,packet_responder,Resource Exhaustion,Resource Exhaustion | Memory Pressure | Service Degradation | Network Congestion | Disk Bottleneck | Software Fault,CPU=85.0% | Memory=79.4% | ResponseTime=1587ms | Latency=647ms | DiskIO=127.7MB/s | Errors=4.5,6,84.95923076923077,79.39384615384614,1586.8607692307692,647.0261538461539,127.7246153846154,4.538461538461538,3
blk_9132118022176312425,0.6565,HIGH,CRITICAL,packet_responder,Resource Exhaustion,Resource Exhaustion | Memory Pressure | Service Degradation | Network Congestion | Disk Bottleneck | Software Fault,CPU=84.9% | Memory=83.0% | ResponseTime=1541ms | Latency=644ms | DiskIO=140.8MB/s | Errors=5.1,6,84.93153846153847,82.95615384615385,1540.9807692307693,644.2792307692308,140.76307692307694,5.076923076923077,3
blk_3962200795500094197,0.6565,HIGH,CRITICAL,datanode_service,Resource Exhaustion,Resource Exhaustion | Memory Pressure | Service Degradation | Network Congestion | Disk Bottleneck | Software Fault,CPU=90.2% | Memory=81.6% | ResponseTime=1476ms | Latency=588ms | DiskIO=129.9MB/s | Errors=7.5,6,90.19,81.595,1475.5,587.69,129.86,7.5,0
blk_-8311312843440733657,0.6565,HIGH,CRITICAL,packet_responder,Resource Exhaustion,Resource Exhaustion | Memory Pressure | Service Degradation | Network Congestion | Disk Bottleneck | Software Fault,CPU=85.0% | Memory=84.3% | ResponseTime=1540ms | Latency=646ms | DiskIO=135.1MB/s | Errors=4.8,6,85.00538461538461,84.32307692307693,1539.7407692307693,646.093076923077,135.11384615384617,4.769230769230769,3
blk_4966276028193818154,0.6562,HIGH,CRITICAL,packet_responder,Resource Exhaustion,Resource Exhaustion | Memory Pressure | Service Degradation | Network Congestion | Disk Bottleneck | Software Fault,CPU=85.6% | Memory=80.2% | ResponseTime=1660ms | Latency=527ms | DiskIO=135.7MB/s | Errors=5.1,6,85.59076923076924,80.1623076923077,1659.8415384615384,526.5438461538462,135.69538461538465,5.076923076923077,3
blk_9183029228356285844,0.6562,HIGH,CRITICAL,packet_responder,Resource Exhaustion,Resource Exhaustion | Memory Pressure | Service Degradation | Network Congestion | Disk Bottleneck | Software Fault,CPU=87.1% | Memory=84.3% | ResponseTime=1686ms | Latency=563ms | DiskIO=149.8MB/s | Errors=4.7,6,87.06230769230768,84.30923076923077,1685.57,562.5907692307693,149.80692307692308,4.6923076923076925,3
blk_1386583149926452937,0.6561,HIGH,CRITICAL,datanode_service,Resource Exhaustion,Resource Exhaustion | Memory Pressure | Service Degradation | Network Congestion | Disk Bottleneck | Software Fault,CPU=89.0% | Memory=82.4% | ResponseTime=1953ms | Latency=585ms | DiskIO=156.5MB/s | Errors=6.0,6,88.985,82.3725,1952.6575,584.6324999999999,156.5125,6.0,1
blk_-6370900491304751661,0.6561,HIGH,CRITICAL,packet_responder,Resource Exhaustion,Resource Exhaustion | Memory Pressure | Service Degradation | Network Congestion | Disk Bottleneck | Software Fault,CPU=86.3% | Memory=76.0% | ResponseTime=1605ms | Latency=556ms | DiskIO=123.0MB/s | Errors=4.9,6,86.31307692307692,76.02692307692308,1605.366923076923,556.4438461538462,122.95615384615384,4.923076923076923,3
blk_-2607603250149292767,0.6558,HIGH,CRITICAL,packet_responder,Resource Exhaustion,Resource Exhaustion | Memory Pressure | Service Degradation | Network Congestion | Disk Bottleneck | Software Fault,CPU=89.7% | Memory=80.4% | ResponseTime=1614ms | Latency=564ms | DiskIO=133.4MB/s | Errors=5.0,6,89.70076923076923,80.44692307692307,1614.4807692307693,563.5953846153845,133.40307692307692,5.0,3
blk_2486178942380652748,0.6558,HIGH,CRITICAL,packet_responder,Resource Exhaustion,Resource Exhaustion | Memory Pressure | Service Degradation | Network Congestion | Disk Bottleneck | Software Fault,CPU=87.3% | Memory=82.7% | ResponseTime=1820ms | Latency=539ms | DiskIO=151.3MB/s | Errors=4.4,6,87.29846153846155,82.71230769230769,1820.4392307692308,538.8661538461539,151.26153846153846,4.384615384615385,3
blk_3478486975035882142,0.6557,HIGH,CRITICAL,packet_responder,Resource Exhaustion,Resource Exhaustion | Memory Pressure | Service Degradation | Network Congestion | Disk Bottleneck | Software Fault,CPU=85.0% | Memory=81.8% | ResponseTime=1843ms | Latency=600ms | DiskIO=129.1MB/s | Errors=4.5,6,85.02923076923078,81.7576923076923,1843.136923076923,600.2084615384615,129.10153846153847,4.538461538461538,3
blk_8610886297134706441,0.6556,HIGH,CRITICAL,packet_responder,Resource Exhaustion,Resource Exhaustion | Memory Pressure | Service Degradation | Network Congestion | Disk Bottleneck | Software Fault,CPU=85.0% | Memory=81.7% | ResponseTime=1649ms | Latency=524ms | DiskIO=146.6MB/s | Errors=4.7,6,84.99153846153845,81.68923076923078,1649.2807692307692,524.4646153846154,146.61076923076922,4.6923076923076925,3
blk_6926004923867112027,0.6553,HIGH,CRITICAL,packet_responder,Resource Exhaustion,Resource Exhaustion | Memory Pressure | Service Degradation | Network Congestion | Disk Bottleneck | Software Fault,CPU=84.4% | Memory=83.4% | ResponseTime=1796ms | Latency=618ms | DiskIO=148.6MB/s | Errors=5.3,6,84.42384615384616,83.39538461538463,1796.304615384615,617.7476923076923,148.55307692307693,5.307692307692308,3
blk_-4926269762824492178,0.6552,HIGH,CRITICAL,packet_responder,Resource Exhaustion,Resource Exhaustion | Memory Pressure | Service Degradation | Network Congestion | Disk Bottleneck | Software Fault | Repeated Failures,CPU=86.9% | Memory=81.1% | ResponseTime=1769ms | Latency=610ms | DiskIO=139.0MB/s | Errors=5.5 | FailedEvents=4,7,86.912,81.08133333333333,1768.6546666666666,609.7900000000001,139.04266666666666,5.466666666666667,4
blk_6341077218056608523,0.6551,HIGH,CRITICAL,packet_responder,Resource Exhaustion,Resource Exhaustion | Memory Pressure | Service Degradation | Network Congestion | Disk Bottleneck | Software Fault,CPU=86.8% | Memory=82.4% | ResponseTime=1709ms | Latency=588ms | DiskIO=147.8MB/s | Errors=5.2,6,86.82384615384616,82.35153846153845,1709.1261538461538,587.91,147.8276923076923,5.230769230769231,3
blk_-1038756802570987307,0.6551,HIGH,CRITICAL,packet_responder,Resource Exhaustion,Resource Exhaustion | Memory Pressure | Service Degradation | Network Congestion | Disk Bottleneck | Software Fault,CPU=86.0% | Memory=80.8% | ResponseTime=1686ms | Latency=598ms | DiskIO=136.5MB/s | Errors=4.8,6,85.99538461538462,80.82923076923076,1685.9146153846154,597.5269230769231,136.47153846153847,4.769230769230769,3
blk_-7293272073748314563,0.6549,HIGH,CRITICAL,datanode_service,Resource Exhaustion,Resource Exhaustion | Memory Pressure | Service Degradation | Network Congestion | Disk Bottleneck | Software Fault,CPU=89.1% | Memory=81.1% | ResponseTime=2053ms | Latency=779ms | DiskIO=163.4MB/s | Errors=5.0,6,89.0925,81.14500000000001,2053.47,779.01,163.435,5.0,1
blk_8481328261289697702,0.6544,HIGH,CRITICAL,packet_responder,Resource Exhaustion,Resource Exhaustion | Memory Pressure | Service Degradation | Network Congestion | Disk Bottleneck | Software Fault,CPU=86.5% | Memory=80.3% | ResponseTime=1684ms | Latency=611ms | DiskIO=134.9MB/s | Errors=5.3,6,86.52384615384615,80.28384615384616,1683.6007692307694,610.7376923076923,134.8569230769231,5.307692307692308,3
blk_8404850871200681096,0.6543,HIGH,CRITICAL,packet_responder,Resource Exhaustion,Resource Exhaustion | Memory Pressure | Service Degradation | Network Congestion | Disk Bottleneck | Software Fault,CPU=86.3% | Memory=79.8% | ResponseTime=1551ms | Latency=582ms | DiskIO=148.9MB/s | Errors=4.7,6,86.25615384615384,79.82384615384616,1551.4423076923076,582.1492307692307,148.85692307692307,4.6923076923076925,3
blk_9097741862555430196,0.6542,HIGH,CRITICAL,packet_responder,Resource Exhaustion,Resource Exhaustion | Memory Pressure | Service Degradation | Network Congestion | Disk Bottleneck | Software Fault,CPU=87.1% | Memory=81.2% | ResponseTime=1647ms | Latency=577ms | DiskIO=156.3MB/s | Errors=4.8,6,87.14733333333334,81.15,1646.672,576.5033333333333,156.30733333333333,4.8,3
blk_2036967860853306945,0.6542,HIGH,CRITICAL,packet_responder,Resource Exhaustion,Resource Exhaustion | Memory Pressure | Service Degradation | Network Congestion | Disk Bottleneck | Software Fault,CPU=84.6% | Memory=83.3% | ResponseTime=1903ms | Latency=516ms | DiskIO=137.6MB/s | Errors=4.4,6,84.58357142857143,83.30357142857143,1903.4228571428573,515.9135714285715,137.56785714285715,4.357142857142857,3
blk_3557914126063085372,0.6542,HIGH,CRITICAL,datanode_service,Resource Exhaustion,Resource Exhaustion | Memory Pressure | Service Degradation | Network Congestion | Disk Bottleneck | Software Fault,CPU=87.6% | Memory=78.8% | ResponseTime=1657ms | Latency=521ms | DiskIO=149.5MB/s | Errors=4.9,6,87.61190476190475,78.83714285714285,1657.4600000000005,520.6166666666667,149.48333333333335,4.904761904761905,3
blk_1248321824507147909,0.6541,HIGH,CRITICAL,datanode_service,Resource Exhaustion,Resource Exhaustion | Memory Pressure | Service Degradation | Network Congestion | Disk Bottleneck | Software Fault,CPU=86.4% | Memory=81.1% | ResponseTime=1646ms | Latency=800ms | DiskIO=150.8MB/s | Errors=5.2,6,86.435,81.1275,1645.9375,800.31,150.8375,5.25,1
blk_7239642706556970888,0.6537,HIGH,CRITICAL,packet_responder,Resource Exhaustion,Resource Exhaustion | Memory Pressure | Service Degradation | Network Congestion | Disk Bottleneck | Software Fault,CPU=89.0% | Memory=79.0% | ResponseTime=1598ms | Latency=622ms | DiskIO=142.3MB/s | Errors=4.5,6,88.98,79.01538461538462,1598.3207692307692,622.2330769230769,142.33692307692309,4.538461538461538,3
blk_7612362880760959356,0.6536,HIGH,CRITICAL,packet_responder,Resource Exhaustion,Resource Exhaustion | Memory Pressure | Service Degradation | Network Congestion | Disk Bottleneck | Software Fault,CPU=84.4% | Memory=83.8% | ResponseTime=1850ms | Latency=598ms | DiskIO=151.7MB/s | Errors=5.1,6,84.41428571428571,83.84642857142856,1849.8007142857143,597.6614285714286,151.74,5.071428571428571,3
blk_8392974048696691646,0.6535,HIGH,CRITICAL,packet_responder,Resource Exhaustion,Resource Exhaustion | Memory Pressure | Service Degradation | Network Congestion | Disk Bottleneck | Software Fault,CPU=88.9% | Memory=80.2% | ResponseTime=1771ms | Latency=621ms | DiskIO=131.9MB/s | Errors=4.9,6,88.86692307692307,80.1846153846154,1770.543076923077,621.4438461538462,131.92538461538462,4.923076923076923,3
blk_8707388138665114083,0.6535,HIGH,CRITICAL,packet_responder,Resource Exhaustion,Resource Exhaustion | Memory Pressure | Service Degradation | Network Congestion | Disk Bottleneck | Software Fault,CPU=89.9% | Memory=77.9% | ResponseTime=1522ms | Latency=530ms | DiskIO=149.5MB/s | Errors=5.2,6,89.90928571428572,77.87285714285714,1521.6571428571428,530.135,149.46,5.214285714285714,3
blk_485389094033421747,0.6533,HIGH,CRITICAL,packet_responder,Resource Exhaustion,Resource Exhaustion | Memory Pressure | Service Degradation | Network Congestion | Disk Bottleneck | Software Fault,CPU=88.1% | Memory=81.4% | ResponseTime=1851ms | Latency=603ms | DiskIO=145.1MB/s | Errors=4.8,6,88.06384615384614,81.39692307692309,1850.7330769230769,602.8692307692307,145.14384615384614,4.846153846153846,3
blk_5150876390492962233,0.653,HIGH,CRITICAL,datanode_service,Resource Exhaustion,Resource Exhaustion | Memory Pressure | Service Degradation | Network Congestion | Disk Bottleneck | Software Fault,CPU=88.6% | Memory=83.5% | ResponseTime=2035ms | Latency=564ms | DiskIO=142.0MB/s | Errors=4.0,6,88.565,83.5175,2035.235,563.6424999999999,141.98,4.0,1
blk_8789754531858881743,0.6529,HIGH,CRITICAL,packet_responder,Resource Exhaustion,Resource Exhaustion | Memory Pressure | Service Degradation | Network Congestion | Disk Bottleneck | Software Fault,CPU=83.7% | Memory=79.0% | ResponseTime=1818ms | Latency=548ms | DiskIO=142.7MB/s | Errors=4.8,6,83.68692307692308,78.96000000000001,1818.069230769231,548.3184615384615,142.71846153846153,4.846153846153846,3
blk_4606891499958893288,0.6526,HIGH,CRITICAL,packet_responder,Resource Exhaustion,Resource Exhaustion | Memory Pressure | Service Degradation | Network Congestion | Disk Bottleneck | Software Fault,CPU=84.0% | Memory=81.6% | ResponseTime=1426ms | Latency=688ms | DiskIO=141.3MB/s | Errors=5.5,6,83.9876923076923,81.55538461538461,1426.3807692307694,687.5876923076922,141.32846153846154,5.461538461538462,3
blk_9052568679748269605,0.6526,HIGH,CRITICAL,packet_responder,Resource Exhaustion,Resource Exhaustion | Memory Pressure | Service Degradation | Network Congestion | Disk Bottleneck | Software Fault,CPU=85.0% | Memory=83.7% | ResponseTime=1769ms | Latency=602ms | DiskIO=139.6MB/s | Errors=4.4,6,85.03307692307693,83.71307692307693,1768.6207692307692,602.3723076923077,139.58846153846156,4.384615384615385,3
blk_9039005170383073463,0.6525,HIGH,CRITICAL,packet_responder,Resource Exhaustion,Resource Exhaustion | Memory Pressure | Service Degradation | Network Congestion | Disk Bottleneck | Software Fault,CPU=88.9% | Memory=82.0% | ResponseTime=1550ms | Latency=569ms | DiskIO=153.1MB/s | Errors=4.9,6,88.87153846153845,81.9876923076923,1549.5953846153843,569.2384615384616,153.09384615384613,4.923076923076923,3
blk_8163472139512333118,0.6523,HIGH,CRITICAL,packet_responder,Resource Exhaustion,Resource Exhaustion | Memory Pressure | Service Degradation | Network Congestion | Disk Bottleneck | Software Fault,CPU=85.2% | Memory=81.0% | ResponseTime=1571ms | Latency=684ms | DiskIO=147.8MB/s | Errors=4.5,6,85.24538461538462,81.00692307692307,1571.013076923077,683.6046153846154,147.80307692307693,4.461538461538462,3
blk_4859711980707872055,0.6522,HIGH,CRITICAL,packet_responder,Resource Exhaustion,Resource Exhaustion | Memory Pressure | Service Degradation | Network Congestion | Disk Bottleneck | Software Fault,CPU=86.4% | Memory=82.1% | ResponseTime=1696ms | Latency=603ms | DiskIO=140.9MB/s | Errors=5.5,6,86.40538461538462,82.07692307692308,1696.0715384615385,603.0261538461539,140.91076923076923,5.461538461538462,3
blk_1052478334906729034,0.6522,HIGH,CRITICAL,datanode_service,Resource Exhaustion,Resource Exhaustion | Memory Pressure | Service Degradation | Network Congestion | Disk Bottleneck | Software Fault,CPU=92.4% | Memory=87.9% | ResponseTime=1964ms | Latency=561ms | DiskIO=152.6MB/s | Errors=4.5,6,92.3775,87.9425,1964.3875,560.685,152.55,4.5,1
blk_-5702724604333548542,0.6521,HIGH,CRITICAL,datanode_service,Resource Exhaustion,Resource Exhaustion | Memory Pressure | Service Degradation | Network Congestion | Disk Bottleneck | Software Fault,CPU=84.7% | Memory=86.4% | ResponseTime=1734ms | Latency=604ms | DiskIO=148.3MB/s | Errors=6.2,6,84.70750000000001,86.4175,1733.7,603.89,148.255,6.25,1
blk_9034114946032467285,0.652,HIGH,CRITICAL,datanode_service,Resource Exhaustion,Resource Exhaustion | Memory Pressure | Service Degradation | Network Congestion | Disk Bottleneck | Software Fault,CPU=82.9% | Memory=82.2% | ResponseTime=2131ms | Latency=627ms | DiskIO=160.3MB/s | Errors=6.5,6,82.9025,82.215,2131.0025,627.34,160.2725,6.5,1
blk_8717831413859455442,0.6518,HIGH,CRITICAL,packet_responder,Resource Exhaustion,Resource Exhaustion | Memory Pressure | Service Degradation | Network Congestion | Disk Bottleneck | Software Fault,CPU=85.6% | Memory=78.2% | ResponseTime=1557ms | Latency=480ms | DiskIO=148.8MB/s | Errors=4.9,6,85.55230769230769,78.21461538461539,1557.366153846154,480.3123076923076,148.79846153846154,4.923076923076923,3
blk_-67897746448958425,0.6518,HIGH,CRITICAL,datanode_service,Resource Exhaustion,Resource Exhaustion | Memory Pressure | Service Degradation | Network Congestion | Disk Bottleneck | Software Fault,CPU=90.8% | Memory=76.8% | ResponseTime=1892ms | Latency=706ms | DiskIO=140.0MB/s | Errors=5.5,6,90.8375,76.845,1891.6575,706.2325,139.975,5.5,1
blk_8811057218613016001,0.6517,HIGH,CRITICAL,packet_responder,Resource Exhaustion,Resource Exhaustion | Memory Pressure | Service Degradation | Network Congestion | Disk Bottleneck | Software Fault,CPU=84.0% | Memory=80.7% | ResponseTime=1651ms | Latency=558ms | DiskIO=144.3MB/s | Errors=6.0,6,83.95846153846153,80.6676923076923,1650.9107692307691,557.8453846153845,144.2915384615385,6.0,3
blk_6727239054025085167,0.6516,HIGH,CRITICAL,packet_responder,Resource Exhaustion,Resource Exhaustion | Memory Pressure | Service Degradation | Network Congestion | Disk Bottleneck | Software Fault,CPU=87.8% | Memory=85.3% | ResponseTime=1831ms | Latency=621ms | DiskIO=151.3MB/s | Errors=4.5,6,87.79642857142858,85.26428571428572,1831.422142857143,621.0414285714286,151.26214285714286,4.5,3
blk_8330738407093883375,0.6516,HIGH,CRITICAL,packet_responder,Resource Exhaustion,Resource Exhaustion | Memory Pressure | Service Degradation | Network Congestion | Disk Bottleneck | Software Fault,CPU=83.5% | Memory=83.0% | ResponseTime=1702ms | Latency=549ms | DiskIO=137.5MB/s | Errors=5.1,6,83.47846153846154,82.97615384615385,1702.183076923077,548.9,137.45153846153846,5.076923076923077,3
blk_8994966168110607541,0.6514,HIGH,CRITICAL,packet_responder,Resource Exhaustion,Resource Exhaustion | Memory Pressure | Service Degradation | Network Congestion | Disk Bottleneck | Software Fault,CPU=84.8% | Memory=78.0% | ResponseTime=1823ms | Latency=576ms | DiskIO=144.9MB/s | Errors=4.9,6,84.8223076923077,78.03153846153846,1822.716923076923,576.3238461538461,144.8923076923077,4.923076923076923,3
blk_3693837532799576241,0.6511,HIGH,CRITICAL,datanode_service,Resource Exhaustion,Resource Exhaustion | Memory Pressure | Service Degradation | Network Congestion | Disk Bottleneck | Software Fault,CPU=84.9% | Memory=84.4% | ResponseTime=1920ms | Latency=497ms | DiskIO=131.5MB/s | Errors=6.8,6,84.925,84.39,1919.925,496.87,131.54,6.75,1
blk_8464056021668582878,0.6509,HIGH,CRITICAL,packet_responder,Resource Exhaustion,Resource Exhaustion | Memory Pressure | Service Degradation | Network Congestion | Disk Bottleneck | Software Fault,CPU=85.1% | Memory=81.1% | ResponseTime=1581ms | Latency=510ms | DiskIO=136.1MB/s | Errors=5.5,6,85.12076923076923,81.07153846153847,1580.916923076923,509.7838461538461,136.1323076923077,5.461538461538462,3
blk_253463337503232111,0.6509,HIGH,CRITICAL,datanode_service,Resource Exhaustion,Resource Exhaustion | Memory Pressure | Service Degradation | Network Congestion | Disk Bottleneck | Software Fault,CPU=91.5% | Memory=85.0% | ResponseTime=2205ms | Latency=467ms | DiskIO=157.7MB/s | Errors=5.8,6,91.4725,85.05,2204.76,467.16,157.68,5.75,1
blk_1911602463151612525,0.6508,HIGH,CRITICAL,datanode_service,Resource Exhaustion,Resource Exhaustion | Memory Pressure | Service Degradation | Network Congestion | Disk Bottleneck | Software Fault,CPU=83.2% | Memory=88.9% | ResponseTime=2329ms | Latency=630ms | DiskIO=124.3MB/s | Errors=6.0,6,83.22999999999999,88.925,2329.275,630.365,124.275,6.0,0
blk_-4464669326174400880,0.6506,HIGH,CRITICAL,datanode_service,Resource Exhaustion,Resource Exhaustion | Memory Pressure | Service Degradation | Network Congestion | Disk Bottleneck | Software Fault,CPU=94.6% | Memory=80.6% | ResponseTime=1583ms | Latency=667ms | DiskIO=144.7MB/s | Errors=5.5,6,94.635,80.61500000000001,1583.04,667.285,144.66750000000002,5.5,1
blk_-4040863241248121643,0.6504,HIGH,CRITICAL,datanode_service,Resource Exhaustion,Resource Exhaustion | Memory Pressure | Service Degradation | Network Congestion | Disk Bottleneck | Software Fault,CPU=86.7% | Memory=81.3% | ResponseTime=1712ms | Latency=609ms | DiskIO=145.9MB/s | Errors=4.8,6,86.6716,81.32639999999999,1712.4676000000002,608.7012,145.85479999999998,4.84,3
blk_8222478544368936582,0.6499,HIGH,CRITICAL,packet_responder,Resource Exhaustion,Resource Exhaustion | Memory Pressure | Service Degradation | Network Congestion | Disk Bottleneck | Software Fault,CPU=87.8% | Memory=84.5% | ResponseTime=1621ms | Latency=584ms | DiskIO=134.1MB/s | Errors=5.2,6,87.82461538461538,84.47615384615385,1621.4215384615384,584.2323076923077,134.08384615384614,5.153846153846154,3
blk_9134391641163987789,0.6498,HIGH,CRITICAL,packet_responder,Resource Exhaustion,Resource Exhaustion | Memory Pressure | Service Degradation | Network Congestion | Disk Bottleneck | Software Fault,CPU=87.9% | Memory=83.8% | ResponseTime=1734ms | Latency=597ms | DiskIO=135.7MB/s | Errors=4.1,6,87.94846153846153,83.80307692307693,1734.4530769230769,597.4153846153846,135.65076923076924,4.076923076923077,3
blk_3509945927123466354,0.6497,HIGH,CRITICAL,packet_responder,Resource Exhaustion,Resource Exhaustion | Memory Pressure | Service Degradation | Network Congestion | Disk Bottleneck | Software Fault,CPU=88.0% | Memory=83.5% | ResponseTime=1506ms | Latency=564ms | DiskIO=129.4MB/s | Errors=4.6,6,88.01692307692308,83.4676923076923,1505.9884615384617,564.3523076923077,129.38692307692307,4.615384615384615,3
blk_1508601589785089630,0.6497,HIGH,CRITICAL,datanode_service,Resource Exhaustion,Resource Exhaustion | Memory Pressure | Service Degradation | Network Congestion | Disk Bottleneck | Software Fault,CPU=93.9% | Memory=83.7% | ResponseTime=2273ms | Latency=704ms | DiskIO=99.8MB/s | Errors=5.0,6,93.895,83.73,2273.11,704.085,99.77,5.0,0
blk_9098001840058558144,0.6496,HIGH,CRITICAL,packet_responder,Resource Exhaustion,Resource Exhaustion | Memory Pressure | Service Degradation | Network Congestion | Disk Bottleneck | Software Fault,CPU=86.6% | Memory=85.0% | ResponseTime=1606ms | Latency=595ms | DiskIO=130.9MB/s | Errors=5.0,6,86.60615384615383,85.04846153846152,1606.3815384615384,595.0569230769231,130.93384615384613,5.0,3
blk_-8651022183233211370,0.6495,HIGH,CRITICAL,datanode_service,Resource Exhaustion,Resource Exhaustion | Memory Pressure | Service Degradation | Network Congestion | Disk Bottleneck | Software Fault,CPU=84.8% | Memory=82.5% | ResponseTime=1690ms | Latency=595ms | DiskIO=144.4MB/s | Errors=4.9,6,84.78476190476191,82.45190476190476,1690.2457142857145,595.3942857142857,144.42619047619047,4.857142857142857,3
blk_9129497990145696927,0.6492,HIGH,CRITICAL,packet_responder,Resource Exhaustion,Resource Exhaustion | Memory Pressure | Service Degradation | Network Congestion | Disk Bottleneck | Software Fault,CPU=85.4% | Memory=82.2% | ResponseTime=1834ms | Latency=624ms | DiskIO=129.4MB/s | Errors=4.8,6,85.41615384615385,82.15230769230769,1834.2115384615383,624.4892307692307,129.39384615384614,4.769230769230769,3
blk_4395399412302115399,0.6491,HIGH,CRITICAL,packet_responder,Resource Exhaustion,Resource Exhaustion | Memory Pressure | Service Degradation | Network Congestion | Disk Bottleneck | Software Fault,CPU=89.4% | Memory=83.5% | ResponseTime=1612ms | Latency=596ms | DiskIO=151.3MB/s | Errors=4.4,6,89.43928571428572,83.51428571428572,1612.3607142857145,596.4271428571428,151.33999999999995,4.428571428571429,3
blk_7109184001366209945,0.6489,HIGH,CRITICAL,packet_responder,Resource Exhaustion,Resource Exhaustion | Memory Pressure | Service Degradation | Network Congestion | Disk Bottleneck | Software Fault,CPU=85.1% | Memory=80.7% | ResponseTime=1744ms | Latency=570ms | DiskIO=146.6MB/s | Errors=4.5,6,85.07923076923076,80.7223076923077,1743.5130769230768,569.6292307692308,146.5523076923077,4.461538461538462,3
blk_1956647105971759272,0.6489,HIGH,CRITICAL,datanode_service,Resource Exhaustion,Resource Exhaustion | Memory Pressure | Service Degradation | Network Congestion | Disk Bottleneck | Software Fault,CPU=87.2% | Memory=79.9% | ResponseTime=1889ms | Latency=587ms | DiskIO=142.9MB/s | Errors=5.5,6,87.23,79.9075,1888.74,587.4225,142.85750000000002,5.5,1
blk_2465764068194463148,0.6486,HIGH,CRITICAL,datanode_service,Resource Exhaustion,Resource Exhaustion | Memory Pressure | Service Degradation | Network Congestion | Disk Bottleneck | Software Fault,CPU=89.4% | Memory=84.3% | ResponseTime=2126ms | Latency=634ms | DiskIO=155.0MB/s | Errors=4.2,6,89.39750000000001,84.32,2125.995,634.4425,155.0,4.25,1
blk_8938558716067156865,0.6486,HIGH,CRITICAL,packet_responder,Resource Exhaustion,Resource Exhaustion | Memory Pressure | Service Degradation | Network Congestion | Disk Bottleneck | Software Fault,CPU=86.5% | Memory=80.3% | ResponseTime=1560ms | Latency=649ms | DiskIO=133.5MB/s | Errors=4.3,6,86.54538461538462,80.33076923076922,1560.386923076923,649.3361538461539,133.5253846153846,4.307692307692308,3
blk_-4766592832564589428,0.6485,HIGH,CRITICAL,datanode_service,Resource Exhaustion,Resource Exhaustion | Memory Pressure | Service Degradation | Network Congestion | Disk Bottleneck | Software Fault,CPU=82.8% | Memory=85.6% | ResponseTime=2121ms | Latency=445ms | DiskIO=116.9MB/s | Errors=5.0,6,82.8375,85.5975,2120.88,444.96,116.8775,5.0,1
blk_3844292022306268975,0.6485,HIGH,CRITICAL,datanode_service,Resource Exhaustion,Resource Exhaustion | Memory Pressure | Service Degradation | Network Congestion | Disk Bottleneck | Software Fault,CPU=90.1% | Memory=75.8% | ResponseTime=1716ms | Latency=602ms | DiskIO=163.6MB/s | Errors=5.8,6,90.1475,75.755,1715.6125,602.1375,163.5875,5.75,1
blk_6020383172603634019,0.6485,HIGH,CRITICAL,packet_responder,Resource Exhaustion,Resource Exhaustion | Memory Pressure | Service Degradation | Network Congestion | Disk Bottleneck | Software Fault,CPU=86.3% | Memory=78.4% | ResponseTime=1781ms | Latency=486ms | DiskIO=140.9MB/s | Errors=4.8,6,86.30666666666666,78.35533333333333,1781.2293333333332,485.5293333333333,140.926,4.8,3
blk_8128968847817392650,0.6484,HIGH,CRITICAL,packet_responder,Resource Exhaustion,Resource Exhaustion | Memory Pressure | Service Degradation | Network Congestion | Disk Bottleneck | Software Fault,CPU=90.6% | Memory=79.8% | ResponseTime=1650ms | Latency=588ms | DiskIO=143.8MB/s | Errors=5.0,6,90.56692307692308,79.75692307692307,1650.3738461538462,587.7523076923077,143.83615384615385,5.0,3
blk_2224603516228853228,0.6484,HIGH,CRITICAL,packet_responder,Resource Exhaustion,Resource Exhaustion | Memory Pressure | Service Degradation | Network Congestion | Disk Bottleneck | Software Fault,CPU=87.8% | Memory=77.8% | ResponseTime=1665ms | Latency=612ms | DiskIO=133.8MB/s | Errors=4.5,6,87.85,77.78384615384616,1665.3846153846157,612.05,133.7623076923077,4.461538461538462,3
blk_8362325295506522506,0.6479,HIGH,CRITICAL,packet_responder,Resource Exhaustion,Resource Exhaustion | Memory Pressure | Service Degradation | Network Congestion | Disk Bottleneck | Software Fault,CPU=84.5% | Memory=79.0% | ResponseTime=1856ms | Latency=530ms | DiskIO=135.2MB/s | Errors=4.6,6,84.5,79.01,1855.893076923077,529.5161538461539,135.15769230769232,4.615384615384615,3
blk_-1001299764911418845,0.6475,HIGH,CRITICAL,packet_responder,Resource Exhaustion,Resource Exhaustion | Memory Pressure | Service Degradation | Network Congestion | Disk Bottleneck | Software Fault | Repeated Failures,CPU=86.6% | Memory=81.3% | ResponseTime=1793ms | Latency=465ms | DiskIO=151.4MB/s | Errors=4.3 | FailedEvents=4,7,86.566,81.29266666666666,1792.9726666666668,465.4426666666666,151.38133333333332,4.333333333333333,4
blk_-4000271277927010782,0.6474,HIGH,CRITICAL,datanode_service,Resource Exhaustion,Resource Exhaustion | Memory Pressure | Service Degradation | Network Congestion | Disk Bottleneck | Software Fault,CPU=87.6% | Memory=76.3% | ResponseTime=1929ms | Latency=440ms | DiskIO=162.0MB/s | Errors=5.0,6,87.6275,76.31,1928.9075,439.64,162.0375,5.0,1
blk_1904391731419341313,0.6471,HIGH,CRITICAL,datanode_service,Resource Exhaustion,Resource Exhaustion | Memory Pressure | Service Degradation | Network Congestion | Disk Bottleneck | Software Fault,CPU=87.7% | Memory=76.9% | ResponseTime=1414ms | Latency=586ms | DiskIO=149.6MB/s | Errors=5.8,6,87.735,76.9425,1413.6375,586.3050000000001,149.6275,5.75,1
blk_8494511456775841379,0.647,HIGH,CRITICAL,packet_responder,Resource Exhaustion,Resource Exhaustion | Memory Pressure | Service Degradation | Network Congestion | Disk Bottleneck | Software Fault,CPU=85.8% | Memory=77.9% | ResponseTime=1891ms | Latency=590ms | DiskIO=137.2MB/s | Errors=4.6,6,85.80076923076923,77.87153846153846,1890.716923076923,589.6176923076923,137.21692307692308,4.615384615384615,3
blk_8280162924437316474,0.6468,HIGH,CRITICAL,packet_responder,Resource Exhaustion,Resource Exhaustion | Memory Pressure | Service Degradation | Network Congestion | Disk Bottleneck | Software Fault,CPU=87.9% | Memory=82.8% | ResponseTime=1696ms | Latency=546ms | DiskIO=141.7MB/s | Errors=4.6,6,87.89,82.77125,1695.670625,545.72625,141.68312500000002,4.625,3
blk_8507612822578254621,0.6468,HIGH,CRITICAL,packet_responder,Resource Exhaustion,Resource Exhaustion | Memory Pressure | Service Degradation | Network Congestion | Disk Bottleneck | Software Fault,CPU=88.8% | Memory=82.0% | ResponseTime=1825ms | Latency=586ms | DiskIO=143.6MB/s | Errors=4.2,6,88.8323076923077,82.04076923076923,1825.205384615385,585.613076923077,143.59307692307692,4.230769230769231,3
blk_-6714539128345632048,0.6466,HIGH,CRITICAL,datanode_service,Resource Exhaustion,Resource Exhaustion | Memory Pressure | Service Degradation | Network Congestion | Disk Bottleneck | Software Fault,CPU=86.8% | Memory=81.4% | ResponseTime=1559ms | Latency=505ms | DiskIO=167.3MB/s | Errors=5.0,6,86.77250000000001,81.39750000000001,1558.7775,504.9075,167.32,5.0,1
blk_7519920553008994682,0.6466,HIGH,CRITICAL,packet_responder,Resource Exhaustion,Resource Exhaustion | Memory Pressure | Service Degradation | Network Congestion | Disk Bottleneck | Software Fault,CPU=85.6% | Memory=81.6% | ResponseTime=1838ms | Latency=571ms | DiskIO=133.9MB/s | Errors=4.9,6,85.56923076923077,81.59846153846154,1837.64,570.6753846153846,133.93692307692308,4.923076923076923,3
blk_8473288734099711546,0.6466,HIGH,CRITICAL,packet_responder,Resource Exhaustion,Resource Exhaustion | Memory Pressure | Service Degradation | Network Congestion | Disk Bottleneck | Software Fault,CPU=88.2% | Memory=78.4% | ResponseTime=1660ms | Latency=669ms | DiskIO=142.8MB/s | Errors=4.7,6,88.20692307692308,78.37153846153846,1660.190769230769,669.1161538461539,142.77461538461537,4.6923076923076925,3
blk_-6022305189056324934,0.6465,HIGH,CRITICAL,datanode_service,Resource Exhaustion,Resource Exhaustion | Memory Pressure | Service Degradation | Network Congestion | Disk Bottleneck | Software Fault,CPU=87.7% | Memory=80.4% | ResponseTime=1860ms | Latency=720ms | DiskIO=128.8MB/s | Errors=4.0,6,87.7175,80.39750000000001,1860.2225,720.135,128.8475,4.0,1
blk_5157578973273869737,0.6462,HIGH,CRITICAL,packet_responder,Resource Exhaustion,Resource Exhaustion | Memory Pressure | Service Degradation | Network Congestion | Disk Bottleneck | Software Fault,CPU=89.6% | Memory=78.3% | ResponseTime=1587ms | Latency=668ms | DiskIO=135.1MB/s | Errors=4.3,6,89.63923076923076,78.32461538461538,1586.7076923076925,667.5015384615385,135.06615384615387,4.307692307692308,3
blk_-5493834254028513821,0.6461,HIGH,CRITICAL,datanode_service,Resource Exhaustion,Resource Exhaustion | Memory Pressure | Service Degradation | Network Congestion | Disk Bottleneck | Software Fault,CPU=89.2% | Memory=78.1% | ResponseTime=2092ms | Latency=594ms | DiskIO=127.8MB/s | Errors=4.2,6,89.155,78.11,2092.2825,593.63,127.7875,4.25,1
blk_697603576292684838,0.6457,HIGH,CRITICAL,packet_responder,Resource Exhaustion,Resource Exhaustion | Memory Pressure | Service Degradation | Network Congestion | Disk Bottleneck | Software Fault,CPU=86.8% | Memory=79.7% | ResponseTime=1632ms | Latency=647ms | DiskIO=141.0MB/s | Errors=4.5,6,86.78461538461539,79.7376923076923,1631.8492307692309,646.8838461538461,140.97692307692307,4.538461538461538,3
blk_8895848565963921586,0.6455,HIGH,CRITICAL,datanode_service,Resource Exhaustion,Resource Exhaustion | Memory Pressure | Service Degradation | Network Congestion | Disk Bottleneck | Software Fault,CPU=90.0% | Memory=83.8% | ResponseTime=1589ms | Latency=637ms | DiskIO=152.3MB/s | Errors=5.2,6,90.015,83.83,1588.81,637.415,152.26,5.25,1
blk_8225451996519902271,0.6455,HIGH,CRITICAL,packet_responder,Resource Exhaustion,Resource Exhaustion | Memory Pressure | Service Degradation | Network Congestion | Disk Bottleneck | Software Fault,CPU=87.4% | Memory=82.2% | ResponseTime=1656ms | Latency=577ms | DiskIO=151.7MB/s | Errors=4.4,6,87.35071428571429,82.24285714285715,1656.3085714285714,577.2914285714286,151.7307142857143,4.428571428571429,3
blk_-7168402904034407655,0.6455,HIGH,CRITICAL,packet_responder,Resource Exhaustion,Resource Exhaustion | Memory Pressure | Service Degradation | Network Congestion | Disk Bottleneck | Software Fault,CPU=85.9% | Memory=81.8% | ResponseTime=1649ms | Latency=545ms | DiskIO=138.9MB/s | Errors=4.7,6,85.85307692307691,81.79230769230769,1649.143846153846,545.4630769230769,138.86,4.6923076923076925,3
blk_8613091578552487934,0.6454,HIGH,CRITICAL,packet_responder,Resource Exhaustion,Resource Exhaustion | Memory Pressure | Service Degradation | Network Congestion | Disk Bottleneck | Software Fault,CPU=85.3% | Memory=83.3% | ResponseTime=1502ms | Latency=599ms | DiskIO=149.8MB/s | Errors=4.2,6,85.3176923076923,83.3153846153846,1502.3515384615384,599.4484615384615,149.83461538461538,4.230769230769231,3
blk_7895004802669466168,0.6453,HIGH,CRITICAL,packet_responder,Resource Exhaustion,Resource Exhaustion | Memory Pressure | Service Degradation | Network Congestion | Disk Bottleneck | Software Fault,CPU=87.4% | Memory=81.6% | ResponseTime=1620ms | Latency=653ms | DiskIO=149.7MB/s | Errors=4.6,6,87.39076923076922,81.60538461538461,1619.9030769230772,653.1361538461539,149.6946153846154,4.615384615384615,3
blk_2013325748856732111,0.6452,HIGH,CRITICAL,packet_responder,Resource Exhaustion,Resource Exhaustion | Memory Pressure | Service Degradation | Network Congestion | Disk Bottleneck | Software Fault,CPU=86.0% | Memory=79.7% | ResponseTime=1623ms | Latency=596ms | DiskIO=142.1MB/s | Errors=5.3,6,85.95,79.67466666666665,1622.876,595.8213333333333,142.06933333333333,5.266666666666667,3
blk_8209023888520829646,0.6451,HIGH,CRITICAL,packet_responder,Resource Exhaustion,Resource Exhaustion | Memory Pressure | Service Degradation | Network Congestion | Disk Bottleneck | Software Fault,CPU=86.7% | Memory=80.0% | ResponseTime=1824ms | Latency=659ms | DiskIO=140.3MB/s | Errors=5.2,6,86.67692307692307,80.04230769230769,1824.3246153846155,658.9161538461539,140.3153846153846,5.230769230769231,3
blk_-2113227863634720329,0.645,HIGH,CRITICAL,datanode_service,Resource Exhaustion,Resource Exhaustion | Memory Pressure | Service Degradation | Network Congestion | Disk Bottleneck | Software Fault,CPU=86.2% | Memory=79.3% | ResponseTime=1732ms | Latency=783ms | DiskIO=122.1MB/s | Errors=5.5,6,86.16,79.2875,1732.3775,783.335,122.0975,5.5,1
blk_9214796566095378408,0.6447,HIGH,CRITICAL,packet_responder,Resource Exhaustion,Resource Exhaustion | Memory Pressure | Service Degradation | Network Congestion | Disk Bottleneck | Software Fault,CPU=87.1% | Memory=82.6% | ResponseTime=1915ms | Latency=551ms | DiskIO=143.3MB/s | Errors=3.9,6,87.06642857142857,82.58785714285715,1914.9564285714284,551.3257142857143,143.2792857142857,3.857142857142857,3
blk_8333504522901324883,0.6446,HIGH,CRITICAL,packet_responder,Resource Exhaustion,Resource Exhaustion | Memory Pressure | Service Degradation | Network Congestion | Disk Bottleneck | Software Fault,CPU=88.9% | Memory=80.3% | ResponseTime=1678ms | Latency=571ms | DiskIO=146.4MB/s | Errors=4.2,6,88.93769230769232,80.3076923076923,1677.763076923077,570.906923076923,146.38692307692307,4.153846153846154,3
blk_8363220788042233340,0.6443,HIGH,CRITICAL,packet_responder,Resource Exhaustion,Resource Exhaustion | Memory Pressure | Service Degradation | Network Congestion | Disk Bottleneck | Software Fault,CPU=84.7% | Memory=82.5% | ResponseTime=1523ms | Latency=623ms | DiskIO=136.4MB/s | Errors=4.4,6,84.65,82.4976923076923,1522.5646153846153,623.3853846153846,136.36615384615385,4.384615384615385,3
blk_349284099419601276,0.6441,HIGH,CRITICAL,datanode_service,Resource Exhaustion,Resource Exhaustion | Memory Pressure | Service Degradation | Network Congestion | Disk Bottleneck | Software Fault,CPU=87.9% | Memory=82.6% | ResponseTime=1619ms | Latency=533ms | DiskIO=141.6MB/s | Errors=4.9,6,87.92761904761905,82.63095238095238,1619.4942857142855,533.3771428571429,141.56476190476192,4.857142857142857,3
blk_5246468989352172544,0.6441,HIGH,CRITICAL,packet_responder,Resource Exhaustion,Resource Exhaustion | Memory Pressure | Service Degradation | Network Congestion | Disk Bottleneck | Software Fault,CPU=83.2% | Memory=83.5% | ResponseTime=2006ms | Latency=549ms | DiskIO=146.5MB/s | Errors=5.2,6,83.15153846153846,83.51230769230769,2006.2261538461537,548.9,146.5376923076923,5.230769230769231,3
blk_-3491891920384739314,0.644,HIGH,CRITICAL,packet_responder,Resource Exhaustion,Resource Exhaustion | Memory Pressure | Service Degradation | Network Congestion | Disk Bottleneck | Software Fault,CPU=83.9% | Memory=80.5% | ResponseTime=1739ms | Latency=604ms | DiskIO=119.5MB/s | Errors=4.6,6,83.93214285714285,80.485,1738.9685714285715,604.1800000000001,119.54357142857144,4.642857142857143,3
blk_-2930340164474214859,0.644,HIGH,CRITICAL,datanode_service,Resource Exhaustion,Resource Exhaustion | Memory Pressure | Service Degradation | Network Congestion | Disk Bottleneck | Software Fault,CPU=90.8% | Memory=81.7% | ResponseTime=1604ms | Latency=633ms | DiskIO=150.0MB/s | Errors=5.5,6,90.81,81.66499999999999,1603.7424999999998,633.1525,150.04250000000002,5.5,1
blk_8817374089832812292,0.6437,HIGH,CRITICAL,packet_responder,Resource Exhaustion,Resource Exhaustion | Memory Pressure | Service Degradation | Network Congestion | Disk Bottleneck | Software Fault,CPU=85.5% | Memory=84.5% | ResponseTime=1671ms | Latency=555ms | DiskIO=147.6MB/s | Errors=4.8,6,85.45538461538462,84.51846153846154,1671.054615384615,554.5384615384615,147.62846153846155,4.769230769230769,3
blk_-4936991203579918599,0.6436,HIGH,CRITICAL,datanode_service,Resource Exhaustion,Resource Exhaustion | Memory Pressure | Service Degradation | Network Congestion | Disk Bottleneck | Software Fault,CPU=88.3% | Memory=77.9% | ResponseTime=1641ms | Latency=589ms | DiskIO=147.4MB/s | Errors=4.6,6,88.28238095238096,77.92857142857143,1641.078095238095,588.9533333333334,147.37809523809523,4.619047619047619,3
blk_7231490463136154050,0.6435,HIGH,CRITICAL,datanode_service,Resource Exhaustion,Resource Exhaustion | Memory Pressure | Service Degradation | Network Congestion | Disk Bottleneck | Software Fault,CPU=95.8% | Memory=73.7% | ResponseTime=2248ms | Latency=586ms | DiskIO=148.2MB/s | Errors=6.5,6,95.755,73.685,2247.675,585.8050000000001,148.245,6.5,0
blk_8247865030743054179,0.6435,HIGH,CRITICAL,datanode_service,Resource Exhaustion,Resource Exhaustion | Memory Pressure | Service Degradation | Network Congestion | Disk Bottleneck | Software Fault,CPU=92.5% | Memory=82.5% | ResponseTime=2108ms | Latency=539ms | DiskIO=164.3MB/s | Errors=5.0,6,92.55,82.465,2107.715,538.915,164.31,5.0,0
blk_-8021098271939041706,0.6435,HIGH,CRITICAL,packet_responder,Resource Exhaustion,Resource Exhaustion | Memory Pressure | Service Degradation | Network Congestion | Disk Bottleneck | Software Fault,CPU=91.9% | Memory=81.8% | ResponseTime=1555ms | Latency=635ms | DiskIO=129.9MB/s | Errors=4.5,6,91.85692307692308,81.82461538461538,1554.5976923076923,635.1800000000001,129.93307692307692,4.538461538461538,3
blk_-3786622355776043781,0.6434,HIGH,CRITICAL,datanode_service,Resource Exhaustion,Resource Exhaustion | Memory Pressure | Service Degradation | Network Congestion | Disk Bottleneck | Software Fault,CPU=85.2% | Memory=83.7% | ResponseTime=1603ms | Latency=568ms | DiskIO=136.4MB/s | Errors=4.9,6,85.24904761904762,83.67333333333333,1602.987142857143,568.3504761904762,136.4347619047619,4.904761904761905,3
blk_6280632558962916839,0.6431,HIGH,CRITICAL,datanode_service,Resource Exhaustion,Resource Exhaustion | Memory Pressure | Service Degradation | Network Congestion | Disk Bottleneck | Software Fault,CPU=83.9% | Memory=84.0% | ResponseTime=2087ms | Latency=596ms | DiskIO=123.5MB/s | Errors=5.8,6,83.93,84.0,2086.95,595.79,123.4675,5.75,1
blk_6006300655294348209,0.643,HIGH,CRITICAL,datanode_service,Resource Exhaustion,Resource Exhaustion | Memory Pressure | Service Degradation | Network Congestion | Disk Bottleneck | Software Fault,CPU=81.7% | Memory=84.4% | ResponseTime=2178ms | Latency=685ms | DiskIO=112.8MB/s | Errors=5.8,6,81.69749999999999,84.3975,2178.47,684.5475,112.8325,5.75,1
blk_7083269273053581679,0.6429,HIGH,CRITICAL,datanode_service,Resource Exhaustion,Resource Exhaustion | Memory Pressure | Service Degradation | Network Congestion | Disk Bottleneck | Software Fault,CPU=90.1% | Memory=86.4% | ResponseTime=1777ms | Latency=532ms | DiskIO=141.3MB/s | Errors=4.5,6,90.1425,86.3775,1776.67,531.92,141.3225,4.5,1
blk_8701833450529760976,0.6427,HIGH,CRITICAL,packet_responder,Resource Exhaustion,Resource Exhaustion | Memory Pressure | Service Degradation | Network Congestion | Disk Bottleneck | Software Fault,CPU=85.7% | Memory=84.6% | ResponseTime=1632ms | Latency=611ms | DiskIO=139.7MB/s | Errors=4.3,6,85.67461538461538,84.55846153846154,1631.8707692307692,610.7353846153846,139.70384615384617,4.307692307692308,3
blk_758568217791342090,0.6425,HIGH,CRITICAL,packet_responder,Resource Exhaustion,Resource Exhaustion | Memory Pressure | Service Degradation | Network Congestion | Disk Bottleneck | Software Fault,CPU=84.6% | Memory=84.1% | ResponseTime=1839ms | Latency=584ms | DiskIO=141.4MB/s | Errors=3.8,6,84.58769230769232,84.10153846153845,1838.9053846153847,583.5107692307693,141.43384615384616,3.8461538461538463,3
blk_6465205105110277204,0.6424,HIGH,CRITICAL,datanode_service,Resource Exhaustion,Resource Exhaustion | Memory Pressure | Service Degradation | Network Congestion | Disk Bottleneck | Software Fault,CPU=86.3% | Memory=80.0% | ResponseTime=2375ms | Latency=356ms | DiskIO=127.1MB/s | Errors=6.5,6,86.26,79.975,2375.205,356.175,127.075,6.5,0
blk_8433617337354661445,0.6424,HIGH,CRITICAL,packet_responder,Resource Exhaustion,Resource Exhaustion | Memory Pressure | Service Degradation | Network Congestion | Disk Bottleneck | Software Fault,CPU=84.9% | Memory=83.2% | ResponseTime=1660ms | Latency=578ms | DiskIO=146.5MB/s | Errors=4.1,6,84.88000000000001,83.15384615384616,1660.1584615384616,577.9361538461538,146.5069230769231,4.076923076923077,3
blk_-1684732913727585230,0.6424,HIGH,CRITICAL,datanode_service,Resource Exhaustion,Resource Exhaustion | Memory Pressure | Service Degradation | Network Congestion | Disk Bottleneck | Software Fault,CPU=85.1% | Memory=84.4% | ResponseTime=1824ms | Latency=679ms | DiskIO=127.6MB/s | Errors=4.5,6,85.14750000000001,84.435,1824.3225,678.6225,127.5525,4.5,1
blk_6287454566990794046,0.6421,HIGH,CRITICAL,datanode_service,Resource Exhaustion,Resource Exhaustion | Memory Pressure | Service Degradation | Network Congestion | Disk Bottleneck | Software Fault,CPU=88.9% | Memory=80.4% | ResponseTime=1965ms | Latency=709ms | DiskIO=129.8MB/s | Errors=5.5,6,88.93,80.4375,1965.195,709.4725,129.83,5.5,1
blk_3142633448297518675,0.642,HIGH,CRITICAL,datanode_service,Resource Exhaustion,Resource Exhaustion | Memory Pressure | Service Degradation | Network Congestion | Disk Bottleneck | Software Fault,CPU=86.0% | Memory=76.7% | ResponseTime=1766ms | Latency=739ms | DiskIO=136.6MB/s | Errors=5.2,6,86.0025,76.6925,1766.415,739.16,136.55,5.25,1
blk_8995851513578358678,0.6418,HIGH,CRITICAL,packet_responder,Resource Exhaustion,Resource Exhaustion | Memory Pressure | Service Degradation | Network Congestion | Disk Bottleneck | Software Fault,CPU=87.1% | Memory=80.6% | ResponseTime=1529ms | Latency=484ms | DiskIO=142.5MB/s | Errors=5.1,6,87.08769230769232,80.60307692307691,1529.4469230769232,483.6438461538461,142.54461538461538,5.076923076923077,3
blk_8102914646678377423,0.6418,HIGH,CRITICAL,datanode_service,Resource Exhaustion,Resource Exhaustion | Memory Pressure | Service Degradation | Network Congestion | Disk Bottleneck | Software Fault,CPU=88.4% | Memory=84.6% | ResponseTime=1927ms | Latency=554ms | DiskIO=160.0MB/s | Errors=5.5,6,88.4425,84.64,1926.7675,554.3425,160.01999999999998,5.5,1
blk_-8201301275767475179,0.6414,HIGH,CRITICAL,datanode_service,Resource Exhaustion,Resource Exhaustion | Memory Pressure | Service Degradation | Network Congestion | Disk Bottleneck | Software Fault,CPU=85.6% | Memory=85.1% | ResponseTime=1964ms | Latency=639ms | DiskIO=134.9MB/s | Errors=4.8,6,85.6,85.075,1963.6225,638.5174999999999,134.9375,4.75,1
blk_-7262436633809610909,0.6413,HIGH,CRITICAL,datanode_service,Resource Exhaustion,Resource Exhaustion | Memory Pressure | Service Degradation | Network Congestion | Disk Bottleneck | Software Fault,CPU=85.1% | Memory=79.0% | ResponseTime=1499ms | Latency=611ms | DiskIO=138.2MB/s | Errors=5.2,6,85.0875,78.99,1499.13,610.795,138.24,5.25,1
blk_8929107803467731944,0.6413,HIGH,CRITICAL,datanode_service,Resource Exhaustion,Resource Exhaustion | Memory Pressure | Service Degradation | Network Congestion | Disk Bottleneck | Software Fault,CPU=83.2% | Memory=80.8% | ResponseTime=2291ms | Latency=673ms | DiskIO=178.8MB/s | Errors=7.5,6,83.16,80.84,2291.13,673.135,178.82999999999998,7.5,0
blk_205282661281482952,0.6412,HIGH,CRITICAL,datanode_service,Resource Exhaustion,Resource Exhaustion | Memory Pressure | Service Degradation | Network Congestion | Disk Bottleneck | Software Fault,CPU=83.2% | Memory=78.2% | ResponseTime=1901ms | Latency=706ms | DiskIO=136.2MB/s | Errors=4.5,6,83.19749999999999,78.1575,1900.6225,705.515,136.2275,4.5,1
blk_3984550982366913425,0.6412,HIGH,CRITICAL,datanode_service,Resource Exhaustion,Resource Exhaustion | Memory Pressure | Service Degradation | Network Congestion | Disk Bottleneck | Software Fault,CPU=82.3% | Memory=78.7% | ResponseTime=1568ms | Latency=719ms | DiskIO=166.2MB/s | Errors=6.0,6,82.26,78.6725,1568.06,718.6,166.2125,6.0,1
blk_9119327923924313591,0.6409,HIGH,CRITICAL,packet_responder,Resource Exhaustion,Resource Exhaustion | Memory Pressure | Service Degradation | Network Congestion | Disk Bottleneck | Software Fault,CPU=84.3% | Memory=87.1% | ResponseTime=1593ms | Latency=436ms | DiskIO=139.5MB/s | Errors=4.8,6,84.29230769230769,87.06076923076922,1592.6192307692306,436.3707692307692,139.51230769230767,4.846153846153846,3
blk_7359549106786233741,0.6407,HIGH,CRITICAL,datanode_service,Resource Exhaustion,Resource Exhaustion | Memory Pressure | Service Degradation | Network Congestion | Disk Bottleneck | Software Fault,CPU=87.9% | Memory=83.7% | ResponseTime=1905ms | Latency=719ms | DiskIO=154.9MB/s | Errors=5.0,6,87.94,83.74000000000001,1904.565,718.79,154.94,5.0,0
blk_4794468109525910345,0.6406,HIGH,CRITICAL,datanode_service,Resource Exhaustion,Resource Exhaustion | Memory Pressure | Service Degradation | Network Congestion | Disk Bottleneck | Software Fault,CPU=87.0% | Memory=83.7% | ResponseTime=2417ms | Latency=710ms | DiskIO=137.3MB/s | Errors=5.2,6,86.9825,83.715,2417.175,710.0175,137.335,5.25,1
blk_8119555937840772027,0.6406,HIGH,CRITICAL,packet_responder,Resource Exhaustion,Resource Exhaustion | Memory Pressure | Service Degradation | Network Congestion | Disk Bottleneck | Software Fault,CPU=86.8% | Memory=82.5% | ResponseTime=1622ms | Latency=543ms | DiskIO=141.4MB/s | Errors=4.8,6,86.83538461538461,82.54615384615384,1622.2546153846156,543.0061538461539,141.43307692307692,4.846153846153846,3
blk_-8564559053757187153,0.6405,HIGH,CRITICAL,datanode_service,Resource Exhaustion,Resource Exhaustion | Memory Pressure | Service Degradation | Network Congestion | Disk Bottleneck | Software Fault,CPU=91.4% | Memory=86.6% | ResponseTime=2003ms | Latency=774ms | DiskIO=127.7MB/s | Errors=3.5,6,91.445,86.58,2002.9275,773.73,127.6775,3.5,1
blk_1103903302069232031,0.6405,HIGH,CRITICAL,datanode_service,Resource Exhaustion,Resource Exhaustion | Memory Pressure | Service Degradation | Network Congestion | Disk Bottleneck | Software Fault,CPU=81.1% | Memory=86.5% | ResponseTime=1504ms | Latency=661ms | DiskIO=130.5MB/s | Errors=6.5,6,81.095,86.5275,1504.495,660.585,130.45499999999998,6.5,1
blk_6793882713028812631,0.6402,HIGH,CRITICAL,packet_responder,Resource Exhaustion,Resource Exhaustion | Memory Pressure | Service Degradation | Network Congestion | Disk Bottleneck | Software Fault,CPU=83.6% | Memory=82.1% | ResponseTime=1718ms | Latency=498ms | DiskIO=146.5MB/s | Errors=4.4,6,83.56,82.0776923076923,1718.1376923076923,497.8407692307693,146.48384615384614,4.384615384615385,3
blk_-8649079734537157030,0.6401,HIGH,CRITICAL,packet_responder,Resource Exhaustion,Resource Exhaustion | Memory Pressure | Service Degradation | Network Congestion | Disk Bottleneck | Software Fault,CPU=84.7% | Memory=85.0% | ResponseTime=1867ms | Latency=547ms | DiskIO=127.7MB/s | Errors=4.1,6,84.74384615384616,84.96846153846153,1866.5084615384617,546.5969230769231,127.72384615384615,4.076923076923077,3
blk_-3311496596197668946,0.64,HIGH,CRITICAL,packet_responder,Resource Exhaustion,Resource Exhaustion | Memory Pressure | Service Degradation | Network Congestion | Disk Bottleneck | Software Fault,CPU=89.5% | Memory=84.9% | ResponseTime=1587ms | Latency=609ms | DiskIO=126.4MB/s | Errors=5.3,6,89.50384615384615,84.94846153846153,1586.8038461538465,609.4107692307692,126.37461538461538,5.307692307692308,3
blk_8760653398513218399,0.6399,HIGH,CRITICAL,packet_responder,Resource Exhaustion,Resource Exhaustion | Memory Pressure | Service Degradation | Network Congestion | Disk Bottleneck | Software Fault,CPU=86.8% | Memory=80.4% | ResponseTime=1541ms | Latency=589ms | DiskIO=144.7MB/s | Errors=4.8,6,86.81230769230768,80.39615384615385,1540.9176923076925,588.8199999999999,144.74846153846153,4.769230769230769,3
blk_-3774418488986239387,0.6396,HIGH,CRITICAL,datanode_service,Resource Exhaustion,Resource Exhaustion | Memory Pressure | Service Degradation | Network Congestion | Disk Bottleneck | Software Fault,CPU=90.1% | Memory=79.9% | ResponseTime=2019ms | Latency=462ms | DiskIO=157.1MB/s | Errors=4.8,6,90.1225,79.9,2018.58,461.5675,157.1275,4.75,1
blk_-7899838834535269316,0.6394,HIGH,CRITICAL,packet_responder,Resource Exhaustion,Resource Exhaustion | Memory Pressure | Service Degradation | Network Congestion | Disk Bottleneck | Software Fault,CPU=84.2% | Memory=80.3% | ResponseTime=1773ms | Latency=514ms | DiskIO=130.7MB/s | Errors=5.2,6,84.21538461538461,80.3423076923077,1773.1207692307692,514.2507692307693,130.66076923076923,5.230769230769231,3
blk_8813324454403027080,0.6394,HIGH,CRITICAL,packet_responder,Resource Exhaustion,Resource Exhaustion | Memory Pressure | Service Degradation | Network Congestion | Disk Bottleneck | Software Fault,CPU=84.7% | Memory=79.4% | ResponseTime=1699ms | Latency=616ms | DiskIO=121.2MB/s | Errors=5.2,6,84.73923076923076,79.40615384615384,1699.2738461538463,616.0269230769231,121.20923076923076,5.153846153846154,3
blk_1528078116812077719,0.6392,HIGH,CRITICAL,datanode_service,Resource Exhaustion,Resource Exhaustion | Memory Pressure | Service Degradation | Network Congestion | Disk Bottleneck | Software Fault | Repeated Failures,CPU=88.1% | Memory=80.4% | ResponseTime=1780ms | Latency=699ms | DiskIO=137.3MB/s | Errors=4.0 | FailedEvents=5,7,88.14875,80.41375,1780.2175,699.45125,137.2725,4.0,5
blk_1262178829919354620,0.6392,HIGH,CRITICAL,packet_responder,Resource Exhaustion,Resource Exhaustion | Memory Pressure | Service Degradation | Network Congestion | Disk Bottleneck | Software Fault,CPU=87.0% | Memory=83.8% | ResponseTime=1640ms | Latency=580ms | DiskIO=129.9MB/s | Errors=4.8,6,87.0123076923077,83.83153846153846,1639.7315384615383,580.2015384615385,129.85692307692307,4.769230769230769,3
blk_8773559995743326229,0.6391,HIGH,CRITICAL,packet_responder,Resource Exhaustion,Resource Exhaustion | Memory Pressure | Service Degradation | Network Congestion | Disk Bottleneck | Software Fault,CPU=90.9% | Memory=81.2% | ResponseTime=1657ms | Latency=547ms | DiskIO=132.0MB/s | Errors=4.8,6,90.93,81.19461538461539,1657.1853846153847,546.5130769230769,131.95538461538462,4.769230769230769,3
blk_2093688370332985110,0.639,HIGH,CRITICAL,packet_responder,Resource Exhaustion,Resource Exhaustion | Memory Pressure | Service Degradation | Network Congestion | Disk Bottleneck | Software Fault,CPU=87.4% | Memory=80.7% | ResponseTime=1666ms | Latency=554ms | DiskIO=148.5MB/s | Errors=4.9,6,87.41785714285713,80.69428571428571,1665.7685714285712,553.9442857142857,148.46071428571426,4.857142857142857,3
blk_-2529369155679304908,0.6389,HIGH,CRITICAL,datanode_service,Resource Exhaustion,Resource Exhaustion | Memory Pressure | Service Degradation | Network Congestion | Disk Bottleneck | Software Fault,CPU=92.2% | Memory=75.5% | ResponseTime=1614ms | Latency=808ms | DiskIO=134.5MB/s | Errors=4.2,6,92.23,75.49249999999999,1613.9825,808.3175,134.4875,4.25,1
blk_-1317531069481353823,0.6389,HIGH,CRITICAL,datanode_service,Resource Exhaustion,Resource Exhaustion | Memory Pressure | Service Degradation | Network Congestion | Disk Bottleneck | Software Fault,CPU=81.9% | Memory=80.4% | ResponseTime=1601ms | Latency=548ms | DiskIO=143.5MB/s | Errors=5.2,6,81.92750000000001,80.39750000000001,1601.085,547.79,143.505,5.25,1
blk_3163677143394922629,0.6388,HIGH,CRITICAL,datanode_service,Resource Exhaustion,Resource Exhaustion | Memory Pressure | Service Degradation | Network Congestion | Disk Bottleneck | Software Fault,CPU=79.2% | Memory=81.3% | ResponseTime=2252ms | Latency=527ms | DiskIO=110.9MB/s | Errors=5.0,6,79.18,81.3325,2252.31,527.485,110.9375,5.0,1
blk_-3349217882254799510,0.6387,HIGH,CRITICAL,datanode_service,Resource Exhaustion,Resource Exhaustion | Memory Pressure | Service Degradation | Network Congestion | Disk Bottleneck | Software Fault,CPU=92.3% | Memory=88.8% | ResponseTime=1699ms | Latency=530ms | DiskIO=116.0MB/s | Errors=6.0,6,92.3375,88.755,1698.95,529.74,116.015,6.0,1
blk_-2089485938716318848,0.6381,HIGH,CRITICAL,datanode_service,Resource Exhaustion,Resource Exhaustion | Memory Pressure | Service Degradation | Network Congestion | Disk Bottleneck | Software Fault,CPU=83.0% | Memory=77.8% | ResponseTime=1962ms | Latency=597ms | DiskIO=132.8MB/s | Errors=5.0,6,83.0375,77.7525,1962.4125,597.3475,132.8425,5.0,1
blk_4435740138344673695,0.6381,HIGH,CRITICAL,datanode_service,Resource Exhaustion,Resource Exhaustion | Memory Pressure | Service Degradation | Network Congestion | Disk Bottleneck | Software Fault,CPU=84.7% | Memory=79.2% | ResponseTime=1860ms | Latency=675ms | DiskIO=141.9MB/s | Errors=5.2,6,84.69,79.155,1859.6025,674.7574999999999,141.9075,5.25,1
blk_1741192313812062515,0.6381,HIGH,CRITICAL,datanode_service,Resource Exhaustion,Resource Exhaustion | Memory Pressure | Service Degradation | Network Congestion | Disk Bottleneck | Software Fault,CPU=88.1% | Memory=79.5% | ResponseTime=1105ms | Latency=697ms | DiskIO=165.1MB/s | Errors=6.2,6,88.1425,79.5175,1105.0725,697.2049999999999,165.10500000000002,6.25,1
blk_-1324101904408830949,0.6379,HIGH,CRITICAL,packet_responder,Resource Exhaustion,Resource Exhaustion | Memory Pressure | Service Degradation | Network Congestion | Disk Bottleneck | Software Fault,CPU=84.9% | Memory=81.6% | ResponseTime=1834ms | Latency=554ms | DiskIO=148.4MB/s | Errors=5.7,6,84.90923076923076,81.59692307692308,1833.9584615384613,553.6069230769231,148.3576923076923,5.6923076923076925,3
blk_2968504659039077677,0.6377,HIGH,CRITICAL,datanode_service,Resource Exhaustion,Resource Exhaustion | Memory Pressure | Service Degradation | Network Congestion | Disk Bottleneck | Software Fault,CPU=81.2% | Memory=84.6% | ResponseTime=1350ms | Latency=606ms | DiskIO=160.9MB/s | Errors=7.2,6,81.1775,84.5675,1350.2775,606.0725,160.885,7.25,1
blk_8318715057179023964,0.6372,HIGH,CRITICAL,packet_responder,Resource Exhaustion,Resource Exhaustion | Memory Pressure | Service Degradation | Network Congestion | Disk Bottleneck | Software Fault,CPU=89.6% | Memory=80.8% | ResponseTime=1830ms | Latency=517ms | DiskIO=122.9MB/s | Errors=4.1,6,89.61769230769231,80.77153846153846,1829.5246153846156,517.17,122.8546153846154,4.076923076923077,3
blk_-754929256039278923,0.637,HIGH,CRITICAL,packet_responder,Resource Exhaustion,Resource Exhaustion | Memory Pressure | Service Degradation | Network Congestion | Disk Bottleneck | Software Fault,CPU=89.3% | Memory=86.2% | ResponseTime=1737ms | Latency=541ms | DiskIO=149.5MB/s | Errors=4.7,6,89.30692307692308,86.21692307692307,1737.4192307692308,541.41,149.47153846153844,4.6923076923076925,3
blk_3283523978626586443,0.637,HIGH,CRITICAL,datanode_service,Resource Exhaustion,Resource Exhaustion | Memory Pressure | Service Degradation | Network Congestion | Disk Bottleneck | Software Fault,CPU=91.7% | Memory=81.6% | ResponseTime=2089ms | Latency=683ms | DiskIO=166.2MB/s | Errors=5.0,6,91.6625,81.5825,2089.16,682.77,166.1575,5.0,1
blk_-8022522760077409920,0.6368,HIGH,CRITICAL,packet_responder,Resource Exhaustion,Resource Exhaustion | Memory Pressure | Service Degradation | Network Congestion | Disk Bottleneck | Software Fault,CPU=87.7% | Memory=81.4% | ResponseTime=1856ms | Latency=600ms | DiskIO=143.2MB/s | Errors=4.5,6,87.66307692307691,81.4,1856.4446153846152,599.5607692307692,143.23615384615383,4.461538461538462,3
blk_8441115285408070385,0.6367,HIGH,CRITICAL,packet_responder,Resource Exhaustion,Resource Exhaustion | Memory Pressure | Service Degradation | Network Congestion | Disk Bottleneck | Software Fault,CPU=89.4% | Memory=83.2% | ResponseTime=1700ms | Latency=605ms | DiskIO=146.2MB/s | Errors=4.5,6,89.36999999999999,83.16307692307691,1699.61,605.2507692307693,146.15307692307692,4.538461538461538,3
blk_9145141077235292320,0.6365,HIGH,CRITICAL,packet_responder,Resource Exhaustion,Resource Exhaustion | Memory Pressure | Service Degradation | Network Congestion | Disk Bottleneck | Software Fault,CPU=87.2% | Memory=78.0% | ResponseTime=1617ms | Latency=625ms | DiskIO=145.7MB/s | Errors=4.4,6,87.19999999999999,78.00076923076924,1617.1523076923077,625.2892307692308,145.73999999999998,4.384615384615385,3
blk_-1038144984524972313,0.6365,HIGH,CRITICAL,packet_responder,Resource Exhaustion,Resource Exhaustion | Memory Pressure | Service Degradation | Network Congestion | Disk Bottleneck | Software Fault,CPU=89.4% | Memory=81.6% | ResponseTime=1819ms | Latency=513ms | DiskIO=130.1MB/s | Errors=4.8,6,89.40615384615384,81.63076923076923,1818.7046153846156,512.5438461538462,130.1376923076923,4.769230769230769,3
blk_6332309741995759323,0.6362,HIGH,CRITICAL,datanode_service,Resource Exhaustion,Resource Exhaustion | Memory Pressure | Service Degradation | Network Congestion | Disk Bottleneck | Software Fault,CPU=79.9% | Memory=79.7% | ResponseTime=1926ms | Latency=503ms | DiskIO=128.6MB/s | Errors=5.0,6,79.9125,79.69749999999999,1926.15,503.165,128.5625,5.0,1
blk_591782491993940359,0.6359,HIGH,CRITICAL,datanode_service,Resource Exhaustion,Resource Exhaustion | Memory Pressure | Service Degradation | Network Congestion | Disk Bottleneck | Software Fault,CPU=84.4% | Memory=84.5% | ResponseTime=1852ms | Latency=714ms | DiskIO=140.8MB/s | Errors=4.5,6,84.36,84.545,1851.9375,714.2049999999999,140.795,4.5,1
blk_-9136899640657293877,0.6359,HIGH,CRITICAL,datanode_service,Resource Exhaustion,Resource Exhaustion | Memory Pressure | Service Degradation | Network Congestion | Disk Bottleneck | Software Fault,CPU=85.7% | Memory=79.3% | ResponseTime=1903ms | Latency=686ms | DiskIO=140.2MB/s | Errors=5.0,6,85.7425,79.335,1902.93,685.87,140.1625,5.0,1
blk_8408125361497769001,0.6358,HIGH,CRITICAL,packet_responder,Resource Exhaustion,Resource Exhaustion | Memory Pressure | Service Degradation | Network Congestion | Disk Bottleneck | Software Fault,CPU=88.1% | Memory=82.8% | ResponseTime=1458ms | Latency=637ms | DiskIO=128.6MB/s | Errors=4.8,6,88.11615384615385,82.79384615384615,1458.4769230769232,637.1746153846154,128.56384615384616,4.769230769230769,3
blk_-5992332328632546117,0.6358,HIGH,CRITICAL,datanode_service,Resource Exhaustion,Resource Exhaustion | Memory Pressure | Service Degradation | Network Congestion | Disk Bottleneck | Software Fault,CPU=88.1% | Memory=83.9% | ResponseTime=2094ms | Latency=817ms | DiskIO=133.5MB/s | Errors=6.0,6,88.1,83.93,2094.37,817.09,133.545,6.0,0
blk_-6018186350118238472,0.6356,HIGH,CRITICAL,datanode_service,Resource Exhaustion,Resource Exhaustion | Memory Pressure | Service Degradation | Network Congestion | Disk Bottleneck | Software Fault,CPU=78.5% | Memory=81.1% | ResponseTime=2533ms | Latency=754ms | DiskIO=172.0MB/s | Errors=4.0,6,78.52,81.11000000000001,2533.29,753.8199999999999,172.0,4.0,0
blk_-6647013615384775418,0.6355,HIGH,CRITICAL,datanode_service,Resource Exhaustion,Resource Exhaustion | Memory Pressure | Service Degradation | Network Congestion | Disk Bottleneck | Software Fault,CPU=84.6% | Memory=78.0% | ResponseTime=2392ms | Latency=597ms | DiskIO=147.5MB/s | Errors=4.8,6,84.5575,78.0025,2391.9675,597.105,147.54500000000002,4.75,1
blk_8478127920305726634,0.6353,HIGH,CRITICAL,packet_responder,Resource Exhaustion,Resource Exhaustion | Memory Pressure | Service Degradation | Network Congestion | Disk Bottleneck | Software Fault,CPU=83.3% | Memory=79.9% | ResponseTime=1732ms | Latency=575ms | DiskIO=153.2MB/s | Errors=4.6,6,83.34615384615384,79.86153846153846,1732.2315384615383,574.9538461538461,153.2076923076923,4.615384615384615,3
blk_6316261222004809306,0.6349,HIGH,CRITICAL,datanode_service,Resource Exhaustion,Resource Exhaustion | Memory Pressure | Service Degradation | Network Congestion | Disk Bottleneck | Software Fault,CPU=81.1% | Memory=79.9% | ResponseTime=1727ms | Latency=633ms | DiskIO=129.1MB/s | Errors=7.2,6,81.1225,79.925,1726.9225,633.4200000000001,129.0675,7.25,1
blk_-8188730556182299562,0.6348,HIGH,CRITICAL,datanode_service,Resource Exhaustion,Resource Exhaustion | Memory Pressure | Service Degradation | Network Congestion | Disk Bottleneck | Software Fault,CPU=87.0% | Memory=82.3% | ResponseTime=1928ms | Latency=490ms | DiskIO=136.1MB/s | Errors=6.0,6,87.045,82.285,1927.93,489.8525,136.1125,6.0,1
blk_2807705456346362092,0.6346,HIGH,CRITICAL,datanode_service,Resource Exhaustion,Resource Exhaustion | Memory Pressure | Service Degradation | Network Congestion | Disk Bottleneck | Software Fault,CPU=86.9% | Memory=80.5% | ResponseTime=1599ms | Latency=562ms | DiskIO=148.4MB/s | Errors=7.2,6,86.86,80.53999999999999,1598.7475,561.8775,148.42000000000002,7.25,1
blk_-1780565608686923167,0.6346,HIGH,CRITICAL,datanode_service,Resource Exhaustion,Resource Exhaustion | Memory Pressure | Service Degradation | Network Congestion | Disk Bottleneck | Software Fault,CPU=90.2% | Memory=81.8% | ResponseTime=1770ms | Latency=757ms | DiskIO=130.1MB/s | Errors=4.2,6,90.1575,81.8075,1770.4125,756.97,130.0975,4.25,1
blk_6989619773987002189,0.6341,HIGH,CRITICAL,datanode_service,Resource Exhaustion,Resource Exhaustion | Memory Pressure | Service Degradation | Network Congestion | Disk Bottleneck | Software Fault,CPU=82.1% | Memory=81.8% | ResponseTime=2387ms | Latency=587ms | DiskIO=146.9MB/s | Errors=4.5,6,82.05250000000001,81.775,2387.38,586.7775,146.945,4.5,1
blk_-7654398471919781887,0.6341,HIGH,CRITICAL,packet_responder,Resource Exhaustion,Resource Exhaustion | Memory Pressure | Service Degradation | Network Congestion | Disk Bottleneck | Software Fault,CPU=86.5% | Memory=84.9% | ResponseTime=1568ms | Latency=617ms | DiskIO=139.3MB/s | Errors=4.7,6,86.4923076923077,84.94846153846153,1568.2807692307692,617.0223076923077,139.3,4.6923076923076925,3
blk_3671420799811003589,0.6339,HIGH,CRITICAL,packet_responder,Resource Exhaustion,Resource Exhaustion | Memory Pressure | Service Degradation | Network Congestion | Disk Bottleneck | Software Fault,CPU=85.6% | Memory=79.8% | ResponseTime=1578ms | Latency=661ms | DiskIO=126.2MB/s | Errors=4.6,6,85.64692307692309,79.78846153846153,1578.3661538461538,661.0792307692308,126.19153846153846,4.615384615384615,3
blk_3487794640353474247,0.6339,HIGH,CRITICAL,datanode_service,Resource Exhaustion,Resource Exhaustion | Memory Pressure | Service Degradation | Network Congestion | Disk Bottleneck | Software Fault,CPU=90.7% | Memory=85.7% | ResponseTime=1725ms | Latency=731ms | DiskIO=112.3MB/s | Errors=6.0,6,90.74,85.745,1725.065,731.0799999999999,112.315,6.0,0
blk_-5877627550783716190,0.6338,HIGH,CRITICAL,datanode_service,Resource Exhaustion,Resource Exhaustion | Memory Pressure | Service Degradation | Network Congestion | Disk Bottleneck | Software Fault,CPU=92.8% | Memory=86.6% | ResponseTime=2391ms | Latency=630ms | DiskIO=131.9MB/s | Errors=4.0,6,92.835,86.555,2391.205,630.0250000000001,131.92000000000002,4.0,0
blk_5718141819990195216,0.6338,HIGH,CRITICAL,packet_responder,Resource Exhaustion,Resource Exhaustion | Memory Pressure | Service Degradation | Network Congestion | Disk Bottleneck | Software Fault,CPU=84.7% | Memory=82.6% | ResponseTime=1865ms | Latency=659ms | DiskIO=125.2MB/s | Errors=4.2,6,84.69999999999999,82.63307692307693,1865.210769230769,659.4784615384615,125.1676923076923,4.230769230769231,3
blk_-4337268123135733800,0.6333,HIGH,CRITICAL,datanode_service,Resource Exhaustion,Resource Exhaustion | Memory Pressure | Service Degradation | Network Congestion | Disk Bottleneck | Software Fault,CPU=92.5% | Memory=84.5% | ResponseTime=2079ms | Latency=552ms | DiskIO=127.0MB/s | Errors=5.0,6,92.535,84.53999999999999,2078.585,552.2225,126.9825,5.0,1
blk_8552552787596618126,0.6328,HIGH,CRITICAL,packet_responder,Resource Exhaustion,Resource Exhaustion | Memory Pressure | Service Degradation | Network Congestion | Disk Bottleneck | Software Fault,CPU=78.7% | Memory=81.6% | ResponseTime=1503ms | Latency=590ms | DiskIO=142.1MB/s | Errors=4.8,6,78.73769230769231,81.58692307692309,1502.5638461538465,589.6307692307693,142.0523076923077,4.769230769230769,3
blk_9201186293149821635,0.6327,HIGH,CRITICAL,packet_responder,Resource Exhaustion,Resource Exhaustion | Memory Pressure | Service Degradation | Network Congestion | Disk Bottleneck | Software Fault | Repeated Failures,CPU=88.2% | Memory=79.5% | ResponseTime=1604ms | Latency=554ms | DiskIO=140.0MB/s | Errors=4.8 | FailedEvents=4,7,88.17642857142857,79.465,1603.7728571428572,553.6835714285714,139.96642857142857,4.785714285714286,4
blk_-6184709296803905340,0.6326,HIGH,CRITICAL,datanode_service,Resource Exhaustion,Resource Exhaustion | Memory Pressure | Service Degradation | Network Congestion | Disk Bottleneck | Software Fault,CPU=88.6% | Memory=86.4% | ResponseTime=2241ms | Latency=602ms | DiskIO=139.4MB/s | Errors=4.2,6,88.5775,86.375,2241.335,601.755,139.35750000000002,4.25,1
blk_2373244896005672719,0.6326,HIGH,CRITICAL,datanode_service,Resource Exhaustion,Resource Exhaustion | Memory Pressure | Service Degradation | Network Congestion | Disk Bottleneck | Software Fault,CPU=91.7% | Memory=84.1% | ResponseTime=1450ms | Latency=658ms | DiskIO=110.1MB/s | Errors=7.0,6,91.685,84.115,1449.78,658.245,110.1,7.0,0
blk_-8324579574091739564,0.6325,HIGH,CRITICAL,packet_responder,Resource Exhaustion,Resource Exhaustion | Memory Pressure | Service Degradation | Network Congestion | Disk Bottleneck | Software Fault,CPU=82.8% | Memory=79.3% | ResponseTime=1795ms | Latency=584ms | DiskIO=141.9MB/s | Errors=4.9,6,82.80076923076923,79.3076923076923,1795.4746153846156,584.0838461538461,141.89923076923077,4.923076923076923,3
blk_271745319033279389,0.6324,HIGH,CRITICAL,datanode_service,Resource Exhaustion,Resource Exhaustion | Memory Pressure | Service Degradation | Network Congestion | Disk Bottleneck | Software Fault,CPU=85.4% | Memory=79.8% | ResponseTime=1977ms | Latency=577ms | DiskIO=147.2MB/s | Errors=5.2,6,85.44749999999999,79.815,1977.14,576.6975,147.1875,5.25,1
blk_8631321807354316128,0.6323,HIGH,CRITICAL,datanode_service,Resource Exhaustion,Resource Exhaustion | Memory Pressure | Service Degradation | Network Congestion | Disk Bottleneck | Software Fault,CPU=88.1% | Memory=76.2% | ResponseTime=2037ms | Latency=665ms | DiskIO=126.6MB/s | Errors=6.0,6,88.075,76.1925,2037.1575,664.5925,126.5825,6.0,1
blk_-2195201456641508025,0.6318,HIGH,CRITICAL,datanode_service,Resource Exhaustion,Resource Exhaustion | Memory Pressure | Service Degradation | Network Congestion | Disk Bottleneck | Software Fault,CPU=86.5% | Memory=76.7% | ResponseTime=1797ms | Latency=520ms | DiskIO=137.4MB/s | Errors=5.8,6,86.4525,76.665,1796.78,519.81,137.43,5.75,1
blk_-1108184482987490622,0.6317,HIGH,CRITICAL,datanode_service,Resource Exhaustion,Resource Exhaustion | Memory Pressure | Service Degradation | Network Congestion | Disk Bottleneck | Software Fault,CPU=88.0% | Memory=81.9% | ResponseTime=1509ms | Latency=648ms | DiskIO=153.1MB/s | Errors=4.8,6,88.0475,81.945,1509.3775,648.05,153.105,4.75,1
blk_-8618647428938759086,0.6317,HIGH,CRITICAL,packet_responder,Resource Exhaustion,Resource Exhaustion | Memory Pressure | Service Degradation | Network Congestion | Disk Bottleneck | Software Fault,CPU=87.2% | Memory=80.0% | ResponseTime=1780ms | Latency=642ms | DiskIO=146.3MB/s | Errors=4.3,6,87.20692307692308,80.0123076923077,1779.57,642.3015384615385,146.29615384615383,4.307692307692308,3
blk_3802049914037350889,0.6316,HIGH,CRITICAL,datanode_service,Resource Exhaustion,Resource Exhaustion | Memory Pressure | Service Degradation | Network Congestion | Disk Bottleneck | Software Fault,CPU=82.0% | Memory=84.7% | ResponseTime=1817ms | Latency=646ms | DiskIO=159.1MB/s | Errors=4.8,6,81.965,84.725,1816.925,645.81,159.095,4.75,1
blk_-7418519047272044126,0.6314,HIGH,CRITICAL,datanode_service,Resource Exhaustion,Resource Exhaustion | Memory Pressure | Service Degradation | Network Congestion | Disk Bottleneck | Software Fault,CPU=87.8% | Memory=89.7% | ResponseTime=1787ms | Latency=656ms | DiskIO=115.8MB/s | Errors=3.2,6,87.7725,89.6975,1786.7975,655.745,115.815,3.25,1
blk_-3941153900006219579,0.6311,HIGH,CRITICAL,packet_responder,Resource Exhaustion,Resource Exhaustion | Memory Pressure | Service Degradation | Network Congestion | Disk Bottleneck | Software Fault,CPU=87.0% | Memory=85.4% | ResponseTime=1405ms | Latency=606ms | DiskIO=135.7MB/s | Errors=4.0,6,87.01923076923077,85.39307692307692,1405.1084615384616,605.993076923077,135.66230769230768,4.0,3
blk_-4551173224667890797,0.6311,HIGH,CRITICAL,datanode_service,Resource Exhaustion,Resource Exhaustion | Memory Pressure | Service Degradation | Network Congestion | Disk Bottleneck | Software Fault,CPU=96.7% | Memory=78.5% | ResponseTime=2136ms | Latency=595ms | DiskIO=156.7MB/s | Errors=5.5,6,96.71,78.53,2136.3050000000003,594.895,156.745,5.5,0
blk_5968902635091344769,0.6308,HIGH,CRITICAL,packet_responder,Resource Exhaustion,Resource Exhaustion | Memory Pressure | Service Degradation | Network Congestion | Disk Bottleneck | Software Fault | Repeated Failures,CPU=83.3% | Memory=83.0% | ResponseTime=1603ms | Latency=560ms | DiskIO=151.8MB/s | Errors=4.9 | FailedEvents=4,7,83.33133333333333,83.01466666666667,1603.318,559.8233333333334,151.764,4.933333333333334,4
blk_1653637982679132034,0.6308,HIGH,CRITICAL,packet_responder,Resource Exhaustion,Resource Exhaustion | Memory Pressure | Service Degradation | Network Congestion | Disk Bottleneck | Software Fault,CPU=85.2% | Memory=81.1% | ResponseTime=1491ms | Latency=593ms | DiskIO=139.3MB/s | Errors=5.3,6,85.16071428571429,81.10285714285715,1490.5285714285717,593.2264285714285,139.2757142857143,5.285714285714286,3
blk_-8999438212211448205,0.6306,HIGH,CRITICAL,datanode_service,Resource Exhaustion,Resource Exhaustion | Memory Pressure | Service Degradation | Network Congestion | Disk Bottleneck | Software Fault,CPU=81.9% | Memory=87.7% | ResponseTime=1531ms | Latency=673ms | DiskIO=153.3MB/s | Errors=4.8,6,81.9325,87.66,1531.0375,672.5775,153.29000000000002,4.75,1
blk_-4584260656075541553,0.6306,HIGH,CRITICAL,datanode_service,Resource Exhaustion,Resource Exhaustion | Memory Pressure | Service Degradation | Network Congestion | Disk Bottleneck | Software Fault,CPU=91.6% | Memory=81.0% | ResponseTime=2244ms | Latency=606ms | DiskIO=159.1MB/s | Errors=3.8,6,91.555,80.975,2244.0175,605.6949999999999,159.0775,3.75,1
blk_4537596391424820563,0.6298,HIGH,CRITICAL,datanode_service,Resource Exhaustion,Resource Exhaustion | Memory Pressure | Service Degradation | Network Congestion | Disk Bottleneck | Software Fault,CPU=92.2% | Memory=82.1% | ResponseTime=2387ms | Latency=702ms | DiskIO=144.6MB/s | Errors=5.0,6,92.23,82.065,2387.225,701.98,144.565,5.0,0
blk_-6713734174088294147,0.6296,HIGH,CRITICAL,datanode_service,Resource Exhaustion,Resource Exhaustion | Memory Pressure | Service Degradation | Network Congestion | Disk Bottleneck | Software Fault,CPU=89.8% | Memory=75.9% | ResponseTime=1722ms | Latency=515ms | DiskIO=141.4MB/s | Errors=5.0,6,89.78,75.92500000000001,1722.3525,514.58,141.3825,5.0,1
blk_-1968007884603578540,0.6296,HIGH,CRITICAL,packet_responder,Resource Exhaustion,Resource Exhaustion | Memory Pressure | Service Degradation | Network Congestion | Disk Bottleneck | Software Fault,CPU=85.0% | Memory=83.3% | ResponseTime=1480ms | Latency=520ms | DiskIO=146.0MB/s | Errors=4.8,6,84.96846153846153,83.28923076923077,1479.5276923076924,519.6992307692308,145.95076923076925,4.846153846153846,3
blk_853407874764231492,0.6295,HIGH,CRITICAL,datanode_service,Resource Exhaustion,Resource Exhaustion | Memory Pressure | Service Degradation | Network Congestion | Disk Bottleneck | Software Fault,CPU=92.5% | Memory=78.8% | ResponseTime=1586ms | Latency=649ms | DiskIO=139.7MB/s | Errors=5.2,6,92.4775,78.7975,1585.9525,649.3675000000001,139.7475,5.25,1
blk_407032352860161541,0.6288,HIGH,CRITICAL,packet_responder,Resource Exhaustion,Resource Exhaustion | Memory Pressure | Service Degradation | Network Congestion | Disk Bottleneck | Software Fault,CPU=85.3% | Memory=80.6% | ResponseTime=1651ms | Latency=565ms | DiskIO=141.7MB/s | Errors=4.3,6,85.26923076923077,80.58153846153846,1651.2584615384617,564.8007692307692,141.74615384615385,4.307692307692308,3
blk_2271144854580363063,0.6283,HIGH,CRITICAL,datanode_service,Resource Exhaustion,Resource Exhaustion | Memory Pressure | Service Degradation | Network Congestion | Disk Bottleneck | Software Fault,CPU=87.7% | Memory=81.5% | ResponseTime=1716ms | Latency=456ms | DiskIO=132.2MB/s | Errors=4.4,6,87.69117647058823,81.49470588235295,1715.654705882353,455.824705882353,132.24823529411765,4.352941176470588,3
blk_1344575558593443180,0.6282,HIGH,CRITICAL,datanode_service,Resource Exhaustion,Resource Exhaustion | Memory Pressure | Service Degradation | Network Congestion | Disk Bottleneck | Software Fault,CPU=85.0% | Memory=85.3% | ResponseTime=1856ms | Latency=504ms | DiskIO=121.7MB/s | Errors=4.8,6,84.95,85.265,1855.515,503.925,121.735,4.75,1
blk_2110452663381380680,0.6278,HIGH,CRITICAL,datanode_service,Resource Exhaustion,Resource Exhaustion | Memory Pressure | Service Degradation | Network Congestion | Disk Bottleneck | Software Fault,CPU=88.2% | Memory=81.4% | ResponseTime=1846ms | Latency=413ms | DiskIO=166.2MB/s | Errors=4.8,6,88.25,81.3975,1845.51,412.7875,166.2,4.75,1
blk_-4194977335586343802,0.6274,HIGH,CRITICAL,datanode_service,Resource Exhaustion,Resource Exhaustion | Memory Pressure | Service Degradation | Network Congestion | Disk Bottleneck | Software Fault,CPU=88.0% | Memory=80.7% | ResponseTime=1969ms | Latency=658ms | DiskIO=172.8MB/s | Errors=6.0,6,87.98,80.66999999999999,1969.38,658.04,172.75,6.0,0
blk_-4042524783231775851,0.6273,HIGH,CRITICAL,datanode_service,Resource Exhaustion,Resource Exhaustion | Memory Pressure | Service Degradation | Network Congestion | Disk Bottleneck | Software Fault,CPU=88.8% | Memory=80.4% | ResponseTime=1832ms | Latency=540ms | DiskIO=128.7MB/s | Errors=5.8,6,88.7675,80.35000000000001,1832.115,539.7575,128.6525,5.75,1
blk_-4947327318483033747,0.6273,HIGH,CRITICAL,datanode_service,Resource Exhaustion,Resource Exhaustion | Memory Pressure | Service Degradation | Network Congestion | Disk Bottleneck | Software Fault,CPU=89.8% | Memory=81.9% | ResponseTime=1769ms | Latency=595ms | DiskIO=132.6MB/s | Errors=5.0,6,89.8425,81.8575,1768.8275,594.79,132.63,5.0,1
blk_8137896293132792722,0.627,HIGH,CRITICAL,packet_responder,Resource Exhaustion,Resource Exhaustion | Memory Pressure | Service Degradation | Network Congestion | Disk Bottleneck | Software Fault | Repeated Failures,CPU=83.4% | Memory=85.2% | ResponseTime=1431ms | Latency=537ms | DiskIO=143.0MB/s | Errors=4.9 | FailedEvents=4,7,83.375,85.22571428571429,1430.777142857143,536.9464285714286,143.04857142857142,4.857142857142857,4
blk_-1716295386405014363,0.627,HIGH,CRITICAL,datanode_service,Resource Exhaustion,Resource Exhaustion | Memory Pressure | Service Degradation | Network Congestion | Disk Bottleneck | Software Fault,CPU=84.0% | Memory=82.8% | ResponseTime=1793ms | Latency=651ms | DiskIO=154.4MB/s | Errors=5.2,6,84.035,82.765,1792.8525,651.4,154.395,5.25,1
blk_-2480612019307236259,0.627,HIGH,CRITICAL,datanode_service,Resource Exhaustion,Resource Exhaustion | Memory Pressure | Service Degradation | Network Congestion | Disk Bottleneck | Software Fault,CPU=86.1% | Memory=78.6% | ResponseTime=1557ms | Latency=667ms | DiskIO=128.8MB/s | Errors=4.8,6,86.1375,78.5575,1556.9575,667.13,128.805,4.75,1
blk_6338689099612909114,0.627,HIGH,CRITICAL,datanode_service,Resource Exhaustion,Resource Exhaustion | Memory Pressure | Service Degradation | Network Congestion | Disk Bottleneck | Software Fault,CPU=92.8% | Memory=84.6% | ResponseTime=1947ms | Latency=473ms | DiskIO=150.7MB/s | Errors=5.5,6,92.7725,84.61,1946.605,472.7875,150.715,5.5,1
blk_2220798356678254299,0.6268,HIGH,CRITICAL,packet_responder,Resource Exhaustion,Resource Exhaustion | Memory Pressure | Service Degradation | Network Congestion | Disk Bottleneck | Software Fault,CPU=86.4% | Memory=82.9% | ResponseTime=1630ms | Latency=538ms | DiskIO=139.7MB/s | Errors=4.5,6,86.41846153846154,82.93615384615386,1629.9053846153847,537.85,139.6646153846154,4.538461538461538,3
blk_2825249954782671004,0.6263,HIGH,CRITICAL,datanode_service,Resource Exhaustion,Resource Exhaustion | Memory Pressure | Service Degradation | Network Congestion | Disk Bottleneck | Software Fault,CPU=94.9% | Memory=76.8% | ResponseTime=2580ms | Latency=569ms | DiskIO=136.8MB/s | Errors=5.5,6,94.885,76.78,2579.965,568.8499999999999,136.8,5.5,0
blk_8044289387765169497,0.6261,HIGH,CRITICAL,datanode_service,Resource Exhaustion,Resource Exhaustion | Memory Pressure | Service Degradation | Network Congestion | Disk Bottleneck | Software Fault,CPU=91.6% | Memory=82.2% | ResponseTime=2010ms | Latency=510ms | DiskIO=116.7MB/s | Errors=5.0,6,91.6,82.2375,2010.235,510.03,116.7075,5.0,1
blk_-4022095888911092324,0.626,HIGH,CRITICAL,datanode_service,Resource Exhaustion,Resource Exhaustion | Memory Pressure | Service Degradation | Network Congestion | Disk Bottleneck | Software Fault,CPU=85.7% | Memory=86.0% | ResponseTime=1643ms | Latency=606ms | DiskIO=145.6MB/s | Errors=6.8,6,85.6525,85.99,1643.435,605.895,145.6275,6.75,1
blk_-3048100091565287612,0.626,HIGH,CRITICAL,datanode_service,Resource Exhaustion,Resource Exhaustion | Memory Pressure | Service Degradation | Network Congestion | Disk Bottleneck | Software Fault,CPU=81.3% | Memory=91.1% | ResponseTime=1738ms | Latency=768ms | DiskIO=156.5MB/s | Errors=4.2,6,81.305,91.105,1738.3850000000002,767.8825,156.505,4.25,1
blk_-5951427403294880640,0.6257,HIGH,CRITICAL,datanode_service,Resource Exhaustion,Resource Exhaustion | Memory Pressure | Service Degradation | Network Congestion | Disk Bottleneck | Software Fault,CPU=88.5% | Memory=79.2% | ResponseTime=1562ms | Latency=581ms | DiskIO=128.7MB/s | Errors=5.2,6,88.4725,79.16,1562.03,581.355,128.6525,5.25,1
blk_-487160497666132,0.6254,HIGH,CRITICAL,datanode_service,Resource Exhaustion,Resource Exhaustion | Memory Pressure | Service Degradation | Network Congestion | Disk Bottleneck | Software Fault,CPU=90.0% | Memory=82.4% | ResponseTime=1886ms | Latency=464ms | DiskIO=133.7MB/s | Errors=6.2,6,89.9575,82.3725,1886.0225,464.0425,133.7,6.25,1
blk_-3008838330397640928,0.625,HIGH,CRITICAL,datanode_service,Resource Exhaustion,Resource Exhaustion | Memory Pressure | Service Degradation | Network Congestion | Disk Bottleneck | Software Fault,CPU=84.6% | Memory=90.3% | ResponseTime=1815ms | Latency=429ms | DiskIO=159.0MB/s | Errors=6.5,6,84.56,90.26,1814.725,429.225,159.01999999999998,6.5,0
blk_-4837096499693162103,0.625,HIGH,CRITICAL,packet_responder,Resource Exhaustion,Resource Exhaustion | Memory Pressure | Service Degradation | Network Congestion | Disk Bottleneck | Software Fault,CPU=83.3% | Memory=80.5% | ResponseTime=1744ms | Latency=537ms | DiskIO=131.5MB/s | Errors=4.7,6,83.33,80.51307692307692,1744.2046153846154,537.05,131.49615384615385,4.6923076923076925,3
blk_8301241074209159290,0.6242,HIGH,CRITICAL,packet_responder,Resource Exhaustion,Resource Exhaustion | Memory Pressure | Service Degradation | Network Congestion | Disk Bottleneck | Software Fault,CPU=86.6% | Memory=81.3% | ResponseTime=1515ms | Latency=570ms | DiskIO=147.8MB/s | Errors=4.6,6,86.64153846153846,81.28307692307693,1515.4361538461535,570.1623076923078,147.8353846153846,4.615384615384615,3
blk_-7102656572485588452,0.6241,HIGH,CRITICAL,datanode_service,Resource Exhaustion,Resource Exhaustion | Memory Pressure | Service Degradation | Network Congestion | Disk Bottleneck | Software Fault,CPU=89.5% | Memory=78.7% | ResponseTime=1994ms | Latency=751ms | DiskIO=153.4MB/s | Errors=5.5,6,89.52,78.72,1993.91,751.1925,153.355,5.5,1
blk_3354507336576497025,0.624,HIGH,CRITICAL,datanode_service,Resource Exhaustion,Resource Exhaustion | Memory Pressure | Service Degradation | Network Congestion | Disk Bottleneck | Software Fault,CPU=92.0% | Memory=79.7% | ResponseTime=2105ms | Latency=420ms | DiskIO=145.9MB/s | Errors=4.0,6,91.9675,79.73,2105.285,419.7775,145.8675,4.0,1
blk_2117488916090595969,0.624,HIGH,CRITICAL,datanode_service,Resource Exhaustion,Resource Exhaustion | Memory Pressure | Service Degradation | Network Congestion | Disk Bottleneck | Software Fault,CPU=83.6% | Memory=80.2% | ResponseTime=2081ms | Latency=469ms | DiskIO=150.9MB/s | Errors=6.5,6,83.6075,80.185,2080.88,468.815,150.8525,6.5,1
blk_1724937431375222475,0.624,HIGH,CRITICAL,datanode_service,Resource Exhaustion,Resource Exhaustion | Memory Pressure | Service Degradation | Network Congestion | Disk Bottleneck | Software Fault,CPU=84.2% | Memory=80.3% | ResponseTime=2150ms | Latency=598ms | DiskIO=144.2MB/s | Errors=4.2,6,84.2125,80.3325,2149.58,598.355,144.25,4.25,1
blk_-4112386892632996202,0.624,HIGH,CRITICAL,datanode_service,Resource Exhaustion,Resource Exhaustion | Memory Pressure | Service Degradation | Network Congestion | Disk Bottleneck | Software Fault,CPU=92.4% | Memory=82.9% | ResponseTime=1978ms | Latency=570ms | DiskIO=147.0MB/s | Errors=5.5,6,92.405,82.89500000000001,1977.5875,570.45,146.965,5.5,1
blk_4230609434284949069,0.6234,HIGH,CRITICAL,datanode_service,Resource Exhaustion,Resource Exhaustion | Memory Pressure | Service Degradation | Network Congestion | Disk Bottleneck | Software Fault,CPU=93.6% | Memory=85.7% | ResponseTime=1596ms | Latency=483ms | DiskIO=182.4MB/s | Errors=5.5,6,93.56,85.69,1596.035,483.33,182.415,5.5,0
blk_-911884192120662511,0.6233,HIGH,CRITICAL,datanode_service,Resource Exhaustion,Resource Exhaustion | Memory Pressure | Service Degradation | Network Congestion | Disk Bottleneck | Software Fault,CPU=79.3% | Memory=82.0% | ResponseTime=1670ms | Latency=705ms | DiskIO=113.6MB/s | Errors=4.0,6,79.2675,81.9575,1670.3674999999998,704.5625,113.64,4.0,1
blk_-8863479332351297536,0.6232,HIGH,CRITICAL,datanode_service,Resource Exhaustion,Resource Exhaustion | Memory Pressure | Service Degradation | Network Congestion | Disk Bottleneck | Software Fault,CPU=88.1% | Memory=79.6% | ResponseTime=1892ms | Latency=665ms | DiskIO=141.6MB/s | Errors=5.2,6,88.1225,79.5525,1891.685,665.315,141.64249999999998,5.25,1
blk_7831919108202308910,0.6229,HIGH,CRITICAL,packet_responder,Resource Exhaustion,Resource Exhaustion | Memory Pressure | Service Degradation | Network Congestion | Disk Bottleneck | Software Fault,CPU=87.2% | Memory=83.6% | ResponseTime=1562ms | Latency=445ms | DiskIO=150.2MB/s | Errors=5.2,6,87.16538461538462,83.60307692307691,1561.6623076923076,444.7092307692308,150.17846153846153,5.230769230769231,3
blk_5117560431568819895,0.6229,HIGH,CRITICAL,datanode_service,Resource Exhaustion,Resource Exhaustion | Memory Pressure | Service Degradation | Network Congestion | Disk Bottleneck | Software Fault,CPU=88.5% | Memory=80.7% | ResponseTime=1728ms | Latency=633ms | DiskIO=142.7MB/s | Errors=5.8,6,88.47999999999999,80.6875,1728.4725,632.6075000000001,142.66,5.75,1
blk_-5491873062414252108,0.6228,HIGH,CRITICAL,datanode_service,Resource Exhaustion,Resource Exhaustion | Memory Pressure | Service Degradation | Network Congestion | Disk Bottleneck | Software Fault,CPU=81.9% | Memory=79.1% | ResponseTime=1829ms | Latency=567ms | DiskIO=135.9MB/s | Errors=5.2,6,81.865,79.05250000000001,1828.95,567.1949999999999,135.865,5.25,1
blk_-7559937180832454328,0.6227,HIGH,CRITICAL,datanode_service,Resource Exhaustion,Resource Exhaustion | Memory Pressure | Service Degradation | Network Congestion | Disk Bottleneck | Software Fault,CPU=82.4% | Memory=82.7% | ResponseTime=2006ms | Latency=572ms | DiskIO=131.6MB/s | Errors=4.2,6,82.3875,82.6625,2005.7375,572.085,131.57999999999998,4.25,1
blk_-2609147762147790302,0.6225,HIGH,CRITICAL,datanode_service,Resource Exhaustion,Resource Exhaustion | Memory Pressure | Service Degradation | Network Congestion | Disk Bottleneck | Software Fault,CPU=84.9% | Memory=84.2% | ResponseTime=1694ms | Latency=497ms | DiskIO=134.5MB/s | Errors=6.0,6,84.89,84.1625,1693.6225,497.475,134.54,6.0,1
blk_7819129300327159896,0.622,HIGH,CRITICAL,datanode_service,Resource Exhaustion,Resource Exhaustion | Memory Pressure | Service Degradation | Network Congestion | Disk Bottleneck | Software Fault,CPU=87.0% | Memory=83.5% | ResponseTime=1590ms | Latency=582ms | DiskIO=132.2MB/s | Errors=4.5,6,87.03999999999999,83.49000000000001,1590.3625,581.9325,132.21,4.5,1
blk_-8179807294142860118,0.6218,HIGH,CRITICAL,datanode_service,Resource Exhaustion,Resource Exhaustion | Memory Pressure | Service Degradation | Network Congestion | Disk Bottleneck | Software Fault,CPU=89.1% | Memory=77.7% | ResponseTime=1841ms | Latency=542ms | DiskIO=154.5MB/s | Errors=5.0,6,89.1375,77.7125,1840.965,542.3525,154.4825,5.0,1
blk_7745330378458307842,0.6216,HIGH,CRITICAL,datanode_service,Resource Exhaustion,Resource Exhaustion | Memory Pressure | Service Degradation | Network Congestion | Disk Bottleneck | Software Fault,CPU=87.2% | Memory=81.4% | ResponseTime=1494ms | Latency=774ms | DiskIO=140.3MB/s | Errors=5.2,6,87.195,81.3975,1493.705,773.6875,140.27,5.25,1
blk_-6996084489890024533,0.6216,HIGH,CRITICAL,datanode_service,Resource Exhaustion,Resource Exhaustion | Memory Pressure | Service Degradation | Network Congestion | Disk Bottleneck | Software Fault,CPU=91.5% | Memory=78.5% | ResponseTime=1915ms | Latency=688ms | DiskIO=157.9MB/s | Errors=4.8,6,91.4775,78.5475,1914.78,687.5799999999999,157.8525,4.75,1
blk_-6961843286363273274,0.6215,HIGH,CRITICAL,datanode_service,Resource Exhaustion,Resource Exhaustion | Memory Pressure | Service Degradation | Network Congestion | Disk Bottleneck | Software Fault,CPU=90.8% | Memory=70.7% | ResponseTime=1992ms | Latency=603ms | DiskIO=147.8MB/s | Errors=6.5,6,90.84,70.7,1992.41,602.5899999999999,147.805,6.5,0
blk_26775638343638960,0.6214,HIGH,CRITICAL,datanode_service,Resource Exhaustion,Resource Exhaustion | Memory Pressure | Service Degradation | Network Congestion | Disk Bottleneck | Software Fault,CPU=86.0% | Memory=87.5% | ResponseTime=1738ms | Latency=571ms | DiskIO=146.7MB/s | Errors=4.5,6,85.97,87.5275,1738.075,570.5625,146.74,4.5,1
blk_8063535103049531959,0.6214,HIGH,CRITICAL,datanode_service,Resource Exhaustion,Resource Exhaustion | Memory Pressure | Service Degradation | Network Congestion | Disk Bottleneck | Software Fault,CPU=86.4% | Memory=78.4% | ResponseTime=1466ms | Latency=709ms | DiskIO=180.8MB/s | Errors=5.5,6,86.4075,78.3925,1465.81,709.425,180.7975,5.5,1
blk_-385937896569494609,0.6213,HIGH,CRITICAL,datanode_service,Resource Exhaustion,Resource Exhaustion | Memory Pressure | Service Degradation | Network Congestion | Disk Bottleneck | Software Fault,CPU=85.6% | Memory=78.6% | ResponseTime=2042ms | Latency=574ms | DiskIO=126.9MB/s | Errors=8.0,6,85.63499999999999,78.62,2041.585,574.23,126.88,8.0,0
blk_-7405973914924392768,0.6211,HIGH,CRITICAL,datanode_service,Resource Exhaustion,Resource Exhaustion | Memory Pressure | Service Degradation | Network Congestion | Disk Bottleneck | Software Fault,CPU=91.9% | Memory=87.6% | ResponseTime=1608ms | Latency=676ms | DiskIO=130.4MB/s | Errors=4.5,6,91.905,87.6,1607.5825,676.2425000000001,130.385,4.5,1
blk_1388420868461627042,0.621,HIGH,CRITICAL,datanode_service,Resource Exhaustion,Resource Exhaustion | Memory Pressure | Service Degradation | Network Congestion | Disk Bottleneck | Software Fault,CPU=82.8% | Memory=75.3% | ResponseTime=1755ms | Latency=514ms | DiskIO=144.0MB/s | Errors=4.5,6,82.8275,75.3375,1754.8625,513.8225,144.0275,4.5,1
blk_8340692875528334536,0.6206,HIGH,CRITICAL,packet_responder,Resource Exhaustion,Resource Exhaustion | Memory Pressure | Service Degradation | Network Congestion | Disk Bottleneck | Software Fault,CPU=85.5% | Memory=81.4% | ResponseTime=1888ms | Latency=557ms | DiskIO=129.6MB/s | Errors=3.9,6,85.52461538461537,81.38461538461539,1887.8307692307687,557.4853846153846,129.58384615384614,3.923076923076923,3
blk_-2744247700942793927,0.6204,HIGH,CRITICAL,datanode_service,Resource Exhaustion,Resource Exhaustion | Memory Pressure | Service Degradation | Network Congestion | Disk Bottleneck | Software Fault,CPU=81.4% | Memory=85.3% | ResponseTime=1902ms | Latency=656ms | DiskIO=105.5MB/s | Errors=4.8,6,81.4125,85.2725,1902.195,656.34,105.52,4.75,1
blk_-5801094294076202747,0.6203,HIGH,CRITICAL,datanode_service,Resource Exhaustion,Resource Exhaustion | Memory Pressure | Service Degradation | Network Congestion | Disk Bottleneck | Software Fault,CPU=88.5% | Memory=77.4% | ResponseTime=2421ms | Latency=518ms | DiskIO=162.0MB/s | Errors=4.0,6,88.45,77.39,2420.6925,518.0525,162.03,4.0,1
blk_5467892827260232521,0.6201,HIGH,CRITICAL,datanode_service,Resource Exhaustion,Resource Exhaustion | Memory Pressure | Service Degradation | Network Congestion | Disk Bottleneck | Software Fault,CPU=84.1% | Memory=82.4% | ResponseTime=1931ms | Latency=747ms | DiskIO=131.1MB/s | Errors=5.8,6,84.07499999999999,82.42,1930.8975,747.495,131.06,5.75,1
blk_-2265952034166766747,0.6201,HIGH,CRITICAL,datanode_service,Resource Exhaustion,Resource Exhaustion | Memory Pressure | Service Degradation | Network Congestion | Disk Bottleneck | Software Fault,CPU=87.0% | Memory=83.9% | ResponseTime=1573ms | Latency=718ms | DiskIO=123.3MB/s | Errors=5.2,6,87.0425,83.9125,1572.7025,718.2775,123.305,5.25,1
blk_-6834015457148538846,0.62,HIGH,CRITICAL,datanode_service,Resource Exhaustion,Resource Exhaustion | Memory Pressure | Service Degradation | Network Congestion | Disk Bottleneck | Software Fault,CPU=82.3% | Memory=80.7% | ResponseTime=2594ms | Latency=473ms | DiskIO=143.7MB/s | Errors=4.8,6,82.315,80.745,2593.85,473.115,143.71,4.75,1
blk_-6605146256926483806,0.6197,HIGH,CRITICAL,datanode_service,Resource Exhaustion,Resource Exhaustion | Memory Pressure | Service Degradation | Network Congestion | Disk Bottleneck | Software Fault,CPU=89.9% | Memory=79.2% | ResponseTime=2034ms | Latency=486ms | DiskIO=170.1MB/s | Errors=6.5,6,89.88499999999999,79.215,2033.515,486.08,170.10000000000002,6.5,0
blk_8448900153780491480,0.6197,HIGH,CRITICAL,packet_responder,Resource Exhaustion,Resource Exhaustion | Memory Pressure | Service Degradation | Network Congestion | Disk Bottleneck | Software Fault,CPU=90.4% | Memory=79.0% | ResponseTime=1607ms | Latency=628ms | DiskIO=134.5MB/s | Errors=5.1,6,90.41,78.95538461538462,1607.1715384615384,628.0192307692307,134.5346153846154,5.076923076923077,3
blk_4232494165565767371,0.6197,HIGH,CRITICAL,datanode_service,Resource Exhaustion,Resource Exhaustion | Memory Pressure | Service Degradation | Network Congestion | Disk Bottleneck | Software Fault,CPU=95.0% | Memory=75.4% | ResponseTime=1731ms | Latency=549ms | DiskIO=113.7MB/s | Errors=5.5,6,95.05,75.43,1731.38,549.3100000000001,113.715,5.5,0
blk_7942115772871938769,0.6196,HIGH,CRITICAL,datanode_service,Resource Exhaustion,Resource Exhaustion | Memory Pressure | Service Degradation | Network Congestion | Disk Bottleneck | Software Fault,CPU=80.6% | Memory=77.5% | ResponseTime=1809ms | Latency=559ms | DiskIO=147.0MB/s | Errors=5.5,6,80.63,77.5025,1808.8,559.1525,146.975,5.5,1
blk_7917860261241434874,0.6192,HIGH,CRITICAL,datanode_service,Resource Exhaustion,Resource Exhaustion | Memory Pressure | Service Degradation | Network Congestion | Disk Bottleneck | Software Fault,CPU=85.8% | Memory=86.4% | ResponseTime=1645ms | Latency=532ms | DiskIO=128.3MB/s | Errors=6.2,6,85.85,86.39750000000001,1645.3725,531.64,128.2625,6.25,1
blk_-2329982107536894279,0.619,HIGH,CRITICAL,datanode_service,Resource Exhaustion,Resource Exhaustion | Memory Pressure | Service Degradation | Network Congestion | Disk Bottleneck | Software Fault,CPU=83.5% | Memory=83.1% | ResponseTime=1608ms | Latency=606ms | DiskIO=170.3MB/s | Errors=4.5,6,83.4725,83.065,1607.59,606.4975,170.2575,4.5,1
blk_-6684976192663192400,0.6183,HIGH,CRITICAL,datanode_service,Resource Exhaustion,Resource Exhaustion | Memory Pressure | Service Degradation | Network Congestion | Disk Bottleneck | Software Fault,CPU=88.8% | Memory=76.9% | ResponseTime=1522ms | Latency=831ms | DiskIO=127.5MB/s | Errors=6.2,6,88.785,76.895,1522.4975,831.3325,127.495,6.25,1
blk_5467211672120810815,0.6178,HIGH,CRITICAL,datanode_service,Resource Exhaustion,Resource Exhaustion | Memory Pressure | Service Degradation | Network Congestion | Disk Bottleneck | Software Fault,CPU=94.1% | Memory=79.3% | ResponseTime=1879ms | Latency=713ms | DiskIO=120.5MB/s | Errors=4.5,6,94.145,79.345,1879.405,713.3199999999999,120.51,4.5,0
blk_-2142616664642640778,0.6177,HIGH,CRITICAL,packet_responder,Resource Exhaustion,Resource Exhaustion | Memory Pressure | Service Degradation | Network Congestion | Disk Bottleneck | Software Fault,CPU=86.5% | Memory=80.5% | ResponseTime=1587ms | Latency=575ms | DiskIO=143.0MB/s | Errors=4.8,6,86.53,80.52538461538461,1587.4046153846152,574.8569230769231,142.97538461538463,4.846153846153846,3
blk_-4545616840149886590,0.6173,HIGH,CRITICAL,packet_responder,Resource Exhaustion,Resource Exhaustion | Memory Pressure | Service Degradation | Network Congestion | Disk Bottleneck | Software Fault,CPU=84.0% | Memory=77.4% | ResponseTime=1826ms | Latency=545ms | DiskIO=133.0MB/s | Errors=5.2,6,84.00538461538461,77.38000000000001,1826.492307692308,544.5730769230769,132.98615384615383,5.153846153846154,3
blk_6754707516336992424,0.6172,HIGH,CRITICAL,datanode_service,Resource Exhaustion,Resource Exhaustion | Memory Pressure | Service Degradation | Network Congestion | Disk Bottleneck | Software Fault,CPU=91.4% | Memory=81.9% | ResponseTime=1246ms | Latency=930ms | DiskIO=126.4MB/s | Errors=4.2,6,91.4475,81.8575,1246.1625,930.36,126.425,4.25,1
blk_-4050861768087366698,0.6172,HIGH,CRITICAL,datanode_service,Resource Exhaustion,Resource Exhaustion | Memory Pressure | Service Degradation | Network Congestion | Disk Bottleneck | Software Fault,CPU=81.8% | Memory=81.1% | ResponseTime=1964ms | Latency=828ms | DiskIO=151.5MB/s | Errors=5.0,6,81.825,81.07499999999999,1963.5950000000005,827.715,151.54500000000002,5.0,0
blk_7449437767257922180,0.617,HIGH,CRITICAL,datanode_service,Resource Exhaustion,Resource Exhaustion | Memory Pressure | Service Degradation | Network Congestion | Disk Bottleneck | Software Fault,CPU=90.8% | Memory=77.2% | ResponseTime=1913ms | Latency=550ms | DiskIO=126.1MB/s | Errors=5.2,6,90.775,77.17999999999999,1913.24,549.6175000000001,126.0775,5.25,1
blk_7850099720162595783,0.617,HIGH,CRITICAL,datanode_service,Resource Exhaustion,Resource Exhaustion | Memory Pressure | Service Degradation | Network Congestion | Disk Bottleneck | Software Fault,CPU=89.3% | Memory=81.6% | ResponseTime=2337ms | Latency=577ms | DiskIO=141.0MB/s | Errors=4.0,6,89.265,81.57,2336.875,577.49,140.985,4.0,0
blk_-3159929400569406739,0.6168,HIGH,CRITICAL,datanode_service,Resource Exhaustion,Resource Exhaustion | Memory Pressure | Service Degradation | Network Congestion | Disk Bottleneck | Software Fault,CPU=89.3% | Memory=86.8% | ResponseTime=1704ms | Latency=743ms | DiskIO=107.5MB/s | Errors=4.2,6,89.265,86.7625,1703.875,743.485,107.45,4.25,1
blk_6038766982378399427,0.6167,HIGH,CRITICAL,packet_responder,Resource Exhaustion,Resource Exhaustion | Memory Pressure | Service Degradation | Network Congestion | Disk Bottleneck | Software Fault,CPU=84.3% | Memory=78.3% | ResponseTime=1605ms | Latency=504ms | DiskIO=132.4MB/s | Errors=4.2,6,84.34153846153846,78.26615384615386,1604.9030769230772,504.2884615384616,132.3923076923077,4.230769230769231,3
blk_-3436549335889744100,0.6163,HIGH,CRITICAL,datanode_service,Resource Exhaustion,Resource Exhaustion | Memory Pressure | Service Degradation | Network Congestion | Disk Bottleneck | Software Fault,CPU=92.3% | Memory=80.4% | ResponseTime=1791ms | Latency=450ms | DiskIO=117.1MB/s | Errors=5.5,6,92.3075,80.355,1790.9475,449.73,117.14,5.5,1
blk_-5149120948524721004,0.6163,HIGH,CRITICAL,datanode_service,Resource Exhaustion,Resource Exhaustion | Memory Pressure | Service Degradation | Network Congestion | Disk Bottleneck | Software Fault,CPU=88.3% | Memory=82.3% | ResponseTime=1804ms | Latency=662ms | DiskIO=141.4MB/s | Errors=5.5,6,88.3425,82.2825,1803.525,661.5925,141.4375,5.5,1
blk_-7931296853613072235,0.6162,HIGH,CRITICAL,packet_responder,Resource Exhaustion,Resource Exhaustion | Memory Pressure | Service Degradation | Network Congestion | Disk Bottleneck | Software Fault,CPU=85.8% | Memory=79.9% | ResponseTime=1481ms | Latency=605ms | DiskIO=125.9MB/s | Errors=4.2,6,85.81076923076922,79.92307692307692,1480.9253846153845,604.5438461538462,125.92307692307692,4.230769230769231,3
blk_7976374953602198954,0.616,HIGH,CRITICAL,datanode_service,Resource Exhaustion,Resource Exhaustion | Memory Pressure | Service Degradation | Network Congestion | Disk Bottleneck | Software Fault,CPU=80.3% | Memory=78.5% | ResponseTime=2039ms | Latency=865ms | DiskIO=127.4MB/s | Errors=5.8,6,80.28,78.51,2038.925,864.645,127.3975,5.75,1
blk_-1708587463726840983,0.6159,HIGH,CRITICAL,packet_responder,Resource Exhaustion,Resource Exhaustion | Memory Pressure | Service Degradation | Network Congestion | Disk Bottleneck | Software Fault,CPU=88.5% | Memory=79.8% | ResponseTime=1718ms | Latency=504ms | DiskIO=136.0MB/s | Errors=4.5,6,88.4876923076923,79.84461538461538,1717.936153846154,503.8015384615385,136.00230769230768,4.538461538461538,3
blk_4103989447336173713,0.6159,HIGH,CRITICAL,datanode_service,Resource Exhaustion,Resource Exhaustion | Memory Pressure | Service Degradation | Network Congestion | Disk Bottleneck | Software Fault,CPU=90.0% | Memory=88.0% | ResponseTime=1850ms | Latency=699ms | DiskIO=128.5MB/s | Errors=3.5,6,89.99,88.03999999999999,1849.735,698.59,128.53,3.5,0
blk_-2115597501358204339,0.6156,HIGH,CRITICAL,datanode_service,Resource Exhaustion,Resource Exhaustion | Memory Pressure | Service Degradation | Network Congestion | Disk Bottleneck | Software Fault,CPU=81.3% | Memory=89.6% | ResponseTime=1425ms | Latency=875ms | DiskIO=128.0MB/s | Errors=3.2,6,81.335,89.63,1425.3775,874.8975,127.96,3.25,1
blk_-6912844329441453361,0.6154,HIGH,CRITICAL,datanode_service,Resource Exhaustion,Resource Exhaustion | Memory Pressure | Service Degradation | Network Congestion | Disk Bottleneck | Software Fault,CPU=89.2% | Memory=73.1% | ResponseTime=1786ms | Latency=790ms | DiskIO=167.5MB/s | Errors=7.0,6,89.215,73.105,1785.675,790.185,167.52999999999997,7.0,0
blk_-1452527758108990578,0.6153,HIGH,CRITICAL,datanode_service,Resource Exhaustion,Resource Exhaustion | Memory Pressure | Service Degradation | Network Congestion | Disk Bottleneck | Software Fault,CPU=90.2% | Memory=83.3% | ResponseTime=1672ms | Latency=743ms | DiskIO=186.8MB/s | Errors=4.0,6,90.15,83.28,1671.58,742.97,186.8,4.0,0
blk_3662628695837082582,0.6153,HIGH,CRITICAL,datanode_service,Resource Exhaustion,Resource Exhaustion | Memory Pressure | Service Degradation | Network Congestion | Disk Bottleneck | Software Fault,CPU=87.1% | Memory=81.1% | ResponseTime=2042ms | Latency=644ms | DiskIO=127.1MB/s | Errors=5.0,6,87.1,81.125,2042.005,644.15,127.145,5.0,0
blk_5679116148552733957,0.6152,HIGH,CRITICAL,datanode_service,Resource Exhaustion,Resource Exhaustion | Memory Pressure | Service Degradation | Network Congestion | Disk Bottleneck | Software Fault,CPU=87.2% | Memory=79.7% | ResponseTime=1800ms | Latency=750ms | DiskIO=151.3MB/s | Errors=4.5,6,87.1625,79.7325,1800.0275,750.005,151.34,4.5,1
blk_-4066832237214470415,0.6151,HIGH,CRITICAL,datanode_service,Resource Exhaustion,Resource Exhaustion | Memory Pressure | Service Degradation | Network Congestion | Disk Bottleneck | Software Fault,CPU=89.9% | Memory=79.7% | ResponseTime=1705ms | Latency=470ms | DiskIO=150.3MB/s | Errors=4.8,6,89.92,79.6875,1705.3825000000002,470.1950000000001,150.3225,4.75,1
blk_3228013171659194424,0.615,HIGH,CRITICAL,datanode_service,Resource Exhaustion,Resource Exhaustion | Memory Pressure | Service Degradation | Network Congestion | Disk Bottleneck | Software Fault,CPU=92.8% | Memory=81.0% | ResponseTime=1462ms | Latency=739ms | DiskIO=135.6MB/s | Errors=4.0,6,92.8475,81.0025,1461.995,739.0575,135.565,4.0,1
blk_3418996237981684032,0.6149,HIGH,CRITICAL,datanode_service,Resource Exhaustion,Resource Exhaustion | Memory Pressure | Service Degradation | Network Congestion | Disk Bottleneck | Software Fault,CPU=85.4% | Memory=86.1% | ResponseTime=1741ms | Latency=661ms | DiskIO=164.6MB/s | Errors=4.5,6,85.37,86.0925,1741.3025,661.0425,164.6025,4.5,1
blk_852183849014645335,0.6146,HIGH,CRITICAL,datanode_service,Resource Exhaustion,Resource Exhaustion | Memory Pressure | Service Degradation | Network Congestion | Disk Bottleneck | Software Fault,CPU=88.0% | Memory=83.2% | ResponseTime=1916ms | Latency=524ms | DiskIO=169.5MB/s | Errors=6.5,6,88.045,83.17,1915.7225,524.41,169.465,6.5,1
blk_-7739571688111520125,0.6143,HIGH,CRITICAL,datanode_service,Resource Exhaustion,Resource Exhaustion | Memory Pressure | Service Degradation | Network Congestion | Disk Bottleneck | Software Fault,CPU=97.3% | Memory=72.1% | ResponseTime=1729ms | Latency=564ms | DiskIO=153.7MB/s | Errors=6.5,6,97.33,72.05000000000001,1729.2050000000002,564.2,153.68,6.5,0
blk_-9168090043600027496,0.614,HIGH,CRITICAL,datanode_service,Resource Exhaustion,Resource Exhaustion | Memory Pressure | Service Degradation | Network Congestion | Disk Bottleneck | Software Fault,CPU=88.2% | Memory=78.2% | ResponseTime=1824ms | Latency=675ms | DiskIO=129.5MB/s | Errors=5.5,6,88.19749999999999,78.16250000000001,1824.39,674.6775,129.475,5.5,1
blk_5178884748775783411,0.6138,HIGH,CRITICAL,datanode_service,Resource Exhaustion,Resource Exhaustion | Memory Pressure | Service Degradation | Network Congestion | Disk Bottleneck | Software Fault,CPU=85.9% | Memory=78.6% | ResponseTime=1473ms | Latency=668ms | DiskIO=156.0MB/s | Errors=5.2,6,85.935,78.645,1473.3675,667.875,156.0275,5.25,1
blk_5604331794115692767,0.6138,HIGH,CRITICAL,datanode_service,Resource Exhaustion,Resource Exhaustion | Memory Pressure | Service Degradation | Network Congestion | Disk Bottleneck | Software Fault,CPU=89.9% | Memory=89.1% | ResponseTime=1653ms | Latency=657ms | DiskIO=123.6MB/s | Errors=5.0,6,89.88,89.12,1652.505,656.6600000000001,123.645,5.0,0
blk_-3060969009058971133,0.6137,HIGH,CRITICAL,datanode_service,Resource Exhaustion,Resource Exhaustion | Memory Pressure | Service Degradation | Network Congestion | Disk Bottleneck | Software Fault,CPU=81.4% | Memory=79.1% | ResponseTime=2319ms | Latency=622ms | DiskIO=127.0MB/s | Errors=6.5,6,81.375,79.11,2319.1400000000003,621.87,127.02,6.5,0
blk_-1543389774493068012,0.6136,HIGH,CRITICAL,datanode_service,Resource Exhaustion,Resource Exhaustion | Memory Pressure | Service Degradation | Network Congestion | Disk Bottleneck | Software Fault,CPU=87.0% | Memory=79.6% | ResponseTime=2097ms | Latency=665ms | DiskIO=153.2MB/s | Errors=5.2,6,86.97749999999999,79.61,2096.8050000000003,664.8,153.2175,5.25,1
blk_-8818836468975795986,0.6136,HIGH,CRITICAL,datanode_service,Resource Exhaustion,Resource Exhaustion | Memory Pressure | Service Degradation | Network Congestion | Disk Bottleneck | Software Fault,CPU=77.2% | Memory=87.2% | ResponseTime=2255ms | Latency=615ms | DiskIO=135.8MB/s | Errors=5.8,6,77.2175,87.155,2255.0025,615.4675,135.7875,5.75,1
blk_4423128029576346005,0.6136,HIGH,CRITICAL,datanode_service,Resource Exhaustion,Resource Exhaustion | Memory Pressure | Service Degradation | Network Congestion | Disk Bottleneck | Software Fault,CPU=83.9% | Memory=80.5% | ResponseTime=1951ms | Latency=824ms | DiskIO=141.2MB/s | Errors=5.0,6,83.88,80.45,1950.62,823.575,141.20499999999998,5.0,0
blk_97166147087111921,0.6135,HIGH,CRITICAL,datanode_service,Resource Exhaustion,Resource Exhaustion | Memory Pressure | Service Degradation | Network Congestion | Disk Bottleneck | Software Fault,CPU=88.1% | Memory=83.8% | ResponseTime=1534ms | Latency=595ms | DiskIO=136.9MB/s | Errors=5.0,6,88.06,83.8225,1533.9575,595.1125000000001,136.93,5.0,1
blk_8687300722271711987,0.6132,HIGH,CRITICAL,packet_responder,Resource Exhaustion,Resource Exhaustion | Memory Pressure | Service Degradation | Network Congestion | Disk Bottleneck | Software Fault,CPU=85.2% | Memory=81.1% | ResponseTime=1559ms | Latency=633ms | DiskIO=143.6MB/s | Errors=4.9,6,85.24615384615385,81.10153846153845,1558.6753846153845,632.7538461538461,143.63538461538462,4.923076923076923,3
blk_5232027448653519530,0.6131,HIGH,CRITICAL,datanode_service,Resource Exhaustion,Resource Exhaustion | Memory Pressure | Service Degradation | Network Congestion | Disk Bottleneck | Software Fault,CPU=90.3% | Memory=83.3% | ResponseTime=1220ms | Latency=736ms | DiskIO=130.3MB/s | Errors=6.2,6,90.3275,83.305,1219.8,736.3675000000001,130.2525,6.25,1
blk_2903270600911141227,0.6131,HIGH,CRITICAL,datanode_service,Resource Exhaustion,Resource Exhaustion | Memory Pressure | Service Degradation | Network Congestion | Disk Bottleneck | Software Fault,CPU=89.2% | Memory=86.4% | ResponseTime=1815ms | Latency=374ms | DiskIO=163.0MB/s | Errors=4.8,6,89.2,86.39750000000001,1814.935,373.6025,163.0,4.75,1
blk_-2806392838173367292,0.613,HIGH,CRITICAL,datanode_service,Resource Exhaustion,Resource Exhaustion | Memory Pressure | Service Degradation | Network Congestion | Disk Bottleneck | Software Fault,CPU=78.8% | Memory=82.9% | ResponseTime=2069ms | Latency=672ms | DiskIO=147.0MB/s | Errors=5.8,6,78.83,82.935,2068.8575,671.5225,146.95999999999998,5.75,1
blk_-3000203287955847711,0.6129,HIGH,CRITICAL,datanode_service,Resource Exhaustion,Resource Exhaustion | Memory Pressure | Service Degradation | Network Congestion | Disk Bottleneck | Software Fault,CPU=86.1% | Memory=80.3% | ResponseTime=1689ms | Latency=484ms | DiskIO=149.0MB/s | Errors=6.0,6,86.0975,80.25999999999999,1689.3075,484.0625,148.965,6.0,1
blk_-30639162771126691,0.6129,HIGH,CRITICAL,datanode_service,Resource Exhaustion,Resource Exhaustion | Memory Pressure | Service Degradation | Network Congestion | Disk Bottleneck | Software Fault,CPU=87.9% | Memory=86.4% | ResponseTime=1887ms | Latency=537ms | DiskIO=155.5MB/s | Errors=4.5,6,87.8575,86.395,1886.5675,536.5600000000001,155.495,4.5,1
blk_-4128039772379906447,0.6128,HIGH,CRITICAL,datanode_service,Resource Exhaustion,Resource Exhaustion | Memory Pressure | Service Degradation | Network Congestion | Disk Bottleneck | Software Fault,CPU=89.8% | Memory=76.9% | ResponseTime=1679ms | Latency=562ms | DiskIO=155.0MB/s | Errors=6.2,6,89.8175,76.9425,1678.9375,562.0625,155.045,6.25,1
blk_1540682700808261265,0.6126,HIGH,CRITICAL,datanode_service,Resource Exhaustion,Resource Exhaustion | Memory Pressure | Service Degradation | Network Congestion | Disk Bottleneck | Software Fault,CPU=79.2% | Memory=81.4% | ResponseTime=1479ms | Latency=688ms | DiskIO=118.4MB/s | Errors=6.5,6,79.17,81.425,1478.91,688.1125,118.3825,6.5,1
blk_3211379818880198801,0.6124,HIGH,CRITICAL,datanode_service,Resource Exhaustion,Resource Exhaustion | Memory Pressure | Service Degradation | Network Congestion | Disk Bottleneck | Software Fault,CPU=92.4% | Memory=80.6% | ResponseTime=2410ms | Latency=540ms | DiskIO=121.5MB/s | Errors=5.5,6,92.395,80.585,2410.445,540.085,121.535,5.5,0
blk_5667353013187618448,0.6123,HIGH,CRITICAL,datanode_service,Resource Exhaustion,Resource Exhaustion | Memory Pressure | Service Degradation | Network Congestion | Disk Bottleneck | Software Fault,CPU=89.3% | Memory=83.2% | ResponseTime=1964ms | Latency=514ms | DiskIO=161.0MB/s | Errors=4.2,6,89.3175,83.2025,1964.1775,513.6375,161.045,4.25,1
blk_6233376632750721579,0.6121,HIGH,CRITICAL,datanode_service,Resource Exhaustion,Resource Exhaustion | Memory Pressure | Service Degradation | Network Congestion | Disk Bottleneck | Software Fault,CPU=93.7% | Memory=87.0% | ResponseTime=1778ms | Latency=611ms | DiskIO=129.5MB/s | Errors=6.5,6,93.74,86.99,1777.9450000000002,611.28,129.485,6.5,0
blk_3857418716846975890,0.612,HIGH,CRITICAL,datanode_service,Resource Exhaustion,Resource Exhaustion | Memory Pressure | Service Degradation | Network Congestion | Disk Bottleneck | Software Fault,CPU=91.7% | Memory=78.8% | ResponseTime=1726ms | Latency=712ms | DiskIO=127.6MB/s | Errors=5.0,6,91.655,78.765,1725.65,712.25,127.635,5.0,0
blk_-1989706846290819475,0.6118,HIGH,CRITICAL,datanode_service,Resource Exhaustion,Resource Exhaustion | Memory Pressure | Service Degradation | Network Congestion | Disk Bottleneck | Software Fault,CPU=84.6% | Memory=88.1% | ResponseTime=2032ms | Latency=488ms | DiskIO=142.1MB/s | Errors=5.8,6,84.5975,88.0775,2032.3775,487.5225,142.14,5.75,1
blk_8184016686996902211,0.6113,HIGH,CRITICAL,packet_responder,Resource Exhaustion,Resource Exhaustion | Memory Pressure | Service Degradation | Network Congestion | Disk Bottleneck | Software Fault,CPU=82.4% | Memory=80.3% | ResponseTime=1630ms | Latency=541ms | DiskIO=140.8MB/s | Errors=4.5,6,82.38384615384615,80.33615384615383,1630.1,540.5138461538462,140.7876923076923,4.538461538461538,3
blk_7648436334209344608,0.6111,HIGH,CRITICAL,datanode_service,Resource Exhaustion,Resource Exhaustion | Memory Pressure | Service Degradation | Network Congestion | Disk Bottleneck | Software Fault,CPU=82.3% | Memory=87.6% | ResponseTime=1884ms | Latency=543ms | DiskIO=114.1MB/s | Errors=5.2,6,82.28999999999999,87.6325,1884.3575,543.3625,114.0925,5.25,1
blk_8547066074902573702,0.611,HIGH,CRITICAL,packet_responder,Resource Exhaustion,Resource Exhaustion | Memory Pressure | Service Degradation | Network Congestion | Disk Bottleneck | Software Fault,CPU=82.2% | Memory=84.7% | ResponseTime=1622ms | Latency=533ms | DiskIO=140.8MB/s | Errors=4.8,6,82.15615384615384,84.69384615384615,1622.1407692307694,533.0292307692308,140.75153846153847,4.846153846153846,3
blk_6391256989458918684,0.6108,HIGH,CRITICAL,datanode_service,Resource Exhaustion,Resource Exhaustion | Memory Pressure | Service Degradation | Network Congestion | Disk Bottleneck | Software Fault,CPU=86.1% | Memory=80.7% | ResponseTime=2048ms | Latency=531ms | DiskIO=136.9MB/s | Errors=6.5,6,86.06,80.6775,2048.32,530.9549999999999,136.92,6.5,1
blk_2089023342927863523,0.6107,HIGH,CRITICAL,datanode_service,Resource Exhaustion,Resource Exhaustion | Memory Pressure | Service Degradation | Network Congestion | Disk Bottleneck | Software Fault,CPU=89.3% | Memory=82.8% | ResponseTime=1833ms | Latency=571ms | DiskIO=153.6MB/s | Errors=5.5,6,89.275,82.81,1832.8375,570.7375,153.63,5.5,1
blk_1861693813588074078,0.6107,HIGH,CRITICAL,datanode_service,Resource Exhaustion,Resource Exhaustion | Memory Pressure | Service Degradation | Network Congestion | Disk Bottleneck | Software Fault,CPU=87.2% | Memory=80.2% | ResponseTime=2342ms | Latency=686ms | DiskIO=166.2MB/s | Errors=4.5,6,87.2,80.25,2341.96,685.99,166.23,4.5,0
blk_6744900283082427996,0.6105,HIGH,CRITICAL,datanode_service,Resource Exhaustion,Resource Exhaustion | Memory Pressure | Service Degradation | Network Congestion | Disk Bottleneck | Software Fault,CPU=92.3% | Memory=76.5% | ResponseTime=1602ms | Latency=530ms | DiskIO=140.6MB/s | Errors=5.8,6,92.31,76.4625,1601.725,530.2775,140.5575,5.75,1
blk_4758745081489536518,0.6104,HIGH,CRITICAL,datanode_service,Resource Exhaustion,Resource Exhaustion | Memory Pressure | Service Degradation | Network Congestion | Disk Bottleneck | Software Fault,CPU=88.4% | Memory=81.8% | ResponseTime=1372ms | Latency=674ms | DiskIO=140.8MB/s | Errors=4.8,6,88.3675,81.815,1371.535,674.3225,140.765,4.75,1
blk_-568607102839466750,0.6103,HIGH,CRITICAL,datanode_service,Resource Exhaustion,Resource Exhaustion | Memory Pressure | Service Degradation | Network Congestion | Disk Bottleneck | Software Fault,CPU=85.3% | Memory=77.7% | ResponseTime=1845ms | Latency=566ms | DiskIO=130.8MB/s | Errors=5.2,6,85.35,77.72,1844.9775,565.685,130.82999999999998,5.25,1
blk_-5526686278560717173,0.6099,HIGH,CRITICAL,datanode_service,Resource Exhaustion,Resource Exhaustion | Memory Pressure | Service Degradation | Network Congestion | Disk Bottleneck | Software Fault,CPU=86.1% | Memory=81.1% | ResponseTime=2033ms | Latency=634ms | DiskIO=122.7MB/s | Errors=4.0,6,86.1,81.0925,2032.87,633.97,122.685,4.0,1
blk_9131322749325367191,0.6095,HIGH,CRITICAL,packet_responder,Resource Exhaustion,Resource Exhaustion | Memory Pressure | Service Degradation | Network Congestion | Disk Bottleneck | Software Fault,CPU=83.0% | Memory=80.6% | ResponseTime=1681ms | Latency=534ms | DiskIO=133.3MB/s | Errors=4.7,6,83.02230769230769,80.5723076923077,1681.420769230769,533.8892307692307,133.28,4.6923076923076925,3
blk_4378307922128301229,0.6091,HIGH,CRITICAL,datanode_service,Resource Exhaustion,Resource Exhaustion | Memory Pressure | Service Degradation | Network Congestion | Disk Bottleneck | Software Fault,CPU=85.4% | Memory=86.0% | ResponseTime=1780ms | Latency=641ms | DiskIO=129.6MB/s | Errors=4.8,6,85.35249999999999,86.0275,1779.52,640.5975,129.6,4.75,1
blk_-4581062568882987264,0.6089,HIGH,CRITICAL,datanode_service,Resource Exhaustion,Resource Exhaustion | Memory Pressure | Service Degradation | Network Congestion | Disk Bottleneck | Software Fault,CPU=88.9% | Memory=75.9% | ResponseTime=1631ms | Latency=1037ms | DiskIO=152.6MB/s | Errors=5.0,6,88.85499999999999,75.88,1631.47,1037.0,152.58499999999998,5.0,0
blk_4467647194162140399,0.6089,HIGH,CRITICAL,datanode_service,Resource Exhaustion,Resource Exhaustion | Memory Pressure | Service Degradation | Network Congestion | Disk Bottleneck | Software Fault,CPU=88.6% | Memory=84.7% | ResponseTime=1914ms | Latency=842ms | DiskIO=156.3MB/s | Errors=4.0,6,88.63499999999999,84.715,1913.535,842.5,156.255,4.0,0
blk_-7981936966289431785,0.6088,HIGH,CRITICAL,datanode_service,Resource Exhaustion,Resource Exhaustion | Memory Pressure | Service Degradation | Network Congestion | Disk Bottleneck | Software Fault,CPU=92.9% | Memory=77.6% | ResponseTime=2132ms | Latency=525ms | DiskIO=156.8MB/s | Errors=5.5,6,92.855,77.57,2131.52,525.185,156.775,5.5,0
blk_-6028224854555697788,0.6087,HIGH,CRITICAL,datanode_service,Resource Exhaustion,Resource Exhaustion | Memory Pressure | Service Degradation | Network Congestion | Disk Bottleneck | Software Fault,CPU=90.1% | Memory=76.9% | ResponseTime=1782ms | Latency=662ms | DiskIO=157.8MB/s | Errors=5.2,6,90.0975,76.8625,1782.465,662.0225,157.805,5.25,1
blk_2297145385235086288,0.6085,HIGH,CRITICAL,datanode_service,Resource Exhaustion,Resource Exhaustion | Memory Pressure | Service Degradation | Network Congestion | Disk Bottleneck | Software Fault,CPU=87.1% | Memory=80.0% | ResponseTime=1893ms | Latency=614ms | DiskIO=142.2MB/s | Errors=5.8,6,87.13499999999999,80.0125,1893.4825,613.8875,142.2175,5.75,1
blk_7230125776359948297,0.608,HIGH,CRITICAL,datanode_service,Resource Exhaustion,Resource Exhaustion | Memory Pressure | Service Degradation | Network Congestion | Disk Bottleneck | Software Fault,CPU=85.3% | Memory=84.6% | ResponseTime=1152ms | Latency=587ms | DiskIO=130.8MB/s | Errors=6.0,6,85.3125,84.62,1152.2625,587.48,130.75,6.0,1
blk_-130036786921658452,0.608,HIGH,CRITICAL,datanode_service,Resource Exhaustion,Resource Exhaustion | Memory Pressure | Service Degradation | Network Congestion | Disk Bottleneck | Software Fault,CPU=87.5% | Memory=87.1% | ResponseTime=1919ms | Latency=639ms | DiskIO=148.5MB/s | Errors=4.8,6,87.45,87.1075,1918.945,638.595,148.48250000000002,4.75,1
blk_2298161404568693089,0.608,HIGH,CRITICAL,datanode_service,Resource Exhaustion,Resource Exhaustion | Memory Pressure | Service Degradation | Network Congestion | Disk Bottleneck | Software Fault,CPU=91.6% | Memory=83.6% | ResponseTime=1841ms | Latency=585ms | DiskIO=120.7MB/s | Errors=5.2,6,91.575,83.565,1841.18,584.6925,120.71,5.25,1
blk_-6122693866912542259,0.6077,HIGH,CRITICAL,datanode_service,Resource Exhaustion,Resource Exhaustion | Memory Pressure | Service Degradation | Network Congestion | Disk Bottleneck | Software Fault,CPU=88.5% | Memory=79.7% | ResponseTime=1992ms | Latency=689ms | DiskIO=140.3MB/s | Errors=5.2,6,88.47749999999999,79.72,1991.9275,689.165,140.29250000000002,5.25,1
blk_-6227130362575626903,0.6074,HIGH,CRITICAL,datanode_service,Resource Exhaustion,Resource Exhaustion | Memory Pressure | Service Degradation | Network Congestion | Disk Bottleneck | Software Fault,CPU=86.8% | Memory=81.0% | ResponseTime=1610ms | Latency=564ms | DiskIO=170.1MB/s | Errors=5.8,6,86.82,81.03999999999999,1609.56,563.645,170.1025,5.75,1
blk_1483694219884556894,0.6066,HIGH,CRITICAL,datanode_service,Resource Exhaustion,Resource Exhaustion | Memory Pressure | Service Degradation | Network Congestion | Disk Bottleneck | Software Fault,CPU=95.6% | Memory=87.6% | ResponseTime=2028ms | Latency=600ms | DiskIO=131.0MB/s | Errors=4.5,6,95.61,87.56,2027.825,599.835,130.975,4.5,0
blk_-7863092348467419872,0.6066,HIGH,CRITICAL,datanode_service,Resource Exhaustion,Resource Exhaustion | Memory Pressure | Service Degradation | Network Congestion | Disk Bottleneck | Software Fault,CPU=89.2% | Memory=84.7% | ResponseTime=1916ms | Latency=675ms | DiskIO=147.5MB/s | Errors=4.5,6,89.185,84.695,1916.225,674.5600000000001,147.51,4.5,0
blk_6549711837668066730,0.6064,HIGH,CRITICAL,datanode_service,Resource Exhaustion,Resource Exhaustion | Memory Pressure | Service Degradation | Network Congestion | Disk Bottleneck | Software Fault,CPU=86.2% | Memory=76.8% | ResponseTime=1486ms | Latency=756ms | DiskIO=126.2MB/s | Errors=5.0,6,86.2075,76.8475,1485.8049999999998,755.505,126.19,5.0,1
blk_-4942791807951659044,0.6063,HIGH,CRITICAL,datanode_service,Resource Exhaustion,Resource Exhaustion | Memory Pressure | Service Degradation | Network Congestion | Disk Bottleneck | Software Fault,CPU=82.8% | Memory=85.0% | ResponseTime=1523ms | Latency=542ms | DiskIO=128.0MB/s | Errors=6.0,6,82.7525,85.0,1523.2625,541.5,128.025,6.0,1
blk_3827583732681146445,0.6059,HIGH,CRITICAL,datanode_service,Resource Exhaustion,Resource Exhaustion | Memory Pressure | Service Degradation | Network Congestion | Disk Bottleneck | Software Fault,CPU=93.0% | Memory=88.6% | ResponseTime=1603ms | Latency=721ms | DiskIO=134.0MB/s | Errors=6.0,6,92.96,88.57,1602.59,721.405,133.975,6.0,0
blk_-4173654293744119277,0.6051,HIGH,CRITICAL,datanode_service,Resource Exhaustion,Resource Exhaustion | Memory Pressure | Service Degradation | Network Congestion | Disk Bottleneck | Software Fault,CPU=96.0% | Memory=83.8% | ResponseTime=1892ms | Latency=593ms | DiskIO=143.1MB/s | Errors=4.5,6,95.9675,83.8125,1891.825,593.29,143.1475,4.5,1
blk_-4269455850074860629,0.605,HIGH,CRITICAL,datanode_service,Resource Exhaustion,Resource Exhaustion | Memory Pressure | Service Degradation | Network Congestion | Disk Bottleneck | Software Fault,CPU=94.7% | Memory=79.2% | ResponseTime=1745ms | Latency=673ms | DiskIO=144.8MB/s | Errors=5.5,6,94.6825,79.21000000000001,1744.64,673.0275,144.765,5.5,1
blk_-6281153288821688209,0.605,HIGH,CRITICAL,datanode_service,Resource Exhaustion,Resource Exhaustion | Memory Pressure | Service Degradation | Network Congestion | Disk Bottleneck | Software Fault,CPU=91.0% | Memory=77.0% | ResponseTime=1875ms | Latency=661ms | DiskIO=169.6MB/s | Errors=5.0,6,91.04,76.96000000000001,1874.93,660.825,169.57999999999998,5.0,0
blk_8338984135278551128,0.6049,HIGH,CRITICAL,datanode_service,Resource Exhaustion,Resource Exhaustion | Memory Pressure | Service Degradation | Network Congestion | Disk Bottleneck | Software Fault,CPU=91.2% | Memory=87.1% | ResponseTime=1961ms | Latency=663ms | DiskIO=100.5MB/s | Errors=4.0,6,91.195,87.08,1961.35,662.7950000000001,100.515,4.0,0
blk_8082772940973368166,0.6044,HIGH,CRITICAL,datanode_service,Resource Exhaustion,Resource Exhaustion | Memory Pressure | Service Degradation | Network Congestion | Disk Bottleneck | Software Fault,CPU=91.0% | Memory=88.0% | ResponseTime=1672ms | Latency=593ms | DiskIO=157.6MB/s | Errors=4.0,6,90.95,87.97,1671.62,593.47,157.565,4.0,1
blk_-538729649018967168,0.6043,HIGH,CRITICAL,datanode_service,Resource Exhaustion,Resource Exhaustion | Memory Pressure | Service Degradation | Network Congestion | Disk Bottleneck | Software Fault,CPU=87.5% | Memory=85.5% | ResponseTime=1329ms | Latency=600ms | DiskIO=124.5MB/s | Errors=6.8,6,87.47749999999999,85.475,1329.455,600.4975,124.47,6.75,1
blk_-5032431021483780906,0.6041,HIGH,CRITICAL,datanode_service,Resource Exhaustion,Resource Exhaustion | Memory Pressure | Service Degradation | Network Congestion | Disk Bottleneck | Software Fault,CPU=89.4% | Memory=81.3% | ResponseTime=1542ms | Latency=526ms | DiskIO=130.5MB/s | Errors=5.5,6,89.44749999999999,81.2625,1541.785,525.825,130.4525,5.5,1
blk_-5628025578554157626,0.6037,HIGH,CRITICAL,datanode_service,Resource Exhaustion,Resource Exhaustion | Memory Pressure | Service Degradation | Network Congestion | Disk Bottleneck | Software Fault,CPU=82.8% | Memory=84.9% | ResponseTime=1641ms | Latency=727ms | DiskIO=127.5MB/s | Errors=4.2,6,82.795,84.8625,1641.45,727.2750000000001,127.5075,4.25,1
blk_7718528022281013257,0.6033,HIGH,CRITICAL,datanode_service,Resource Exhaustion,Resource Exhaustion | Memory Pressure | Service Degradation | Network Congestion | Disk Bottleneck | Software Fault,CPU=84.5% | Memory=83.8% | ResponseTime=1877ms | Latency=481ms | DiskIO=161.3MB/s | Errors=5.2,6,84.5,83.795,1877.45,481.385,161.29000000000002,5.25,1
blk_-2708631581559719479,0.6032,HIGH,CRITICAL,datanode_service,Resource Exhaustion,Resource Exhaustion | Memory Pressure | Service Degradation | Network Congestion | Disk Bottleneck | Software Fault,CPU=79.1% | Memory=80.2% | ResponseTime=1688ms | Latency=676ms | DiskIO=147.4MB/s | Errors=7.0,6,79.08,80.225,1688.03,675.65,147.43,7.0,0
blk_8347353090475790564,0.603,HIGH,CRITICAL,datanode_service,Resource Exhaustion,Resource Exhaustion | Memory Pressure | Service Degradation | Network Congestion | Disk Bottleneck | Software Fault,CPU=76.3% | Memory=94.5% | ResponseTime=1468ms | Latency=817ms | DiskIO=126.6MB/s | Errors=5.5,6,76.265,94.47,1468.075,817.2,126.635,5.5,0
blk_729577690424729784,0.6027,HIGH,CRITICAL,datanode_service,Resource Exhaustion,Resource Exhaustion | Memory Pressure | Service Degradation | Network Congestion | Disk Bottleneck | Software Fault,CPU=88.8% | Memory=85.8% | ResponseTime=1510ms | Latency=677ms | DiskIO=162.3MB/s | Errors=5.2,6,88.775,85.77,1510.4,676.6175000000001,162.3475,5.25,1
blk_-8743859155905191247,0.6023,HIGH,CRITICAL,datanode_service,Resource Exhaustion,Resource Exhaustion | Memory Pressure | Service Degradation | Network Congestion | Disk Bottleneck | Software Fault,CPU=82.1% | Memory=81.2% | ResponseTime=2005ms | Latency=544ms | DiskIO=130.5MB/s | Errors=7.5,6,82.08,81.19,2005.39,543.675,130.535,7.5,0
blk_-5178750440972854481,0.6017,HIGH,CRITICAL,datanode_service,Resource Exhaustion,Resource Exhaustion | Memory Pressure | Service Degradation | Network Congestion | Disk Bottleneck | Software Fault,CPU=85.7% | Memory=81.8% | ResponseTime=1483ms | Latency=646ms | DiskIO=125.1MB/s | Errors=5.8,6,85.6525,81.7525,1483.2275,646.35,125.0525,5.75,1
blk_-5541295715198490097,0.6014,HIGH,CRITICAL,datanode_service,Resource Exhaustion,Resource Exhaustion | Memory Pressure | Service Degradation | Network Congestion | Disk Bottleneck | Software Fault,CPU=87.3% | Memory=83.5% | ResponseTime=1944ms | Latency=622ms | DiskIO=149.2MB/s | Errors=3.8,6,87.255,83.4925,1944.4275,621.5575,149.2,3.75,1
blk_-8087832935845781602,0.6009,HIGH,CRITICAL,datanode_service,Resource Exhaustion,Resource Exhaustion | Memory Pressure | Service Degradation | Network Congestion | Disk Bottleneck | Software Fault,CPU=93.9% | Memory=85.7% | ResponseTime=1934ms | Latency=424ms | DiskIO=111.6MB/s | Errors=4.5,6,93.915,85.65,1934.4,423.725,111.615,4.5,0
blk_2772740751773393577,0.6004,HIGH,CRITICAL,datanode_service,Resource Exhaustion,Resource Exhaustion | Memory Pressure | Service Degradation | Network Congestion | Disk Bottleneck | Software Fault,CPU=90.3% | Memory=81.8% | ResponseTime=1626ms | Latency=551ms | DiskIO=134.8MB/s | Errors=6.8,6,90.34,81.8425,1626.405,551.4975000000001,134.8025,6.75,1
blk_-1704356550921684323,0.6004,HIGH,CRITICAL,datanode_service,Resource Exhaustion,Resource Exhaustion | Memory Pressure | Service Degradation | Network Congestion | Disk Bottleneck | Software Fault,CPU=95.2% | Memory=84.7% | ResponseTime=1647ms | Latency=635ms | DiskIO=159.8MB/s | Errors=5.5,6,95.185,84.735,1646.98,634.815,159.82999999999998,5.5,0
blk_4066061011255450889,0.6002,HIGH,CRITICAL,datanode_service,Resource Exhaustion,Resource Exhaustion | Memory Pressure | Service Degradation | Network Congestion | Disk Bottleneck | Software Fault,CPU=91.4% | Memory=86.3% | ResponseTime=1475ms | Latency=623ms | DiskIO=142.2MB/s | Errors=4.0,6,91.3825,86.3175,1475.3275,622.7025,142.22,4.0,1
blk_-7020281599549686750,0.5997,HIGH,CRITICAL,datanode_service,Resource Exhaustion,Resource Exhaustion | Memory Pressure | Service Degradation | Network Congestion | Disk Bottleneck | Software Fault,CPU=82.2% | Memory=72.0% | ResponseTime=1818ms | Latency=709ms | DiskIO=120.4MB/s | Errors=7.0,6,82.24000000000001,72.005,1818.1,709.25,120.395,7.0,0
blk_9127128872713018045,0.5995,HIGH,CRITICAL,datanode_service,Resource Exhaustion,Resource Exhaustion | Memory Pressure | Service Degradation | Network Congestion | Disk Bottleneck | Software Fault,CPU=84.6% | Memory=85.5% | ResponseTime=1919ms | Latency=873ms | DiskIO=123.3MB/s | Errors=5.5,6,84.575,85.525,1919.305,873.325,123.285,5.5,0
blk_-5993112060514262430,0.5995,HIGH,CRITICAL,datanode_service,Resource Exhaustion,Resource Exhaustion | Memory Pressure | Service Degradation | Network Congestion | Disk Bottleneck | Software Fault,CPU=90.8% | Memory=83.2% | ResponseTime=1470ms | Latency=657ms | DiskIO=125.3MB/s | Errors=5.5,6,90.83,83.225,1469.95,656.935,125.345,5.5,0
blk_-983081690367372749,0.5994,HIGH,CRITICAL,datanode_service,Resource Exhaustion,Resource Exhaustion | Memory Pressure | Service Degradation | Network Congestion | Disk Bottleneck | Software Fault,CPU=96.8% | Memory=85.4% | ResponseTime=2126ms | Latency=630ms | DiskIO=174.6MB/s | Errors=5.0,6,96.78,85.42,2126.28,629.52,174.57999999999998,5.0,0
blk_1389517407629522744,0.5992,HIGH,CRITICAL,datanode_service,Resource Exhaustion,Resource Exhaustion | Memory Pressure | Service Degradation | Network Congestion | Disk Bottleneck | Software Fault,CPU=80.6% | Memory=80.7% | ResponseTime=1946ms | Latency=738ms | DiskIO=127.7MB/s | Errors=5.5,6,80.58500000000001,80.68,1945.5,738.1700000000001,127.74,5.5,0
blk_-8177932207286952524,0.5992,HIGH,CRITICAL,datanode_service,Resource Exhaustion,Resource Exhaustion | Memory Pressure | Service Degradation | Network Congestion | Disk Bottleneck | Software Fault,CPU=84.5% | Memory=84.2% | ResponseTime=1634ms | Latency=528ms | DiskIO=127.5MB/s | Errors=6.0,6,84.47,84.24000000000001,1634.255,528.355,127.55,6.0,0
blk_-6273678851461170110,0.5992,HIGH,CRITICAL,datanode_service,Resource Exhaustion,Resource Exhaustion | Memory Pressure | Service Degradation | Network Congestion | Disk Bottleneck | Software Fault,CPU=85.4% | Memory=77.8% | ResponseTime=1489ms | Latency=618ms | DiskIO=130.3MB/s | Errors=5.5,6,85.3625,77.8325,1488.765,617.905,130.3175,5.5,1
blk_-6208945120934035097,0.5991,HIGH,CRITICAL,datanode_service,Resource Exhaustion,Resource Exhaustion | Memory Pressure | Service Degradation | Network Congestion | Disk Bottleneck | Software Fault,CPU=87.6% | Memory=79.8% | ResponseTime=1872ms | Latency=448ms | DiskIO=133.6MB/s | Errors=5.0,6,87.5525,79.8075,1871.9275,448.115,133.5925,5.0,1
blk_3747594605950601797,0.5989,HIGH,CRITICAL,datanode_service,Resource Exhaustion,Resource Exhaustion | Memory Pressure | Service Degradation | Network Congestion | Disk Bottleneck | Software Fault,CPU=90.5% | Memory=83.4% | ResponseTime=1842ms | Latency=617ms | DiskIO=153.9MB/s | Errors=4.0,6,90.4975,83.4,1842.075,616.865,153.86,4.0,1
blk_-7541989345366563328,0.5987,HIGH,CRITICAL,datanode_service,Resource Exhaustion,Resource Exhaustion | Memory Pressure | Service Degradation | Network Congestion | Disk Bottleneck | Software Fault,CPU=90.1% | Memory=88.9% | ResponseTime=1750ms | Latency=586ms | DiskIO=131.7MB/s | Errors=5.5,6,90.135,88.91,1750.355,585.665,131.725,5.5,0
blk_7580363418403672910,0.5986,HIGH,CRITICAL,datanode_service,Resource Exhaustion,Resource Exhaustion | Memory Pressure | Service Degradation | Network Congestion | Disk Bottleneck | Software Fault,CPU=77.7% | Memory=87.8% | ResponseTime=1698ms | Latency=573ms | DiskIO=139.2MB/s | Errors=5.2,6,77.675,87.8325,1698.1975,572.645,139.15249999999995,5.25,1
blk_-7871470248296028517,0.5983,HIGH,CRITICAL,datanode_service,Resource Exhaustion,Resource Exhaustion | Memory Pressure | Service Degradation | Network Congestion | Disk Bottleneck | Software Fault,CPU=86.1% | Memory=75.2% | ResponseTime=1782ms | Latency=606ms | DiskIO=128.8MB/s | Errors=4.5,6,86.0625,75.2,1782.09,606.4275,128.7975,4.5,1
blk_1116457585304273874,0.598,HIGH,CRITICAL,datanode_service,Resource Exhaustion,Resource Exhaustion | Memory Pressure | Service Degradation | Network Congestion | Disk Bottleneck | Software Fault,CPU=88.1% | Memory=73.6% | ResponseTime=1799ms | Latency=554ms | DiskIO=116.4MB/s | Errors=5.5,6,88.11,73.595,1799.495,554.04,116.43,5.5,0
blk_-7129311518875006437,0.5977,HIGH,CRITICAL,datanode_service,Resource Exhaustion,Resource Exhaustion | Memory Pressure | Service Degradation | Network Congestion | Disk Bottleneck | Software Fault,CPU=88.8% | Memory=78.7% | ResponseTime=1906ms | Latency=528ms | DiskIO=119.6MB/s | Errors=5.5,6,88.8025,78.71,1905.7425,527.6324999999999,119.56,5.5,1
blk_954416033512224734,0.5975,HIGH,CRITICAL,datanode_service,Resource Exhaustion,Resource Exhaustion | Memory Pressure | Service Degradation | Network Congestion | Disk Bottleneck | Software Fault,CPU=90.1% | Memory=80.0% | ResponseTime=1184ms | Latency=557ms | DiskIO=130.7MB/s | Errors=4.0,6,90.065,79.99,1184.44,556.705,130.66250000000002,4.0,1
blk_-3942308339711619808,0.5974,HIGH,CRITICAL,datanode_service,Resource Exhaustion,Resource Exhaustion | Memory Pressure | Service Degradation | Network Congestion | Disk Bottleneck | Software Fault,CPU=88.2% | Memory=78.1% | ResponseTime=2100ms | Latency=405ms | DiskIO=125.8MB/s | Errors=5.2,6,88.2,78.0875,2099.6625000000004,405.04,125.7625,5.25,1
blk_-460553266307020762,0.5972,HIGH,CRITICAL,datanode_service,Resource Exhaustion,Resource Exhaustion | Memory Pressure | Service Degradation | Network Congestion | Disk Bottleneck | Software Fault,CPU=88.8% | Memory=83.2% | ResponseTime=1658ms | Latency=538ms | DiskIO=124.5MB/s | Errors=5.5,6,88.8475,83.2225,1657.545,538.3425,124.4525,5.5,1
blk_5855581235223317034,0.597,HIGH,CRITICAL,datanode_service,Resource Exhaustion,Resource Exhaustion | Memory Pressure | Service Degradation | Network Congestion | Disk Bottleneck | Software Fault,CPU=82.9% | Memory=81.0% | ResponseTime=1816ms | Latency=618ms | DiskIO=144.2MB/s | Errors=4.0,6,82.925,80.96000000000001,1815.5475,617.985,144.16750000000002,4.0,1
blk_6450606984390103137,0.5969,HIGH,CRITICAL,datanode_service,Resource Exhaustion,Resource Exhaustion | Memory Pressure | Service Degradation | Network Congestion | Disk Bottleneck | Software Fault,CPU=91.6% | Memory=75.5% | ResponseTime=1993ms | Latency=455ms | DiskIO=118.5MB/s | Errors=6.5,6,91.57,75.465,1992.77,454.525,118.495,6.5,0
blk_7689982531196174133,0.5965,HIGH,CRITICAL,datanode_service,Resource Exhaustion,Resource Exhaustion | Memory Pressure | Service Degradation | Network Congestion | Disk Bottleneck | Software Fault,CPU=84.1% | Memory=73.1% | ResponseTime=2062ms | Latency=641ms | DiskIO=161.3MB/s | Errors=7.0,6,84.13499999999999,73.08,2061.545,641.23,161.275,7.0,0
blk_-2159830922058181445,0.5964,HIGH,CRITICAL,datanode_service,Resource Exhaustion,Resource Exhaustion | Memory Pressure | Service Degradation | Network Congestion | Disk Bottleneck | Software Fault,CPU=87.5% | Memory=88.2% | ResponseTime=2010ms | Latency=822ms | DiskIO=173.4MB/s | Errors=4.0,6,87.485,88.155,2009.835,822.42,173.45,4.0,0
blk_2786892470090975874,0.5963,HIGH,CRITICAL,datanode_service,Resource Exhaustion,Resource Exhaustion | Memory Pressure | Service Degradation | Network Congestion | Disk Bottleneck | Software Fault,CPU=84.3% | Memory=76.1% | ResponseTime=1934ms | Latency=645ms | DiskIO=115.5MB/s | Errors=3.5,6,84.26,76.08500000000001,1933.85,644.755,115.52,3.5,0
blk_-4927314024376198275,0.5962,HIGH,CRITICAL,datanode_service,Resource Exhaustion,Resource Exhaustion | Memory Pressure | Service Degradation | Network Congestion | Disk Bottleneck | Software Fault,CPU=83.9% | Memory=83.1% | ResponseTime=1662ms | Latency=527ms | DiskIO=129.8MB/s | Errors=5.5,6,83.92,83.07499999999999,1662.4375,527.4125,129.8225,5.5,1
blk_3061937980832296286,0.5962,HIGH,CRITICAL,datanode_service,Resource Exhaustion,Resource Exhaustion | Memory Pressure | Service Degradation | Network Congestion | Disk Bottleneck | Software Fault,CPU=89.8% | Memory=82.7% | ResponseTime=1993ms | Latency=299ms | DiskIO=124.2MB/s | Errors=5.8,6,89.7825,82.7125,1993.4575,299.1575,124.15,5.75,1
blk_1608861295688391136,0.5953,HIGH,CRITICAL,datanode_service,Resource Exhaustion,Resource Exhaustion | Memory Pressure | Service Degradation | Network Congestion | Disk Bottleneck | Software Fault,CPU=87.8% | Memory=87.8% | ResponseTime=1504ms | Latency=664ms | DiskIO=118.7MB/s | Errors=4.2,6,87.75999999999999,87.81,1503.7475,664.0125,118.6825,4.25,1
blk_8592983560257358579,0.595,HIGH,CRITICAL,datanode_service,Resource Exhaustion,Resource Exhaustion | Memory Pressure | Service Degradation | Network Congestion | Disk Bottleneck | Software Fault,CPU=91.5% | Memory=78.3% | ResponseTime=1506ms | Latency=663ms | DiskIO=131.9MB/s | Errors=5.2,6,91.52,78.345,1505.805,663.0025,131.89,5.25,1
blk_4797010597622047462,0.5948,HIGH,CRITICAL,datanode_service,Resource Exhaustion,Resource Exhaustion | Memory Pressure | Service Degradation | Network Congestion | Disk Bottleneck | Software Fault,CPU=88.7% | Memory=82.1% | ResponseTime=1676ms | Latency=605ms | DiskIO=140.1MB/s | Errors=4.8,6,88.6925,82.11500000000001,1676.3825,605.385,140.08,4.75,1
blk_-9203207203433266408,0.5948,HIGH,CRITICAL,datanode_service,Resource Exhaustion,Resource Exhaustion | Memory Pressure | Service Degradation | Network Congestion | Disk Bottleneck | Software Fault,CPU=91.0% | Memory=77.6% | ResponseTime=1820ms | Latency=519ms | DiskIO=134.6MB/s | Errors=5.2,6,90.9725,77.595,1819.56,518.9675,134.64499999999998,5.25,1
blk_6537394575453502797,0.5947,HIGH,CRITICAL,datanode_service,Resource Exhaustion,Resource Exhaustion | Memory Pressure | Service Degradation | Network Congestion | Disk Bottleneck | Software Fault,CPU=97.4% | Memory=89.9% | ResponseTime=1665ms | Latency=649ms | DiskIO=131.5MB/s | Errors=6.0,6,97.4,89.855,1665.015,649.39,131.475,6.0,0
blk_-4712584287845875396,0.5946,HIGH,CRITICAL,datanode_service,Resource Exhaustion,Resource Exhaustion | Memory Pressure | Service Degradation | Network Congestion | Disk Bottleneck | Software Fault,CPU=85.6% | Memory=79.5% | ResponseTime=1749ms | Latency=472ms | DiskIO=140.0MB/s | Errors=6.2,6,85.585,79.48,1748.8049999999998,471.7275,140.0125,6.25,1
blk_5821344169343581408,0.5944,HIGH,CRITICAL,datanode_service,Resource Exhaustion,Resource Exhaustion | Memory Pressure | Service Degradation | Network Congestion | Disk Bottleneck | Software Fault,CPU=91.7% | Memory=86.4% | ResponseTime=1986ms | Latency=489ms | DiskIO=150.5MB/s | Errors=5.5,6,91.715,86.41,1985.945,489.165,150.48000000000002,5.5,0
blk_-937004954775049950,0.5941,HIGH,CRITICAL,datanode_service,Resource Exhaustion,Resource Exhaustion | Memory Pressure | Service Degradation | Network Congestion | Disk Bottleneck | Software Fault,CPU=90.0% | Memory=82.0% | ResponseTime=1692ms | Latency=517ms | DiskIO=139.2MB/s | Errors=5.2,6,90.01,81.97749999999999,1692.3675,517.4,139.22,5.25,1
blk_7522319533464067976,0.5939,HIGH,CRITICAL,datanode_service,Resource Exhaustion,Resource Exhaustion | Memory Pressure | Service Degradation | Network Congestion | Disk Bottleneck | Software Fault,CPU=89.7% | Memory=69.7% | ResponseTime=1341ms | Latency=667ms | DiskIO=155.5MB/s | Errors=6.5,6,89.7,69.72,1340.73,666.675,155.54500000000002,6.5,0
blk_3288658872624126791,0.5939,HIGH,CRITICAL,datanode_service,Resource Exhaustion,Resource Exhaustion | Memory Pressure | Service Degradation | Network Congestion | Disk Bottleneck | Software Fault,CPU=84.5% | Memory=86.2% | ResponseTime=1778ms | Latency=616ms | DiskIO=122.8MB/s | Errors=6.0,6,84.47,86.17500000000001,1778.49,616.12,122.8,6.0,0
blk_-7333048662950520569,0.5938,HIGH,CRITICAL,datanode_service,Resource Exhaustion,Resource Exhaustion | Memory Pressure | Service Degradation | Network Congestion | Disk Bottleneck | Software Fault,CPU=89.6% | Memory=80.4% | ResponseTime=1774ms | Latency=867ms | DiskIO=117.5MB/s | Errors=5.0,6,89.575,80.395,1773.5700000000002,866.565,117.525,5.0,0
blk_-3182685344560239481,0.593,HIGH,CRITICAL,datanode_service,Resource Exhaustion,Resource Exhaustion | Memory Pressure | Service Degradation | Network Congestion | Disk Bottleneck | Software Fault,CPU=89.5% | Memory=89.4% | ResponseTime=1903ms | Latency=419ms | DiskIO=134.4MB/s | Errors=6.0,6,89.47999999999999,89.39500000000001,1903.325,418.605,134.365,6.0,0
blk_-9001370552773364965,0.5927,HIGH,CRITICAL,datanode_service,Resource Exhaustion,Resource Exhaustion | Memory Pressure | Service Degradation | Network Congestion | Disk Bottleneck | Software Fault,CPU=96.5% | Memory=78.5% | ResponseTime=1731ms | Latency=844ms | DiskIO=148.4MB/s | Errors=5.0,6,96.495,78.485,1731.09,844.265,148.425,5.0,0
blk_-4533749505208853654,0.5926,HIGH,CRITICAL,datanode_service,Resource Exhaustion,Resource Exhaustion | Memory Pressure | Service Degradation | Network Congestion | Disk Bottleneck | Software Fault,CPU=86.1% | Memory=88.1% | ResponseTime=2124ms | Latency=805ms | DiskIO=128.0MB/s | Errors=4.5,6,86.09,88.055,2123.655,805.24,128.025,4.5,0
blk_-8172040435165644879,0.592,HIGH,CRITICAL,datanode_service,Resource Exhaustion,Resource Exhaustion | Memory Pressure | Service Degradation | Network Congestion | Disk Bottleneck | Software Fault,CPU=89.3% | Memory=84.2% | ResponseTime=1677ms | Latency=633ms | DiskIO=125.8MB/s | Errors=5.0,6,89.265,84.21000000000001,1676.605,633.36,125.795,5.0,0
blk_-3485739706870275513,0.5918,HIGH,CRITICAL,datanode_service,Resource Exhaustion,Resource Exhaustion | Memory Pressure | Service Degradation | Network Congestion | Disk Bottleneck | Software Fault,CPU=89.5% | Memory=82.8% | ResponseTime=2108ms | Latency=727ms | DiskIO=123.4MB/s | Errors=4.0,6,89.535,82.75999999999999,2107.775,726.52,123.415,4.0,0
blk_5073858743108971792,0.5917,HIGH,CRITICAL,datanode_service,Resource Exhaustion,Resource Exhaustion | Memory Pressure | Service Degradation | Network Congestion | Disk Bottleneck | Software Fault,CPU=88.2% | Memory=78.8% | ResponseTime=2532ms | Latency=447ms | DiskIO=138.0MB/s | Errors=5.0,6,88.21000000000001,78.805,2531.73,447.0,137.98000000000002,5.0,0
blk_-3483153496143828608,0.5915,HIGH,CRITICAL,datanode_service,Resource Exhaustion,Resource Exhaustion | Memory Pressure | Service Degradation | Network Congestion | Disk Bottleneck | Software Fault,CPU=88.1% | Memory=78.8% | ResponseTime=1709ms | Latency=650ms | DiskIO=137.8MB/s | Errors=4.2,6,88.0975,78.83500000000001,1709.075,649.7525,137.83249999999998,4.25,1
blk_30373957379090179,0.5914,HIGH,CRITICAL,datanode_service,Resource Exhaustion,Resource Exhaustion | Memory Pressure | Service Degradation | Network Congestion | Disk Bottleneck | Software Fault,CPU=80.5% | Memory=74.2% | ResponseTime=2031ms | Latency=681ms | DiskIO=126.6MB/s | Errors=4.5,6,80.535,74.18,2030.785,681.135,126.61,4.5,0
blk_758346207437382744,0.5914,HIGH,CRITICAL,datanode_service,Resource Exhaustion,Resource Exhaustion | Memory Pressure | Service Degradation | Network Congestion | Disk Bottleneck | Software Fault,CPU=86.2% | Memory=78.5% | ResponseTime=1546ms | Latency=666ms | DiskIO=158.6MB/s | Errors=5.2,6,86.2325,78.53999999999999,1545.73,665.945,158.5725,5.25,1
blk_8486355478273768083,0.591,HIGH,CRITICAL,datanode_service,Resource Exhaustion,Resource Exhaustion | Memory Pressure | Service Degradation | Network Congestion | Disk Bottleneck | Software Fault,CPU=88.9% | Memory=75.3% | ResponseTime=2025ms | Latency=663ms | DiskIO=153.1MB/s | Errors=6.0,6,88.905,75.35,2024.85,662.505,153.14499999999998,6.0,0
blk_3116181370470051991,0.5906,HIGH,CRITICAL,datanode_service,Resource Exhaustion,Resource Exhaustion | Memory Pressure | Service Degradation | Network Congestion | Disk Bottleneck | Software Fault,CPU=86.7% | Memory=82.1% | ResponseTime=2002ms | Latency=427ms | DiskIO=131.0MB/s | Errors=5.5,6,86.71000000000001,82.07499999999999,2002.04,427.455,131.025,5.5,0
blk_-8838750579700976401,0.5897,HIGH,CRITICAL,datanode_service,Resource Exhaustion,Resource Exhaustion | Memory Pressure | Service Degradation | Network Congestion | Disk Bottleneck | Software Fault,CPU=89.0% | Memory=81.8% | ResponseTime=1757ms | Latency=402ms | DiskIO=143.3MB/s | Errors=5.2,6,88.9625,81.83,1757.045,401.675,143.3125,5.25,1
blk_-8599731671847920909,0.5893,HIGH,CRITICAL,datanode_service,Resource Exhaustion,Resource Exhaustion | Memory Pressure | Service Degradation | Network Congestion | Disk Bottleneck | Software Fault,CPU=81.1% | Memory=85.0% | ResponseTime=1770ms | Latency=616ms | DiskIO=169.4MB/s | Errors=4.2,6,81.075,85.05,1769.8275,615.595,169.35500000000002,4.25,1
blk_-537130554616671097,0.5893,HIGH,CRITICAL,datanode_service,Resource Exhaustion,Resource Exhaustion | Memory Pressure | Service Degradation | Network Congestion | Disk Bottleneck | Software Fault,CPU=89.4% | Memory=82.1% | ResponseTime=1567ms | Latency=564ms | DiskIO=145.6MB/s | Errors=3.5,6,89.3775,82.06,1566.99,563.8575,145.64249999999998,3.5,1
blk_4861061999056718608,0.5885,HIGH,CRITICAL,datanode_service,Resource Exhaustion,Resource Exhaustion | Memory Pressure | Service Degradation | Network Congestion | Disk Bottleneck | Software Fault,CPU=82.3% | Memory=81.3% | ResponseTime=1717ms | Latency=595ms | DiskIO=150.8MB/s | Errors=4.2,6,82.3,81.33,1716.5525,595.4275,150.76,4.25,1
blk_2582551185991706301,0.5883,HIGH,CRITICAL,datanode_service,Resource Exhaustion,Resource Exhaustion | Memory Pressure | Service Degradation | Network Congestion | Disk Bottleneck | Software Fault,CPU=85.6% | Memory=84.2% | ResponseTime=1634ms | Latency=465ms | DiskIO=137.7MB/s | Errors=5.5,6,85.625,84.16749999999999,1633.9025,464.84,137.725,5.5,1
blk_8591542202077771197,0.5883,HIGH,CRITICAL,datanode_service,Resource Exhaustion,Resource Exhaustion | Memory Pressure | Service Degradation | Network Congestion | Disk Bottleneck | Software Fault,CPU=88.2% | Memory=84.0% | ResponseTime=1950ms | Latency=565ms | DiskIO=147.9MB/s | Errors=4.8,6,88.2325,84.045,1949.6375,565.145,147.925,4.75,1
blk_3447884879668134874,0.588,HIGH,CRITICAL,datanode_service,Resource Exhaustion,Resource Exhaustion | Memory Pressure | Service Degradation | Network Congestion | Disk Bottleneck | Software Fault,CPU=83.9% | Memory=81.3% | ResponseTime=1479ms | Latency=673ms | DiskIO=135.5MB/s | Errors=4.5,6,83.85499999999999,81.34,1479.34,672.775,135.51,4.5,1
blk_9082860047241105801,0.5878,HIGH,CRITICAL,datanode_service,Resource Exhaustion,Resource Exhaustion | Memory Pressure | Service Degradation | Network Congestion | Disk Bottleneck | Software Fault,CPU=82.2% | Memory=81.9% | ResponseTime=1220ms | Latency=609ms | DiskIO=135.8MB/s | Errors=4.8,6,82.165,81.93,1219.5525000000002,608.645,135.83249999999998,4.75,1
blk_-6120634070609301891,0.5877,HIGH,CRITICAL,datanode_service,Resource Exhaustion,Resource Exhaustion | Memory Pressure | Service Degradation | Network Congestion | Disk Bottleneck | Software Fault,CPU=84.8% | Memory=86.2% | ResponseTime=1742ms | Latency=716ms | DiskIO=120.5MB/s | Errors=5.0,6,84.83,86.235,1741.625,716.01,120.45,5.0,0
blk_4570709986087805683,0.5876,HIGH,CRITICAL,datanode_service,Resource Exhaustion,Resource Exhaustion | Memory Pressure | Service Degradation | Network Congestion | Disk Bottleneck | Software Fault,CPU=89.8% | Memory=77.7% | ResponseTime=2105ms | Latency=483ms | DiskIO=149.5MB/s | Errors=5.5,6,89.78,77.6925,2104.5925,482.825,149.4875,5.5,1
blk_5115977331215106358,0.5874,HIGH,CRITICAL,datanode_service,Resource Exhaustion,Resource Exhaustion | Memory Pressure | Service Degradation | Network Congestion | Disk Bottleneck | Software Fault,CPU=89.8% | Memory=81.6% | ResponseTime=1461ms | Latency=519ms | DiskIO=155.7MB/s | Errors=4.8,6,89.84,81.61,1460.64,518.975,155.7225,4.75,1
blk_-3709095483238869674,0.5868,HIGH,CRITICAL,datanode_service,Resource Exhaustion,Resource Exhaustion | Memory Pressure | Service Degradation | Network Congestion | Disk Bottleneck | Software Fault,CPU=86.8% | Memory=81.9% | ResponseTime=1239ms | Latency=690ms | DiskIO=144.1MB/s | Errors=5.2,6,86.7775,81.8875,1239.48,689.77,144.1075,5.25,1
blk_6730644247155252403,0.5866,HIGH,CRITICAL,datanode_service,Resource Exhaustion,Resource Exhaustion | Memory Pressure | Service Degradation | Network Congestion | Disk Bottleneck | Software Fault,CPU=91.8% | Memory=78.1% | ResponseTime=1531ms | Latency=724ms | DiskIO=106.1MB/s | Errors=6.0,6,91.83,78.12,1531.395,723.515,106.12,6.0,0
blk_3919358483622096739,0.5863,HIGH,CRITICAL,datanode_service,Resource Exhaustion,Resource Exhaustion | Memory Pressure | Service Degradation | Network Congestion | Disk Bottleneck | Software Fault,CPU=86.7% | Memory=84.2% | ResponseTime=1727ms | Latency=671ms | DiskIO=121.4MB/s | Errors=4.8,6,86.6775,84.23249999999999,1727.46,671.4075,121.4175,4.75,1
blk_-7044024876920809411,0.5862,HIGH,CRITICAL,datanode_service,Resource Exhaustion,Resource Exhaustion | Memory Pressure | Service Degradation | Network Congestion | Disk Bottleneck | Software Fault,CPU=92.7% | Memory=75.1% | ResponseTime=1849ms | Latency=853ms | DiskIO=141.1MB/s | Errors=4.5,6,92.725,75.13999999999999,1849.135,852.87,141.07500000000002,4.5,0
blk_-8096833881686523560,0.5861,HIGH,CRITICAL,datanode_service,Resource Exhaustion,Resource Exhaustion | Memory Pressure | Service Degradation | Network Congestion | Disk Bottleneck | Software Fault,CPU=87.1% | Memory=86.6% | ResponseTime=1660ms | Latency=508ms | DiskIO=139.3MB/s | Errors=4.0,6,87.0725,86.555,1660.2975,507.6175,139.2775,4.0,1
blk_4971154345890344,0.5856,HIGH,CRITICAL,datanode_service,Resource Exhaustion,Resource Exhaustion | Memory Pressure | Service Degradation | Network Congestion | Disk Bottleneck | Software Fault,CPU=87.4% | Memory=81.4% | ResponseTime=1512ms | Latency=682ms | DiskIO=128.1MB/s | Errors=3.2,6,87.4225,81.4325,1511.685,681.775,128.11,3.25,1
blk_1552021249623837185,0.5856,HIGH,CRITICAL,datanode_service,Resource Exhaustion,Resource Exhaustion | Memory Pressure | Service Degradation | Network Congestion | Disk Bottleneck | Software Fault,CPU=89.3% | Memory=79.7% | ResponseTime=2299ms | Latency=628ms | DiskIO=117.7MB/s | Errors=4.0,6,89.315,79.68,2298.92,627.5799999999999,117.72,4.0,0
blk_-2116360859557445828,0.5848,HIGH,CRITICAL,datanode_service,Resource Exhaustion,Resource Exhaustion | Memory Pressure | Service Degradation | Network Congestion | Disk Bottleneck | Software Fault,CPU=87.7% | Memory=81.5% | ResponseTime=1610ms | Latency=621ms | DiskIO=149.5MB/s | Errors=6.0,6,87.745,81.535,1610.4299999999998,621.4449999999999,149.54500000000002,6.0,0
blk_-3068938607837722121,0.5848,HIGH,CRITICAL,datanode_service,Resource Exhaustion,Resource Exhaustion | Memory Pressure | Service Degradation | Network Congestion | Disk Bottleneck | Software Fault,CPU=85.4% | Memory=85.6% | ResponseTime=1649ms | Latency=422ms | DiskIO=145.2MB/s | Errors=6.2,6,85.4,85.63,1648.6325000000002,421.915,145.235,6.25,1
blk_5445214843890846353,0.5846,HIGH,CRITICAL,datanode_service,Resource Exhaustion,Resource Exhaustion | Memory Pressure | Service Degradation | Network Congestion | Disk Bottleneck | Software Fault,CPU=81.6% | Memory=85.6% | ResponseTime=1777ms | Latency=841ms | DiskIO=124.0MB/s | Errors=6.0,6,81.63,85.64,1776.755,841.275,123.97,6.0,0
blk_-8215012042175069829,0.5843,HIGH,CRITICAL,datanode_service,Resource Exhaustion,Resource Exhaustion | Memory Pressure | Service Degradation | Network Congestion | Disk Bottleneck | Software Fault,CPU=81.5% | Memory=79.0% | ResponseTime=1657ms | Latency=734ms | DiskIO=138.7MB/s | Errors=4.2,6,81.49249999999999,79.0475,1656.9475,733.8025,138.7175,4.25,1
blk_6099969535654280329,0.584,HIGH,CRITICAL,datanode_service,Resource Exhaustion,Resource Exhaustion | Memory Pressure | Service Degradation | Network Congestion | Disk Bottleneck | Software Fault,CPU=92.4% | Memory=77.6% | ResponseTime=1230ms | Latency=601ms | DiskIO=150.5MB/s | Errors=6.0,6,92.43,77.6,1229.6,601.4,150.495,6.0,0
blk_85270131840045162,0.5839,HIGH,CRITICAL,datanode_service,Resource Exhaustion,Resource Exhaustion | Memory Pressure | Service Degradation | Network Congestion | Disk Bottleneck | Software Fault,CPU=81.1% | Memory=82.8% | ResponseTime=1649ms | Latency=731ms | DiskIO=141.1MB/s | Errors=4.0,6,81.1125,82.825,1649.3975,730.9325,141.0975,4.0,1
blk_221917554335930231,0.5838,HIGH,CRITICAL,datanode_service,Resource Exhaustion,Resource Exhaustion | Memory Pressure | Service Degradation | Network Congestion | Disk Bottleneck | Software Fault,CPU=80.5% | Memory=79.2% | ResponseTime=1684ms | Latency=576ms | DiskIO=128.3MB/s | Errors=6.2,6,80.4625,79.2175,1683.7375000000002,575.6775,128.275,6.25,1
blk_4424231237358726233,0.5833,HIGH,CRITICAL,datanode_service,Resource Exhaustion,Resource Exhaustion | Memory Pressure | Service Degradation | Network Congestion | Disk Bottleneck | Software Fault,CPU=89.3% | Memory=84.4% | ResponseTime=1865ms | Latency=632ms | DiskIO=133.1MB/s | Errors=4.0,6,89.2975,84.355,1865.21,631.7149999999999,133.0825,4.0,1
blk_-1277197068832649891,0.5831,HIGH,CRITICAL,datanode_service,Resource Exhaustion,Resource Exhaustion | Memory Pressure | Service Degradation | Network Congestion | Disk Bottleneck | Software Fault,CPU=88.4% | Memory=83.2% | ResponseTime=1890ms | Latency=625ms | DiskIO=169.9MB/s | Errors=5.0,6,88.41499999999999,83.1625,1890.4,624.7,169.875,5.0,1
blk_4709445542755276792,0.5826,HIGH,CRITICAL,datanode_service,Resource Exhaustion,Resource Exhaustion | Memory Pressure | Service Degradation | Network Congestion | Disk Bottleneck | Software Fault,CPU=83.2% | Memory=87.7% | ResponseTime=2256ms | Latency=600ms | DiskIO=175.6MB/s | Errors=5.0,6,83.16499999999999,87.655,2255.76,600.46,175.635,5.0,0
blk_3625990710637304795,0.5826,HIGH,CRITICAL,datanode_service,Resource Exhaustion,Resource Exhaustion | Memory Pressure | Service Degradation | Network Congestion | Disk Bottleneck | Software Fault,CPU=90.5% | Memory=84.5% | ResponseTime=1823ms | Latency=604ms | DiskIO=147.8MB/s | Errors=5.5,6,90.4625,84.5075,1822.75,604.035,147.8025,5.5,1
blk_8934766225352454790,0.5825,HIGH,CRITICAL,datanode_service,Resource Exhaustion,Resource Exhaustion | Memory Pressure | Service Degradation | Network Congestion | Disk Bottleneck | Software Fault,CPU=92.0% | Memory=78.5% | ResponseTime=1537ms | Latency=654ms | DiskIO=165.0MB/s | Errors=4.5,6,92.03,78.535,1536.7075,654.0125,164.9925,4.5,1
blk_-7212833529875609776,0.5823,HIGH,CRITICAL,datanode_service,Resource Exhaustion,Resource Exhaustion | Memory Pressure | Service Degradation | Network Congestion | Disk Bottleneck | Software Fault,CPU=87.6% | Memory=81.4% | ResponseTime=1633ms | Latency=501ms | DiskIO=144.5MB/s | Errors=4.5,6,87.62,81.41749999999999,1633.4175,501.2875,144.5025,4.5,1
blk_801340127755846785,0.5822,HIGH,CRITICAL,datanode_service,Resource Exhaustion,Resource Exhaustion | Memory Pressure | Service Degradation | Network Congestion | Disk Bottleneck | Software Fault,CPU=87.5% | Memory=84.6% | ResponseTime=1795ms | Latency=513ms | DiskIO=133.4MB/s | Errors=5.2,6,87.515,84.6125,1794.73,513.3050000000001,133.4,5.25,1
blk_-5595749812925160500,0.582,HIGH,CRITICAL,datanode_service,Resource Exhaustion,Resource Exhaustion | Memory Pressure | Service Degradation | Network Congestion | Disk Bottleneck | Software Fault,CPU=86.8% | Memory=84.9% | ResponseTime=1592ms | Latency=453ms | DiskIO=146.0MB/s | Errors=5.0,6,86.77,84.88,1591.64,452.84,146.02499999999998,5.0,0
blk_3534189322461673906,0.5817,HIGH,CRITICAL,datanode_service,Resource Exhaustion,Resource Exhaustion | Memory Pressure | Service Degradation | Network Congestion | Disk Bottleneck | Software Fault,CPU=84.5% | Memory=92.7% | ResponseTime=1687ms | Latency=691ms | DiskIO=149.5MB/s | Errors=5.5,6,84.53999999999999,92.735,1686.58,690.7049999999999,149.5,5.5,0
blk_-6153281532981284660,0.5814,HIGH,CRITICAL,datanode_service,Resource Exhaustion,Resource Exhaustion | Memory Pressure | Service Degradation | Network Congestion | Disk Bottleneck | Software Fault,CPU=90.9% | Memory=81.4% | ResponseTime=2456ms | Latency=529ms | DiskIO=123.8MB/s | Errors=4.0,6,90.855,81.42500000000001,2456.385,529.255,123.795,4.0,0
blk_4166802282531166944,0.5813,HIGH,CRITICAL,datanode_service,Resource Exhaustion,Resource Exhaustion | Memory Pressure | Service Degradation | Network Congestion | Disk Bottleneck | Software Fault,CPU=81.6% | Memory=83.8% | ResponseTime=1618ms | Latency=608ms | DiskIO=151.0MB/s | Errors=3.8,6,81.635,83.82,1617.7875,607.8100000000001,151.015,3.75,1
blk_6178906873981883624,0.5813,HIGH,CRITICAL,datanode_service,Resource Exhaustion,Resource Exhaustion | Memory Pressure | Service Degradation | Network Congestion | Disk Bottleneck | Software Fault,CPU=84.2% | Memory=82.0% | ResponseTime=1911ms | Latency=650ms | DiskIO=160.3MB/s | Errors=7.0,6,84.22999999999999,82.00999999999999,1911.415,650.44,160.29,7.0,0
blk_-1431194874800725113,0.5812,HIGH,CRITICAL,datanode_service,Resource Exhaustion,Resource Exhaustion | Memory Pressure | Service Degradation | Network Congestion | Disk Bottleneck | Software Fault,CPU=89.1% | Memory=80.8% | ResponseTime=1844ms | Latency=573ms | DiskIO=111.8MB/s | Errors=3.8,6,89.09,80.8425,1843.615,572.81,111.8175,3.75,1
blk_5482154336643183343,0.5811,HIGH,CRITICAL,datanode_service,Resource Exhaustion,Resource Exhaustion | Memory Pressure | Service Degradation | Network Congestion | Disk Bottleneck | Software Fault,CPU=95.8% | Memory=85.2% | ResponseTime=1693ms | Latency=405ms | DiskIO=168.0MB/s | Errors=4.5,6,95.84,85.18,1692.9899999999998,405.43,167.98000000000002,4.5,0
blk_-5544620303468241051,0.5808,HIGH,CRITICAL,datanode_service,Resource Exhaustion,Resource Exhaustion | Memory Pressure | Service Degradation | Network Congestion | Disk Bottleneck | Software Fault,CPU=81.2% | Memory=80.2% | ResponseTime=1695ms | Latency=452ms | DiskIO=149.3MB/s | Errors=5.5,6,81.2125,80.225,1694.9875,451.8825,149.2875,5.5,1
blk_980295100400604589,0.5808,HIGH,CRITICAL,datanode_service,Resource Exhaustion,Resource Exhaustion | Memory Pressure | Service Degradation | Network Congestion | Disk Bottleneck | Software Fault,CPU=93.1% | Memory=82.4% | ResponseTime=1800ms | Latency=806ms | DiskIO=138.5MB/s | Errors=3.0,6,93.13,82.38,1799.93,806.3050000000001,138.515,3.0,0
blk_-9000922189914217078,0.5806,HIGH,CRITICAL,datanode_service,Resource Exhaustion,Resource Exhaustion | Memory Pressure | Service Degradation | Network Congestion | Disk Bottleneck | Software Fault,CPU=81.5% | Memory=82.9% | ResponseTime=1475ms | Latency=498ms | DiskIO=132.0MB/s | Errors=4.5,6,81.46000000000001,82.8775,1475.0749999999998,498.0575,131.97750000000002,4.5,1
blk_5495277997318852494,0.5804,HIGH,CRITICAL,datanode_service,Resource Exhaustion,Resource Exhaustion | Memory Pressure | Service Degradation | Network Congestion | Disk Bottleneck | Software Fault,CPU=81.2% | Memory=79.2% | ResponseTime=1507ms | Latency=374ms | DiskIO=140.5MB/s | Errors=6.0,6,81.22,79.1575,1506.915,373.5325,140.54250000000002,6.0,1
blk_3376054589181354068,0.5799,HIGH,CRITICAL,datanode_service,Resource Exhaustion,Resource Exhaustion | Memory Pressure | Service Degradation | Network Congestion | Disk Bottleneck | Software Fault,CPU=90.7% | Memory=83.0% | ResponseTime=1891ms | Latency=503ms | DiskIO=155.9MB/s | Errors=4.2,6,90.7075,82.985,1891.415,502.7825,155.885,4.25,1
blk_-3660474193003461184,0.5799,HIGH,CRITICAL,datanode_service,Resource Exhaustion,Resource Exhaustion | Memory Pressure | Service Degradation | Network Congestion | Disk Bottleneck | Software Fault,CPU=88.7% | Memory=72.9% | ResponseTime=2040ms | Latency=516ms | DiskIO=135.4MB/s | Errors=6.0,6,88.715,72.85499999999999,2039.615,516.24,135.375,6.0,0
blk_3680251767538222073,0.5798,HIGH,CRITICAL,datanode_service,Resource Exhaustion,Resource Exhaustion | Memory Pressure | Service Degradation | Network Congestion | Disk Bottleneck | Software Fault,CPU=86.6% | Memory=86.1% | ResponseTime=1393ms | Latency=720ms | DiskIO=134.8MB/s | Errors=5.0,6,86.6,86.1,1392.585,720.0799999999999,134.845,5.0,0
blk_-6744501669016713784,0.5798,HIGH,CRITICAL,datanode_service,Resource Exhaustion,Resource Exhaustion | Memory Pressure | Service Degradation | Network Congestion | Disk Bottleneck | Software Fault,CPU=86.5% | Memory=83.9% | ResponseTime=2206ms | Latency=325ms | DiskIO=143.7MB/s | Errors=5.5,6,86.5,83.9,2206.3,325.015,143.72500000000002,5.5,0
blk_440183895249480940,0.5793,HIGH,CRITICAL,datanode_service,Resource Exhaustion,Resource Exhaustion | Memory Pressure | Service Degradation | Network Congestion | Disk Bottleneck | Software Fault,CPU=88.3% | Memory=84.3% | ResponseTime=1440ms | Latency=706ms | DiskIO=135.1MB/s | Errors=5.5,6,88.345,84.34,1440.37,705.78,135.06,5.5,0
blk_4169736028360445393,0.5789,HIGH,CRITICAL,datanode_service,Resource Exhaustion,Resource Exhaustion | Memory Pressure | Service Degradation | Network Congestion | Disk Bottleneck | Software Fault,CPU=86.2% | Memory=74.4% | ResponseTime=1574ms | Latency=701ms | DiskIO=136.2MB/s | Errors=5.0,6,86.19999999999999,74.43,1573.9550000000002,700.515,136.225,5.0,0
blk_-450573176598492760,0.5786,HIGH,CRITICAL,datanode_service,Resource Exhaustion,Resource Exhaustion | Memory Pressure | Service Degradation | Network Congestion | Disk Bottleneck | Software Fault,CPU=93.1% | Memory=80.5% | ResponseTime=1555ms | Latency=533ms | DiskIO=153.2MB/s | Errors=4.0,6,93.085,80.47749999999999,1554.9275,532.6825,153.1875,4.0,1
blk_7623578175095321568,0.5785,HIGH,CRITICAL,datanode_service,Resource Exhaustion,Resource Exhaustion | Memory Pressure | Service Degradation | Network Congestion | Disk Bottleneck | Software Fault,CPU=88.4% | Memory=80.7% | ResponseTime=1461ms | Latency=570ms | DiskIO=148.6MB/s | Errors=4.5,6,88.355,80.7225,1461.085,570.1875,148.6475,4.5,1
blk_3300261704201746050,0.5783,HIGH,CRITICAL,datanode_service,Resource Exhaustion,Resource Exhaustion | Memory Pressure | Service Degradation | Network Congestion | Disk Bottleneck | Software Fault,CPU=89.2% | Memory=82.4% | ResponseTime=2069ms | Latency=707ms | DiskIO=134.5MB/s | Errors=5.0,6,89.185,82.39,2068.86,707.28,134.505,5.0,0
blk_666056095857778739,0.5778,HIGH,CRITICAL,datanode_service,Resource Exhaustion,Resource Exhaustion | Memory Pressure | Service Degradation | Network Congestion | Disk Bottleneck | Software Fault,CPU=80.1% | Memory=76.1% | ResponseTime=2054ms | Latency=534ms | DiskIO=143.6MB/s | Errors=5.0,6,80.13499999999999,76.095,2053.735,534.075,143.595,5.0,0
blk_5908206538552454113,0.5775,HIGH,CRITICAL,datanode_service,Resource Exhaustion,Resource Exhaustion | Memory Pressure | Service Degradation | Network Congestion | Disk Bottleneck | Software Fault,CPU=81.9% | Memory=84.3% | ResponseTime=1464ms | Latency=737ms | DiskIO=158.9MB/s | Errors=4.2,6,81.9175,84.27000000000001,1463.985,736.9475,158.91,4.25,1
blk_4541000363587104455,0.5773,HIGH,CRITICAL,datanode_service,Resource Exhaustion,Resource Exhaustion | Memory Pressure | Service Degradation | Network Congestion | Disk Bottleneck | Software Fault,CPU=86.5% | Memory=80.3% | ResponseTime=1835ms | Latency=762ms | DiskIO=121.6MB/s | Errors=6.0,6,86.51,80.34,1834.815,762.2750000000001,121.595,6.0,0
blk_770806611882117120,0.5772,HIGH,CRITICAL,datanode_service,Resource Exhaustion,Resource Exhaustion | Memory Pressure | Service Degradation | Network Congestion | Disk Bottleneck | Software Fault,CPU=78.6% | Memory=84.1% | ResponseTime=2174ms | Latency=721ms | DiskIO=161.6MB/s | Errors=5.0,6,78.63499999999999,84.08500000000001,2174.26,721.47,161.595,5.0,0
blk_3546733875393412874,0.5772,HIGH,CRITICAL,datanode_service,Resource Exhaustion,Resource Exhaustion | Memory Pressure | Service Degradation | Network Congestion | Disk Bottleneck | Software Fault,CPU=82.6% | Memory=83.0% | ResponseTime=1275ms | Latency=761ms | DiskIO=118.0MB/s | Errors=4.2,6,82.615,82.9575,1274.595,761.335,118.025,4.25,1
blk_8748847738424564579,0.5772,HIGH,CRITICAL,datanode_service,Resource Exhaustion,Resource Exhaustion | Memory Pressure | Service Degradation | Network Congestion | Disk Bottleneck | Software Fault,CPU=97.2% | Memory=87.1% | ResponseTime=1563ms | Latency=463ms | DiskIO=148.8MB/s | Errors=4.5,6,97.2075,87.0975,1563.1174999999998,463.165,148.85,4.5,1
blk_-2763054326076297840,0.577,HIGH,CRITICAL,datanode_service,Resource Exhaustion,Resource Exhaustion | Memory Pressure | Service Degradation | Network Congestion | Disk Bottleneck | Software Fault,CPU=88.0% | Memory=83.1% | ResponseTime=1549ms | Latency=456ms | DiskIO=157.1MB/s | Errors=5.0,6,87.99000000000001,83.13,1549.0475,456.1175,157.11,5.0,1
blk_2663773345493262094,0.577,HIGH,CRITICAL,datanode_service,Resource Exhaustion,Resource Exhaustion | Memory Pressure | Service Degradation | Network Congestion | Disk Bottleneck | Software Fault,CPU=91.0% | Memory=81.3% | ResponseTime=1737ms | Latency=514ms | DiskIO=144.3MB/s | Errors=4.0,6,91.035,81.265,1737.25,513.685,144.28,4.0,1
blk_417968972594446581,0.5768,HIGH,CRITICAL,datanode_service,Resource Exhaustion,Resource Exhaustion | Memory Pressure | Service Degradation | Network Congestion | Disk Bottleneck | Software Fault,CPU=86.1% | Memory=80.0% | ResponseTime=1557ms | Latency=516ms | DiskIO=157.4MB/s | Errors=4.8,6,86.0675,79.9975,1557.35,516.4025,157.4375,4.75,1
blk_3874529700922305753,0.5768,HIGH,CRITICAL,datanode_service,Resource Exhaustion,Resource Exhaustion | Memory Pressure | Service Degradation | Network Congestion | Disk Bottleneck | Software Fault,CPU=99.7% | Memory=80.8% | ResponseTime=1658ms | Latency=526ms | DiskIO=114.7MB/s | Errors=6.0,6,99.65,80.825,1658.465,526.395,114.715,6.0,0
blk_-2950816402572734339,0.5759,HIGH,CRITICAL,datanode_service,Resource Exhaustion,Resource Exhaustion | Memory Pressure | Service Degradation | Network Congestion | Disk Bottleneck | Software Fault,CPU=94.9% | Memory=73.6% | ResponseTime=1360ms | Latency=517ms | DiskIO=106.9MB/s | Errors=6.5,6,94.895,73.645,1359.91,517.115,106.94,6.5,0
blk_9011288431719195543,0.5751,HIGH,CRITICAL,datanode_service,Resource Exhaustion,Resource Exhaustion | Memory Pressure | Service Degradation | Network Congestion | Disk Bottleneck | Software Fault,CPU=91.9% | Memory=83.4% | ResponseTime=1700ms | Latency=407ms | DiskIO=138.0MB/s | Errors=6.5,6,91.915,83.36500000000001,1700.25,406.695,138.03,6.5,0
blk_-4577393033069239205,0.575,HIGH,CRITICAL,datanode_service,Resource Exhaustion,Resource Exhaustion | Memory Pressure | Service Degradation | Network Congestion | Disk Bottleneck | Software Fault,CPU=87.6% | Memory=87.6% | ResponseTime=1786ms | Latency=765ms | DiskIO=96.5MB/s | Errors=5.5,6,87.55000000000001,87.61,1786.06,764.94,96.485,5.5,0
blk_8257302957105182577,0.5742,HIGH,CRITICAL,datanode_service,Resource Exhaustion,Resource Exhaustion | Memory Pressure | Service Degradation | Network Congestion | Disk Bottleneck | Software Fault,CPU=77.0% | Memory=85.4% | ResponseTime=1953ms | Latency=583ms | DiskIO=152.1MB/s | Errors=6.0,6,76.975,85.42500000000001,1953.47,582.6949999999999,152.07999999999998,6.0,0
blk_8415171329581136106,0.5735,HIGH,CRITICAL,datanode_service,Resource Exhaustion,Resource Exhaustion | Memory Pressure | Service Degradation | Network Congestion | Disk Bottleneck | Software Fault,CPU=86.2% | Memory=85.7% | ResponseTime=2521ms | Latency=635ms | DiskIO=123.7MB/s | Errors=4.0,6,86.25,85.685,2520.65,635.04,123.705,4.0,0
blk_-8313086648804036357,0.5735,HIGH,CRITICAL,datanode_service,Resource Exhaustion,Resource Exhaustion | Memory Pressure | Service Degradation | Network Congestion | Disk Bottleneck | Software Fault,CPU=95.8% | Memory=82.6% | ResponseTime=1224ms | Latency=664ms | DiskIO=146.2MB/s | Errors=5.0,6,95.77,82.6,1224.48,664.02,146.16,5.0,0
blk_701002159220026110,0.5734,HIGH,CRITICAL,datanode_service,Resource Exhaustion,Resource Exhaustion | Memory Pressure | Service Degradation | Network Congestion | Disk Bottleneck | Software Fault,CPU=90.4% | Memory=83.0% | ResponseTime=1893ms | Latency=546ms | DiskIO=152.3MB/s | Errors=3.5,6,90.355,82.98,1892.515,546.47,152.28,3.5,0
blk_-6058679412234128632,0.5731,HIGH,CRITICAL,datanode_service,Resource Exhaustion,Resource Exhaustion | Memory Pressure | Service Degradation | Network Congestion | Disk Bottleneck | Software Fault,CPU=89.1% | Memory=78.9% | ResponseTime=2079ms | Latency=437ms | DiskIO=124.1MB/s | Errors=3.2,6,89.0825,78.9125,2078.5075,437.28,124.085,3.25,1
blk_-6635163678784332104,0.5727,HIGH,CRITICAL,datanode_service,Resource Exhaustion,Resource Exhaustion | Memory Pressure | Service Degradation | Network Congestion | Disk Bottleneck | Software Fault,CPU=87.2% | Memory=93.0% | ResponseTime=1724ms | Latency=439ms | DiskIO=142.6MB/s | Errors=3.0,6,87.235,93.005,1724.16,438.555,142.60500000000002,3.0,0
blk_7206272960825976955,0.5727,HIGH,CRITICAL,datanode_service,Resource Exhaustion,Resource Exhaustion | Memory Pressure | Service Degradation | Network Congestion | Disk Bottleneck | Software Fault,CPU=81.6% | Memory=80.7% | ResponseTime=1438ms | Latency=625ms | DiskIO=142.6MB/s | Errors=5.0,6,81.59,80.7175,1438.45,624.8925,142.60000000000002,5.0,1
blk_-7864546511495805778,0.5726,HIGH,CRITICAL,datanode_service,Resource Exhaustion,Resource Exhaustion | Memory Pressure | Service Degradation | Network Congestion | Disk Bottleneck | Software Fault,CPU=90.3% | Memory=85.3% | ResponseTime=1830ms | Latency=636ms | DiskIO=148.8MB/s | Errors=3.5,6,90.335,85.3,1830.045,636.1600000000001,148.755,3.5,0
blk_6136395452063375170,0.5723,HIGH,CRITICAL,datanode_service,Resource Exhaustion,Resource Exhaustion | Memory Pressure | Service Degradation | Network Congestion | Disk Bottleneck | Software Fault,CPU=90.7% | Memory=79.2% | ResponseTime=1684ms | Latency=666ms | DiskIO=148.5MB/s | Errors=6.5,6,90.735,79.245,1683.95,666.285,148.45999999999998,6.5,0
blk_8147760587281949309,0.5718,HIGH,CRITICAL,datanode_service,Resource Exhaustion,Resource Exhaustion | Memory Pressure | Service Degradation | Network Congestion | Disk Bottleneck | Software Fault,CPU=86.9% | Memory=84.0% | ResponseTime=1706ms | Latency=592ms | DiskIO=157.8MB/s | Errors=4.0,6,86.9075,83.98,1705.935,592.3725,157.8,4.0,1
blk_3607158671433150351,0.5717,HIGH,CRITICAL,datanode_service,Resource Exhaustion,Resource Exhaustion | Memory Pressure | Service Degradation | Network Congestion | Disk Bottleneck | Software Fault,CPU=96.9% | Memory=81.5% | ResponseTime=1483ms | Latency=620ms | DiskIO=135.2MB/s | Errors=4.5,6,96.935,81.515,1483.035,619.895,135.23,4.5,0
blk_-21694600313078282,0.5716,HIGH,CRITICAL,datanode_service,Resource Exhaustion,Resource Exhaustion | Memory Pressure | Service Degradation | Network Congestion | Disk Bottleneck | Software Fault,CPU=86.4% | Memory=86.0% | ResponseTime=1503ms | Latency=555ms | DiskIO=139.0MB/s | Errors=5.0,6,86.4,86.015,1502.785,555.145,138.9775,5.0,1
blk_7137330575142081744,0.5713,HIGH,CRITICAL,datanode_service,Resource Exhaustion,Resource Exhaustion | Memory Pressure | Service Degradation | Network Congestion | Disk Bottleneck | Software Fault,CPU=82.7% | Memory=77.2% | ResponseTime=1787ms | Latency=650ms | DiskIO=164.3MB/s | Errors=4.5,6,82.66999999999999,77.2,1787.2800000000002,650.41,164.34,4.5,0
blk_6182439175029755030,0.5708,HIGH,CRITICAL,datanode_service,Resource Exhaustion,Resource Exhaustion | Memory Pressure | Service Degradation | Network Congestion | Disk Bottleneck | Software Fault,CPU=86.4% | Memory=87.6% | ResponseTime=1946ms | Latency=625ms | DiskIO=137.6MB/s | Errors=4.5,6,86.38499999999999,87.64,1945.955,624.615,137.585,4.5,0
blk_188682839063125077,0.5706,HIGH,CRITICAL,datanode_service,Resource Exhaustion,Resource Exhaustion | Memory Pressure | Service Degradation | Network Congestion | Disk Bottleneck | Software Fault,CPU=87.5% | Memory=83.3% | ResponseTime=1942ms | Latency=640ms | DiskIO=161.9MB/s | Errors=3.5,6,87.465,83.315,1942.28,640.1600000000001,161.945,3.5,0
blk_-5752217701907761306,0.5701,HIGH,CRITICAL,datanode_service,Resource Exhaustion,Resource Exhaustion | Memory Pressure | Service Degradation | Network Congestion | Disk Bottleneck | Software Fault,CPU=88.2% | Memory=82.7% | ResponseTime=1889ms | Latency=494ms | DiskIO=155.0MB/s | Errors=3.8,6,88.245,82.74,1888.7175,493.855,155.025,3.75,1
blk_-5807456300674849904,0.5701,HIGH,CRITICAL,datanode_service,Resource Exhaustion,Resource Exhaustion | Memory Pressure | Service Degradation | Network Congestion | Disk Bottleneck | Software Fault,CPU=78.0% | Memory=74.0% | ResponseTime=1784ms | Latency=872ms | DiskIO=132.9MB/s | Errors=5.0,6,77.975,74.03999999999999,1784.0500000000002,871.995,132.85500000000002,5.0,0
blk_7344562686205640955,0.5701,HIGH,CRITICAL,datanode_service,Resource Exhaustion,Resource Exhaustion | Memory Pressure | Service Degradation | Network Congestion | Disk Bottleneck | Software Fault,CPU=89.5% | Memory=81.5% | ResponseTime=1847ms | Latency=590ms | DiskIO=103.6MB/s | Errors=5.0,6,89.52000000000001,81.49000000000001,1846.715,590.435,103.64,5.0,0
blk_-3363372572016922657,0.57,HIGH,CRITICAL,datanode_service,Resource Exhaustion,Resource Exhaustion | Memory Pressure | Service Degradation | Network Congestion | Disk Bottleneck | Software Fault,CPU=89.1% | Memory=72.4% | ResponseTime=1415ms | Latency=604ms | DiskIO=123.0MB/s | Errors=6.0,6,89.055,72.375,1415.265,604.06,123.035,6.0,0
blk_2017950128926499768,0.57,HIGH,CRITICAL,datanode_service,Resource Exhaustion,Resource Exhaustion | Memory Pressure | Service Degradation | Network Congestion | Disk Bottleneck | Software Fault,CPU=81.9% | Memory=80.4% | ResponseTime=1845ms | Latency=681ms | DiskIO=124.9MB/s | Errors=6.0,6,81.91,80.445,1844.56,681.0899999999999,124.865,6.0,0
blk_-2243172307206444839,0.5699,HIGH,CRITICAL,datanode_service,Resource Exhaustion,Resource Exhaustion | Memory Pressure | Service Degradation | Network Congestion | Disk Bottleneck | Software Fault,CPU=93.3% | Memory=81.3% | ResponseTime=1854ms | Latency=491ms | DiskIO=107.3MB/s | Errors=5.5,6,93.28,81.28,1853.945,491.36,107.28,5.5,0
blk_-4974918137381700620,0.5699,HIGH,CRITICAL,datanode_service,Resource Exhaustion,Resource Exhaustion | Memory Pressure | Service Degradation | Network Congestion | Disk Bottleneck | Software Fault,CPU=92.3% | Memory=76.8% | ResponseTime=1377ms | Latency=648ms | DiskIO=166.1MB/s | Errors=6.0,6,92.315,76.805,1377.04,648.38,166.06,6.0,0
blk_-6593710753306472246,0.5697,HIGH,CRITICAL,datanode_service,Resource Exhaustion,Resource Exhaustion | Memory Pressure | Service Degradation | Network Congestion | Disk Bottleneck | Software Fault,CPU=95.7% | Memory=82.6% | ResponseTime=1701ms | Latency=526ms | DiskIO=135.9MB/s | Errors=4.0,6,95.73,82.6,1701.1875,525.6575,135.9325,4.0,1
blk_9071771347098105771,0.5695,HIGH,CRITICAL,datanode_service,Resource Exhaustion,Resource Exhaustion | Memory Pressure | Service Degradation | Network Congestion | Disk Bottleneck | Software Fault,CPU=87.7% | Memory=82.3% | ResponseTime=1114ms | Latency=433ms | DiskIO=140.8MB/s | Errors=4.2,6,87.7475,82.255,1114.0325,432.7675,140.8025,4.25,1
blk_3695457304136720391,0.5695,HIGH,CRITICAL,datanode_service,Resource Exhaustion,Resource Exhaustion | Memory Pressure | Service Degradation | Network Congestion | Disk Bottleneck | Software Fault,CPU=85.4% | Memory=91.5% | ResponseTime=1531ms | Latency=679ms | DiskIO=144.2MB/s | Errors=5.0,6,85.445,91.54,1531.0549999999998,679.4000000000001,144.235,5.0,0
blk_1329208475422023145,0.5691,HIGH,CRITICAL,datanode_service,Resource Exhaustion,Resource Exhaustion | Memory Pressure | Service Degradation | Network Congestion | Disk Bottleneck | Software Fault,CPU=87.4% | Memory=79.8% | ResponseTime=1241ms | Latency=840ms | DiskIO=137.8MB/s | Errors=6.0,6,87.38,79.85,1240.82,839.9200000000001,137.775,6.0,0
blk_-8284398136955187158,0.5691,HIGH,CRITICAL,datanode_service,Resource Exhaustion,Resource Exhaustion | Memory Pressure | Service Degradation | Network Congestion | Disk Bottleneck | Software Fault,CPU=94.2% | Memory=74.5% | ResponseTime=1358ms | Latency=680ms | DiskIO=117.1MB/s | Errors=6.0,6,94.21,74.52,1357.525,679.505,117.085,6.0,0
blk_-1493308149391278795,0.569,HIGH,CRITICAL,datanode_service,Resource Exhaustion,Resource Exhaustion | Memory Pressure | Service Degradation | Network Congestion | Disk Bottleneck | Software Fault,CPU=90.2% | Memory=84.7% | ResponseTime=2022ms | Latency=448ms | DiskIO=140.3MB/s | Errors=3.2,6,90.245,84.745,2022.3175,447.7175,140.265,3.25,1
blk_-8768736569790375281,0.5687,HIGH,CRITICAL,datanode_service,Resource Exhaustion,Resource Exhaustion | Memory Pressure | Service Degradation | Network Congestion | Disk Bottleneck | Software Fault,CPU=88.6% | Memory=89.5% | ResponseTime=1976ms | Latency=658ms | DiskIO=149.6MB/s | Errors=4.0,6,88.63499999999999,89.485,1975.52,657.57,149.59,4.0,0
blk_7813615865800609642,0.5675,HIGH,CRITICAL,datanode_service,Resource Exhaustion,Resource Exhaustion | Memory Pressure | Service Degradation | Network Congestion | Disk Bottleneck | Software Fault,CPU=99.1% | Memory=89.4% | ResponseTime=1255ms | Latency=736ms | DiskIO=99.9MB/s | Errors=4.5,6,99.095,89.425,1254.6799999999998,735.915,99.87,4.5,0
blk_-1188841150645918532,0.5673,HIGH,CRITICAL,datanode_service,Resource Exhaustion,Resource Exhaustion | Memory Pressure | Service Degradation | Network Congestion | Disk Bottleneck | Software Fault,CPU=86.6% | Memory=78.6% | ResponseTime=1861ms | Latency=389ms | DiskIO=133.5MB/s | Errors=5.0,6,86.57,78.57499999999999,1861.16,388.5025,133.45499999999998,5.0,1
blk_-3947118178407586866,0.5672,HIGH,CRITICAL,datanode_service,Resource Exhaustion,Resource Exhaustion | Memory Pressure | Service Degradation | Network Congestion | Disk Bottleneck | Software Fault,CPU=83.0% | Memory=81.1% | ResponseTime=1663ms | Latency=544ms | DiskIO=153.3MB/s | Errors=6.5,6,83.02,81.11500000000001,1662.965,543.565,153.35,6.5,1
blk_9146244940595989753,0.567,HIGH,CRITICAL,datanode_service,Resource Exhaustion,Resource Exhaustion | Memory Pressure | Service Degradation | Network Congestion | Disk Bottleneck | Software Fault,CPU=87.9% | Memory=84.8% | ResponseTime=1536ms | Latency=486ms | DiskIO=219.6MB/s | Errors=5.0,6,87.91,84.82499999999999,1535.8200000000002,485.925,219.62,5.0,0
blk_8312228105732292558,0.5669,HIGH,CRITICAL,datanode_service,Resource Exhaustion,Resource Exhaustion | Memory Pressure | Service Degradation | Network Congestion | Disk Bottleneck | Software Fault,CPU=89.2% | Memory=79.0% | ResponseTime=1761ms | Latency=465ms | DiskIO=114.3MB/s | Errors=4.2,6,89.21000000000001,79.02000000000001,1760.8375,465.035,114.315,4.25,1
blk_8651970783815872348,0.5666,HIGH,CRITICAL,datanode_service,Resource Exhaustion,Resource Exhaustion | Memory Pressure | Service Degradation | Network Congestion | Disk Bottleneck | Software Fault,CPU=87.8% | Memory=69.8% | ResponseTime=1805ms | Latency=610ms | DiskIO=113.6MB/s | Errors=6.5,6,87.845,69.78999999999999,1805.32,610.435,113.56,6.5,0
blk_-202615617634445955,0.5665,HIGH,CRITICAL,datanode_service,Resource Exhaustion,Resource Exhaustion | Memory Pressure | Service Degradation | Network Congestion | Disk Bottleneck | Software Fault,CPU=81.4% | Memory=78.3% | ResponseTime=1742ms | Latency=528ms | DiskIO=158.3MB/s | Errors=5.2,6,81.44749999999999,78.2675,1741.84,527.69,158.2725,5.25,1
blk_3261715694437905825,0.5663,HIGH,CRITICAL,datanode_service,Resource Exhaustion,Resource Exhaustion | Memory Pressure | Service Degradation | Network Congestion | Disk Bottleneck | Software Fault,CPU=85.3% | Memory=79.3% | ResponseTime=1793ms | Latency=560ms | DiskIO=144.5MB/s | Errors=5.5,6,85.33,79.28,1792.9,559.58,144.475,5.5,0
blk_9014433312276149339,0.5658,HIGH,CRITICAL,datanode_service,Resource Exhaustion,Resource Exhaustion | Memory Pressure | Service Degradation | Network Congestion | Disk Bottleneck | Software Fault,CPU=84.0% | Memory=86.8% | ResponseTime=1591ms | Latency=479ms | DiskIO=145.5MB/s | Errors=4.5,6,84.005,86.7875,1590.735,479.09,145.48250000000002,4.5,1
blk_1180109165184242001,0.5653,HIGH,CRITICAL,datanode_service,Resource Exhaustion,Resource Exhaustion | Memory Pressure | Service Degradation | Network Congestion | Disk Bottleneck | Software Fault,CPU=79.2% | Memory=85.6% | ResponseTime=2260ms | Latency=629ms | DiskIO=171.5MB/s | Errors=3.5,6,79.25,85.58,2259.87,629.325,171.51999999999998,3.5,0
blk_-7668609217013872025,0.5652,HIGH,CRITICAL,datanode_service,Resource Exhaustion,Resource Exhaustion | Memory Pressure | Service Degradation | Network Congestion | Disk Bottleneck | Software Fault,CPU=84.8% | Memory=86.6% | ResponseTime=1288ms | Latency=624ms | DiskIO=135.4MB/s | Errors=5.0,6,84.8075,86.585,1287.9,623.7925,135.41500000000002,5.0,1
blk_3268477401150427764,0.5649,HIGH,CRITICAL,datanode_service,Resource Exhaustion,Resource Exhaustion | Memory Pressure | Service Degradation | Network Congestion | Disk Bottleneck | Software Fault,CPU=84.2% | Memory=78.6% | ResponseTime=2279ms | Latency=555ms | DiskIO=167.7MB/s | Errors=4.5,6,84.16,78.575,2279.07,554.665,167.72,4.5,0
blk_-3985742077188020431,0.5648,HIGH,CRITICAL,datanode_service,Resource Exhaustion,Resource Exhaustion | Memory Pressure | Service Degradation | Network Congestion | Disk Bottleneck | Software Fault,CPU=78.6% | Memory=79.4% | ResponseTime=1983ms | Latency=700ms | DiskIO=149.3MB/s | Errors=4.0,6,78.58500000000001,79.35499999999999,1983.185,700.315,149.3,4.0,0
blk_6856362563352016135,0.5639,HIGH,CRITICAL,datanode_service,Resource Exhaustion,Resource Exhaustion | Memory Pressure | Service Degradation | Network Congestion | Disk Bottleneck | Software Fault,CPU=87.4% | Memory=77.3% | ResponseTime=1839ms | Latency=523ms | DiskIO=151.1MB/s | Errors=5.5,6,87.385,77.3025,1838.55,523.255,151.115,5.5,1
blk_3928660122009128821,0.5637,HIGH,CRITICAL,datanode_service,Resource Exhaustion,Resource Exhaustion | Memory Pressure | Service Degradation | Network Congestion | Disk Bottleneck | Software Fault,CPU=79.4% | Memory=82.9% | ResponseTime=1771ms | Latency=788ms | DiskIO=163.0MB/s | Errors=4.2,6,79.3575,82.945,1771.225,787.885,163.0275,4.25,1
blk_1832888410618790020,0.5636,HIGH,CRITICAL,datanode_service,Resource Exhaustion,Resource Exhaustion | Memory Pressure | Service Degradation | Network Congestion | Disk Bottleneck | Software Fault,CPU=85.0% | Memory=85.5% | ResponseTime=1396ms | Latency=690ms | DiskIO=141.0MB/s | Errors=5.2,6,85.02250000000001,85.45,1395.6,689.6575,141.04500000000002,5.25,1
blk_-6217822871208720302,0.5629,HIGH,CRITICAL,datanode_service,Resource Exhaustion,Resource Exhaustion | Memory Pressure | Service Degradation | Network Congestion | Disk Bottleneck | Software Fault,CPU=93.6% | Memory=88.2% | ResponseTime=1721ms | Latency=679ms | DiskIO=128.0MB/s | Errors=4.5,6,93.555,88.17,1721.315,679.465,127.95,4.5,0
blk_4259117340930533364,0.5628,HIGH,CRITICAL,datanode_service,Resource Exhaustion,Resource Exhaustion | Memory Pressure | Service Degradation | Network Congestion | Disk Bottleneck | Software Fault,CPU=88.4% | Memory=83.5% | ResponseTime=1585ms | Latency=577ms | DiskIO=136.1MB/s | Errors=4.5,6,88.435,83.4875,1585.2,576.97,136.1175,4.5,1
blk_-5219904604099061293,0.5627,HIGH,CRITICAL,datanode_service,Resource Exhaustion,Resource Exhaustion | Memory Pressure | Service Degradation | Network Congestion | Disk Bottleneck | Software Fault,CPU=86.8% | Memory=85.4% | ResponseTime=1520ms | Latency=443ms | DiskIO=131.4MB/s | Errors=4.8,6,86.8275,85.405,1520.085,442.5925,131.38,4.75,1
blk_1907193123990348590,0.5623,HIGH,CRITICAL,datanode_service,Resource Exhaustion,Resource Exhaustion | Memory Pressure | Service Degradation | Network Congestion | Disk Bottleneck | Software Fault,CPU=78.1% | Memory=85.2% | ResponseTime=2522ms | Latency=579ms | DiskIO=158.8MB/s | Errors=5.5,6,78.105,85.17,2522.295,578.9300000000001,158.84,5.5,0
blk_6556330535599169335,0.5623,HIGH,CRITICAL,datanode_service,Resource Exhaustion,Resource Exhaustion | Memory Pressure | Service Degradation | Network Congestion | Disk Bottleneck | Software Fault,CPU=79.1% | Memory=83.3% | ResponseTime=1868ms | Latency=533ms | DiskIO=111.7MB/s | Errors=4.5,6,79.1,83.265,1867.82,532.755,111.705,4.5,0
blk_6505703663224043518,0.5621,HIGH,CRITICAL,datanode_service,Resource Exhaustion,Resource Exhaustion | Memory Pressure | Service Degradation | Network Congestion | Disk Bottleneck | Software Fault,CPU=91.3% | Memory=77.6% | ResponseTime=1224ms | Latency=875ms | DiskIO=94.7MB/s | Errors=5.0,6,91.305,77.595,1224.06,875.0999999999999,94.67,5.0,0
blk_-7995923271031200799,0.5621,HIGH,CRITICAL,datanode_service,Resource Exhaustion,Resource Exhaustion | Memory Pressure | Service Degradation | Network Congestion | Disk Bottleneck | Software Fault,CPU=91.3% | Memory=87.1% | ResponseTime=2134ms | Latency=498ms | DiskIO=123.2MB/s | Errors=4.5,6,91.305,87.115,2133.875,497.87,123.195,4.5,0
blk_-1766234353249632834,0.5619,HIGH,CRITICAL,datanode_service,Resource Exhaustion,Resource Exhaustion | Memory Pressure | Service Degradation | Network Congestion | Disk Bottleneck | Software Fault,CPU=81.8% | Memory=74.9% | ResponseTime=1733ms | Latency=769ms | DiskIO=138.3MB/s | Errors=4.5,6,81.84,74.9125,1732.9225,769.49,138.32,4.5,1
blk_9174720966448299466,0.5614,HIGH,CRITICAL,datanode_service,Resource Exhaustion,Resource Exhaustion | Memory Pressure | Service Degradation | Network Congestion | Disk Bottleneck | Software Fault,CPU=90.1% | Memory=83.4% | ResponseTime=1927ms | Latency=352ms | DiskIO=140.1MB/s | Errors=5.5,6,90.055,83.43,1927.305,351.975,140.06,5.5,0
blk_4266406262272378011,0.5614,HIGH,CRITICAL,datanode_service,Resource Exhaustion,Resource Exhaustion | Memory Pressure | Service Degradation | Network Congestion | Disk Bottleneck | Software Fault,CPU=85.6% | Memory=88.6% | ResponseTime=2314ms | Latency=433ms | DiskIO=163.9MB/s | Errors=3.0,6,85.61000000000001,88.63,2313.9,432.965,163.86,3.0,0
blk_-2070072475237225773,0.5613,HIGH,CRITICAL,datanode_service,Resource Exhaustion,Resource Exhaustion | Memory Pressure | Service Degradation | Network Congestion | Disk Bottleneck | Software Fault,CPU=88.1% | Memory=87.7% | ResponseTime=1791ms | Latency=569ms | DiskIO=143.2MB/s | Errors=3.0,6,88.08500000000001,87.67500000000001,1790.505,568.84,143.225,3.0,0
blk_6497123060009861497,0.5606,HIGH,CRITICAL,datanode_service,Resource Exhaustion,Resource Exhaustion | Memory Pressure | Service Degradation | Network Congestion | Disk Bottleneck | Software Fault,CPU=88.2% | Memory=88.7% | ResponseTime=1766ms | Latency=685ms | DiskIO=139.3MB/s | Errors=5.0,6,88.22,88.72,1766.265,685.35,139.28,5.0,0
blk_-4929135136928360145,0.5602,HIGH,CRITICAL,datanode_service,Resource Exhaustion,Resource Exhaustion | Memory Pressure | Service Degradation | Network Congestion | Disk Bottleneck | Software Fault,CPU=73.3% | Memory=76.4% | ResponseTime=1494ms | Latency=754ms | DiskIO=140.4MB/s | Errors=7.0,6,73.33,76.405,1493.695,754.38,140.445,7.0,0
blk_1351495740933902044,0.5601,HIGH,CRITICAL,datanode_service,Resource Exhaustion,Resource Exhaustion | Memory Pressure | Service Degradation | Network Congestion | Disk Bottleneck | Software Fault,CPU=82.0% | Memory=82.8% | ResponseTime=1860ms | Latency=461ms | DiskIO=157.9MB/s | Errors=5.5,6,82.01,82.77000000000001,1859.655,461.47,157.94,5.5,0
blk_-6368080607687883191,0.56,HIGH,CRITICAL,datanode_service,Resource Exhaustion,Resource Exhaustion | Memory Pressure | Service Degradation | Network Congestion | Disk Bottleneck | Software Fault,CPU=87.7% | Memory=81.0% | ResponseTime=1590ms | Latency=633ms | DiskIO=167.6MB/s | Errors=6.0,6,87.705,80.98,1589.515,633.23,167.60000000000002,6.0,0
blk_5486481618108159950,0.5596,HIGH,CRITICAL,datanode_service,Resource Exhaustion,Resource Exhaustion | Memory Pressure | Service Degradation | Network Congestion | Disk Bottleneck | Software Fault,CPU=83.6% | Memory=81.5% | ResponseTime=1918ms | Latency=414ms | DiskIO=143.7MB/s | Errors=5.2,6,83.5625,81.4975,1917.8975,413.955,143.735,5.25,1
blk_-1541612089083514964,0.5595,HIGH,CRITICAL,datanode_service,Resource Exhaustion,Resource Exhaustion | Memory Pressure | Service Degradation | Network Congestion | Disk Bottleneck | Software Fault,CPU=83.6% | Memory=84.4% | ResponseTime=1649ms | Latency=400ms | DiskIO=138.1MB/s | Errors=4.5,6,83.6,84.41499999999999,1649.235,399.74,138.07999999999998,4.5,0
blk_-5907696582331120156,0.5587,HIGH,CRITICAL,datanode_service,Resource Exhaustion,Resource Exhaustion | Memory Pressure | Service Degradation | Network Congestion | Disk Bottleneck | Software Fault,CPU=88.7% | Memory=78.8% | ResponseTime=1567ms | Latency=419ms | DiskIO=113.4MB/s | Errors=5.0,6,88.67,78.75750000000001,1567.295,418.5425,113.445,5.0,1
blk_-138915922182910808,0.5582,HIGH,CRITICAL,datanode_service,Resource Exhaustion,Resource Exhaustion | Memory Pressure | Service Degradation | Network Congestion | Disk Bottleneck | Software Fault,CPU=85.2% | Memory=71.8% | ResponseTime=1556ms | Latency=603ms | DiskIO=139.0MB/s | Errors=5.8,6,85.2325,71.825,1556.015,603.285,138.98,5.75,1
blk_-5447417104355795463,0.5579,HIGH,CRITICAL,datanode_service,Resource Exhaustion,Resource Exhaustion | Memory Pressure | Service Degradation | Network Congestion | Disk Bottleneck | Software Fault,CPU=86.0% | Memory=77.0% | ResponseTime=1686ms | Latency=423ms | DiskIO=118.8MB/s | Errors=5.5,6,86.0075,77.035,1685.635,422.7875,118.79,5.5,1
blk_2445399934794083798,0.5577,HIGH,CRITICAL,datanode_service,Resource Exhaustion,Resource Exhaustion | Memory Pressure | Service Degradation | Network Congestion | Disk Bottleneck | Software Fault,CPU=80.7% | Memory=79.6% | ResponseTime=1865ms | Latency=801ms | DiskIO=163.5MB/s | Errors=5.5,6,80.66,79.63,1864.73,800.815,163.45499999999998,5.5,0
blk_4764362935321101162,0.5574,HIGH,CRITICAL,datanode_service,Resource Exhaustion,Resource Exhaustion | Memory Pressure | Service Degradation | Network Congestion | Disk Bottleneck | Software Fault,CPU=88.8% | Memory=79.1% | ResponseTime=1336ms | Latency=584ms | DiskIO=127.6MB/s | Errors=5.5,6,88.805,79.12,1336.1,584.37,127.6025,5.5,1
blk_-9115853037943657539,0.5574,HIGH,CRITICAL,datanode_service,Resource Exhaustion,Resource Exhaustion | Memory Pressure | Service Degradation | Network Congestion | Disk Bottleneck | Software Fault,CPU=89.0% | Memory=82.6% | ResponseTime=1717ms | Latency=485ms | DiskIO=122.2MB/s | Errors=4.8,6,88.975,82.6375,1717.0549999999998,484.575,122.1875,4.75,1
blk_-5304178986508314412,0.5573,HIGH,CRITICAL,datanode_service,Resource Exhaustion,Resource Exhaustion | Memory Pressure | Service Degradation | Network Congestion | Disk Bottleneck | Software Fault,CPU=83.4% | Memory=81.4% | ResponseTime=1840ms | Latency=482ms | DiskIO=146.8MB/s | Errors=3.8,6,83.36,81.4075,1840.43,481.98,146.7975,3.75,1
blk_4822695719005003037,0.557,HIGH,CRITICAL,datanode_service,Resource Exhaustion,Resource Exhaustion | Memory Pressure | Service Degradation | Network Congestion | Disk Bottleneck | Software Fault,CPU=80.2% | Memory=85.6% | ResponseTime=1526ms | Latency=649ms | DiskIO=162.9MB/s | Errors=4.0,6,80.22,85.58000000000001,1525.6,649.4300000000001,162.925,4.0,1
blk_5782302342707141533,0.5567,HIGH,CRITICAL,datanode_service,Resource Exhaustion,Resource Exhaustion | Memory Pressure | Service Degradation | Network Congestion | Disk Bottleneck | Software Fault,CPU=80.5% | Memory=82.9% | ResponseTime=2271ms | Latency=490ms | DiskIO=162.8MB/s | Errors=4.5,6,80.52000000000001,82.91499999999999,2270.75,490.21,162.8,4.5,0
blk_-8285315817102708385,0.5565,HIGH,CRITICAL,datanode_service,Resource Exhaustion,Resource Exhaustion | Memory Pressure | Service Degradation | Network Congestion | Disk Bottleneck,CPU=91.9% | Memory=80.9% | ResponseTime=1610ms | Latency=754ms | DiskIO=129.2MB/s,5,91.865,80.94,1609.98,753.645,129.195,1.5,0
blk_6165364705283974122,0.5564,HIGH,CRITICAL,datanode_service,Resource Exhaustion,Resource Exhaustion | Memory Pressure | Service Degradation | Network Congestion | Disk Bottleneck | Software Fault,CPU=81.9% | Memory=82.5% | ResponseTime=1936ms | Latency=434ms | DiskIO=147.4MB/s | Errors=5.5,6,81.94,82.47999999999999,1936.3450000000005,433.84,147.39,5.5,0
blk_4085933465992995945,0.5563,HIGH,CRITICAL,datanode_service,Resource Exhaustion,Resource Exhaustion | Memory Pressure | Service Degradation | Network Congestion | Disk Bottleneck | Software Fault,CPU=87.5% | Memory=84.1% | ResponseTime=1562ms | Latency=547ms | DiskIO=123.8MB/s | Errors=4.5,6,87.495,84.1,1562.38,546.5425,123.7525,4.5,1
blk_-7860353828920515616,0.5563,HIGH,CRITICAL,datanode_service,Resource Exhaustion,Resource Exhaustion | Memory Pressure | Service Degradation | Network Congestion | Disk Bottleneck | Software Fault,CPU=79.8% | Memory=77.9% | ResponseTime=1630ms | Latency=562ms | DiskIO=129.4MB/s | Errors=5.0,6,79.77250000000001,77.88499999999999,1629.5725,561.9375,129.4225,5.0,1
blk_-6148165469951190736,0.5561,HIGH,CRITICAL,datanode_service,Resource Exhaustion,Resource Exhaustion | Memory Pressure | Service Degradation | Network Congestion | Disk Bottleneck | Software Fault,CPU=75.5% | Memory=83.7% | ResponseTime=1816ms | Latency=655ms | DiskIO=128.5MB/s | Errors=6.0,6,75.535,83.74000000000001,1815.74,655.3900000000001,128.475,6.0,0
blk_-7071501661318034680,0.5555,HIGH,CRITICAL,datanode_service,Resource Exhaustion,Resource Exhaustion | Memory Pressure | Service Degradation | Network Congestion | Disk Bottleneck | Software Fault,CPU=83.3% | Memory=79.4% | ResponseTime=1810ms | Latency=549ms | DiskIO=139.2MB/s | Errors=4.2,6,83.30250000000001,79.425,1809.7175,548.805,139.23000000000002,4.25,1
blk_6788553956478486939,0.5554,HIGH,CRITICAL,datanode_service,Resource Exhaustion,Resource Exhaustion | Memory Pressure | Service Degradation | Network Congestion | Disk Bottleneck | Software Fault,CPU=92.2% | Memory=83.0% | ResponseTime=1730ms | Latency=653ms | DiskIO=175.1MB/s | Errors=4.0,6,92.215,82.985,1730.04,652.51,175.10000000000002,4.0,0
blk_-7980457571117233680,0.5551,HIGH,CRITICAL,datanode_service,Resource Exhaustion,Resource Exhaustion | Memory Pressure | Service Degradation | Network Congestion | Disk Bottleneck | Software Fault,CPU=91.2% | Memory=83.7% | ResponseTime=1553ms | Latency=615ms | DiskIO=170.0MB/s | Errors=5.5,6,91.195,83.7,1552.645,615.14,169.98,5.5,0
blk_-5945101305206459809,0.555,HIGH,CRITICAL,datanode_service,Resource Exhaustion,Resource Exhaustion | Memory Pressure | Service Degradation | Network Congestion | Disk Bottleneck | Software Fault,CPU=86.5% | Memory=87.1% | ResponseTime=1942ms | Latency=595ms | DiskIO=124.5MB/s | Errors=4.5,6,86.515,87.085,1941.65,595.175,124.485,4.5,0
blk_-2309208232643364408,0.5549,HIGH,CRITICAL,datanode_service,Resource Exhaustion,Resource Exhaustion | Memory Pressure | Service Degradation | Network Congestion | Disk Bottleneck | Software Fault,CPU=93.2% | Memory=86.2% | ResponseTime=1822ms | Latency=688ms | DiskIO=99.7MB/s | Errors=4.0,6,93.205,86.155,1821.84,688.04,99.715,4.0,0
blk_5241634815277563385,0.5549,HIGH,CRITICAL,datanode_service,Resource Exhaustion,Resource Exhaustion | Memory Pressure | Service Degradation | Network Congestion | Disk Bottleneck | Software Fault,CPU=85.4% | Memory=71.0% | ResponseTime=1709ms | Latency=473ms | DiskIO=138.3MB/s | Errors=5.0,6,85.435,70.97,1708.6,472.505,138.31,5.0,0
blk_-8484603248257484689,0.5544,HIGH,CRITICAL,datanode_service,Resource Exhaustion,Resource Exhaustion | Memory Pressure | Service Degradation | Network Congestion | Disk Bottleneck | Software Fault,CPU=85.3% | Memory=84.5% | ResponseTime=1563ms | Latency=683ms | DiskIO=155.6MB/s | Errors=4.0,6,85.25999999999999,84.47,1563.35,683.0,155.575,4.0,0
blk_8489331817885600578,0.5542,HIGH,CRITICAL,datanode_service,Resource Exhaustion,Resource Exhaustion | Memory Pressure | Service Degradation | Network Congestion | Disk Bottleneck | Software Fault,CPU=91.7% | Memory=81.8% | ResponseTime=1764ms | Latency=514ms | DiskIO=129.2MB/s | Errors=4.0,6,91.73,81.82499999999999,1763.75,513.56,129.23000000000002,4.0,0
blk_-3412339927828421344,0.5539,HIGH,CRITICAL,datanode_service,Resource Exhaustion,Resource Exhaustion | Memory Pressure | Service Degradation | Network Congestion | Disk Bottleneck | Software Fault,CPU=100.0% | Memory=76.4% | ResponseTime=1568ms | Latency=583ms | DiskIO=120.0MB/s | Errors=5.5,6,100.0,76.435,1568.295,583.355,119.97,5.5,0
blk_-6215051590034285968,0.5539,HIGH,CRITICAL,datanode_service,Resource Exhaustion,Resource Exhaustion | Memory Pressure | Service Degradation | Network Congestion | Disk Bottleneck | Software Fault,CPU=85.7% | Memory=81.1% | ResponseTime=1790ms | Latency=638ms | DiskIO=170.1MB/s | Errors=4.5,6,85.705,81.075,1789.98,637.92,170.095,4.5,0
blk_-6905795866429033795,0.5539,HIGH,CRITICAL,datanode_service,Resource Exhaustion,Resource Exhaustion | Memory Pressure | Service Degradation | Network Congestion | Disk Bottleneck | Software Fault,CPU=80.6% | Memory=84.0% | ResponseTime=1850ms | Latency=879ms | DiskIO=149.1MB/s | Errors=4.0,6,80.58,84.0,1849.62,879.325,149.115,4.0,0
blk_-1300714342485430805,0.5538,HIGH,CRITICAL,datanode_service,Resource Exhaustion,Resource Exhaustion | Memory Pressure | Service Degradation | Network Congestion | Disk Bottleneck | Software Fault,CPU=88.4% | Memory=78.2% | ResponseTime=1225ms | Latency=720ms | DiskIO=125.6MB/s | Errors=3.5,6,88.445,78.21,1225.195,719.785,125.57,3.5,0
blk_-3248583228807623999,0.5536,HIGH,CRITICAL,datanode_service,Resource Exhaustion,Resource Exhaustion | Memory Pressure | Service Degradation | Network Congestion | Disk Bottleneck | Software Fault,CPU=85.8% | Memory=86.0% | ResponseTime=1170ms | Latency=436ms | DiskIO=170.6MB/s | Errors=4.0,6,85.8075,85.985,1169.525,436.26,170.5625,4.0,1
blk_1631642677608894197,0.5535,HIGH,CRITICAL,datanode_service,Resource Exhaustion,Resource Exhaustion | Memory Pressure | Service Degradation | Network Congestion | Disk Bottleneck | Software Fault,CPU=83.6% | Memory=82.9% | ResponseTime=1726ms | Latency=547ms | DiskIO=130.9MB/s | Errors=4.5,6,83.585,82.905,1725.55,546.62,130.875,4.5,0
blk_8201117867106038775,0.5529,HIGH,CRITICAL,datanode_service,Resource Exhaustion,Resource Exhaustion | Memory Pressure | Service Degradation | Network Congestion | Disk Bottleneck | Software Fault,CPU=82.7% | Memory=73.8% | ResponseTime=1808ms | Latency=592ms | DiskIO=110.9MB/s | Errors=4.5,6,82.735,73.8,1807.78,592.485,110.875,4.5,0
blk_-5785574688843141830,0.5525,HIGH,CRITICAL,datanode_service,Resource Exhaustion,Resource Exhaustion | Memory Pressure | Service Degradation | Network Congestion | Disk Bottleneck | Software Fault,CPU=86.0% | Memory=76.1% | ResponseTime=1577ms | Latency=619ms | DiskIO=145.1MB/s | Errors=4.5,6,85.97,76.13499999999999,1576.755,618.8775,145.085,4.5,1
blk_-1719439931275176154,0.5525,HIGH,CRITICAL,datanode_service,Resource Exhaustion,Resource Exhaustion | Memory Pressure | Service Degradation | Network Congestion | Disk Bottleneck | Software Fault,CPU=77.8% | Memory=73.4% | ResponseTime=2005ms | Latency=377ms | DiskIO=148.3MB/s | Errors=6.0,6,77.845,73.37,2004.545,377.4,148.315,6.0,0
blk_-1299552851194772522,0.5524,HIGH,CRITICAL,datanode_service,Resource Exhaustion,Resource Exhaustion | Memory Pressure | Service Degradation | Network Congestion | Disk Bottleneck | Software Fault,CPU=87.6% | Memory=86.7% | ResponseTime=1450ms | Latency=734ms | DiskIO=140.9MB/s | Errors=5.0,6,87.565,86.66,1450.27,734.26,140.905,5.0,0
blk_2637530238382016176,0.5514,HIGH,CRITICAL,datanode_service,Resource Exhaustion,Resource Exhaustion | Memory Pressure | Service Degradation | Network Congestion | Disk Bottleneck | Software Fault,CPU=84.2% | Memory=82.6% | ResponseTime=1298ms | Latency=697ms | DiskIO=144.2MB/s | Errors=5.5,6,84.23,82.57,1297.525,696.845,144.16500000000002,5.5,0
blk_2393588761170107463,0.5505,HIGH,CRITICAL,datanode_service,Resource Exhaustion,Resource Exhaustion | Memory Pressure | Service Degradation | Network Congestion | Disk Bottleneck | Software Fault,CPU=83.1% | Memory=86.4% | ResponseTime=1798ms | Latency=468ms | DiskIO=164.4MB/s | Errors=7.0,6,83.14500000000001,86.38499999999999,1798.235,467.695,164.42000000000002,7.0,0
blk_6823703278088127590,0.5504,HIGH,CRITICAL,datanode_service,Resource Exhaustion,Resource Exhaustion | Memory Pressure | Service Degradation | Network Congestion | Disk Bottleneck | Software Fault,CPU=85.3% | Memory=83.1% | ResponseTime=1908ms | Latency=507ms | DiskIO=134.4MB/s | Errors=5.5,6,85.31,83.055,1908.245,506.56,134.37,5.5,0
blk_-6370353780728588107,0.5498,HIGH,CRITICAL,datanode_service,Resource Exhaustion,Resource Exhaustion | Memory Pressure | Service Degradation | Network Congestion | Disk Bottleneck | Software Fault,CPU=86.0% | Memory=80.5% | ResponseTime=1775ms | Latency=730ms | DiskIO=156.6MB/s | Errors=5.5,6,86.005,80.465,1774.72,729.825,156.64999999999998,5.5,0
blk_3998993122839067443,0.5497,HIGH,CRITICAL,datanode_service,Resource Exhaustion,Resource Exhaustion | Memory Pressure | Service Degradation | Network Congestion | Disk Bottleneck | Software Fault,CPU=77.5% | Memory=89.8% | ResponseTime=1756ms | Latency=569ms | DiskIO=157.6MB/s | Errors=6.0,6,77.47,89.815,1756.09,569.13,157.62,6.0,0
blk_-496252641248031123,0.5495,HIGH,CRITICAL,datanode_service,Resource Exhaustion,Resource Exhaustion | Memory Pressure | Service Degradation | Network Congestion | Disk Bottleneck | Software Fault,CPU=91.6% | Memory=81.1% | ResponseTime=1608ms | Latency=671ms | DiskIO=127.4MB/s | Errors=3.0,6,91.58,81.125,1608.165,671.4449999999999,127.4,3.0,0
blk_1580501375295633064,0.5493,HIGH,CRITICAL,datanode_service,Resource Exhaustion,Resource Exhaustion | Memory Pressure | Service Degradation | Network Congestion | Disk Bottleneck | Software Fault,CPU=81.7% | Memory=82.5% | ResponseTime=1841ms | Latency=590ms | DiskIO=147.8MB/s | Errors=6.0,6,81.74000000000001,82.53999999999999,1841.09,590.06,147.84,6.0,0
blk_-5373311564875234594,0.5489,HIGH,CRITICAL,datanode_service,Resource Exhaustion,Resource Exhaustion | Memory Pressure | Service Degradation | Network Congestion | Disk Bottleneck | Software Fault,CPU=86.3% | Memory=90.8% | ResponseTime=2179ms | Latency=428ms | DiskIO=150.6MB/s | Errors=4.0,6,86.31,90.78,2178.95,428.35,150.57999999999998,4.0,0
blk_27432107507559704,0.5486,HIGH,CRITICAL,datanode_service,Resource Exhaustion,Resource Exhaustion | Memory Pressure | Service Degradation | Network Congestion | Disk Bottleneck | Software Fault,CPU=84.9% | Memory=78.2% | ResponseTime=1411ms | Latency=700ms | DiskIO=182.4MB/s | Errors=5.5,6,84.86500000000001,78.16499999999999,1411.03,700.3599999999999,182.445,5.5,0
blk_-4845663345676718484,0.5485,HIGH,CRITICAL,datanode_service,Resource Exhaustion,Resource Exhaustion | Memory Pressure | Service Degradation | Network Congestion | Disk Bottleneck | Software Fault,CPU=91.8% | Memory=77.0% | ResponseTime=1243ms | Latency=661ms | DiskIO=108.9MB/s | Errors=6.5,6,91.76,76.97,1243.475,660.675,108.9,6.5,0
blk_-4742677645483436110,0.5485,HIGH,CRITICAL,datanode_service,Resource Exhaustion,Resource Exhaustion | Memory Pressure | Service Degradation | Network Congestion | Disk Bottleneck | Software Fault,CPU=87.3% | Memory=79.1% | ResponseTime=2073ms | Latency=611ms | DiskIO=131.8MB/s | Errors=4.5,6,87.305,79.13499999999999,2072.875,610.755,131.76,4.5,0
blk_6427786992921982291,0.5484,HIGH,CRITICAL,datanode_service,Resource Exhaustion,Resource Exhaustion | Memory Pressure | Service Degradation | Network Congestion | Disk Bottleneck | Software Fault,CPU=85.6% | Memory=85.2% | ResponseTime=1676ms | Latency=523ms | DiskIO=127.3MB/s | Errors=5.0,6,85.59,85.185,1675.72,522.885,127.32,5.0,0
blk_1485857586388215629,0.5482,HIGH,CRITICAL,datanode_service,Resource Exhaustion,Resource Exhaustion | Memory Pressure | Service Degradation | Network Congestion | Disk Bottleneck | Software Fault,CPU=91.8% | Memory=72.5% | ResponseTime=1215ms | Latency=598ms | DiskIO=125.0MB/s | Errors=6.5,6,91.85,72.525,1215.315,597.845,124.965,6.5,0
blk_657101108396316133,0.5478,HIGH,CRITICAL,datanode_service,Resource Exhaustion,Resource Exhaustion | Memory Pressure | Service Degradation | Network Congestion | Disk Bottleneck | Software Fault,CPU=82.6% | Memory=77.4% | ResponseTime=2606ms | Latency=473ms | DiskIO=134.1MB/s | Errors=5.5,6,82.555,77.395,2606.395,472.81,134.095,5.5,0
blk_-4146063334413078037,0.5478,HIGH,CRITICAL,datanode_service,Resource Exhaustion,Resource Exhaustion | Memory Pressure | Service Degradation | Network Congestion | Disk Bottleneck | Software Fault,CPU=82.2% | Memory=81.4% | ResponseTime=1763ms | Latency=463ms | DiskIO=154.7MB/s | Errors=4.2,6,82.16499999999999,81.35499999999999,1763.245,462.9525,154.6575,4.25,1
blk_8469957985916689291,0.5471,HIGH,CRITICAL,datanode_service,Resource Exhaustion,Resource Exhaustion | Memory Pressure | Service Degradation | Network Congestion | Disk Bottleneck | Software Fault,CPU=89.3% | Memory=82.0% | ResponseTime=2129ms | Latency=316ms | DiskIO=149.7MB/s | Errors=4.5,6,89.27000000000001,82.03999999999999,2128.9700000000003,316.355,149.655,4.5,0
blk_8425076694100510296,0.5471,HIGH,CRITICAL,datanode_service,Resource Exhaustion,Resource Exhaustion | Memory Pressure | Service Degradation | Network Congestion | Disk Bottleneck | Software Fault,CPU=87.5% | Memory=88.8% | ResponseTime=924ms | Latency=723ms | DiskIO=143.2MB/s | Errors=7.5,6,87.515,88.84,923.705,722.505,143.21,7.5,0
blk_25023618081021823,0.5468,HIGH,CRITICAL,datanode_service,Resource Exhaustion,Resource Exhaustion | Memory Pressure | Service Degradation | Network Congestion | Disk Bottleneck | Software Fault,CPU=88.1% | Memory=85.3% | ResponseTime=1862ms | Latency=654ms | DiskIO=156.4MB/s | Errors=4.5,6,88.125,85.315,1862.025,653.895,156.39499999999998,4.5,0
blk_-8431991883875585441,0.5458,HIGH,CRITICAL,datanode_service,Resource Exhaustion,Resource Exhaustion | Memory Pressure | Service Degradation | Network Congestion | Disk Bottleneck | Software Fault,CPU=82.5% | Memory=81.4% | ResponseTime=2092ms | Latency=409ms | DiskIO=164.5MB/s | Errors=4.0,6,82.475,81.445,2092.455,408.595,164.48000000000002,4.0,0
blk_7831752644095893425,0.5457,HIGH,CRITICAL,datanode_service,Resource Exhaustion,Resource Exhaustion | Memory Pressure | Service Degradation | Network Congestion | Disk Bottleneck | Software Fault,CPU=88.7% | Memory=77.9% | ResponseTime=1450ms | Latency=358ms | DiskIO=151.6MB/s | Errors=4.8,6,88.68,77.8625,1450.4175,358.115,151.575,4.75,1
blk_5486419678159151945,0.5454,HIGH,CRITICAL,datanode_service,Resource Exhaustion,Resource Exhaustion | Memory Pressure | Service Degradation | Network Congestion | Disk Bottleneck | Software Fault,CPU=89.0% | Memory=84.1% | ResponseTime=1794ms | Latency=535ms | DiskIO=112.6MB/s | Errors=3.5,6,89.02000000000001,84.11500000000001,1794.29,534.595,112.57,3.5,0
blk_5041202061128915005,0.5454,HIGH,CRITICAL,datanode_service,Resource Exhaustion,Resource Exhaustion | Memory Pressure | Service Degradation | Network Congestion | Disk Bottleneck | Software Fault,CPU=91.1% | Memory=83.0% | ResponseTime=2011ms | Latency=398ms | DiskIO=92.7MB/s | Errors=5.0,6,91.095,83.025,2011.105,397.655,92.735,5.0,0
blk_-6221479266995177102,0.5452,HIGH,CRITICAL,datanode_service,Resource Exhaustion,Resource Exhaustion | Memory Pressure | Service Degradation | Network Congestion | Disk Bottleneck | Software Fault,CPU=89.3% | Memory=80.8% | ResponseTime=1126ms | Latency=591ms | DiskIO=130.7MB/s | Errors=4.5,6,89.35,80.77250000000001,1125.8675,591.255,130.715,4.5,1
blk_5679332564404011413,0.5446,HIGH,CRITICAL,datanode_service,Resource Exhaustion,Resource Exhaustion | Memory Pressure | Service Degradation | Network Congestion | Disk Bottleneck | Software Fault,CPU=86.8% | Memory=79.2% | ResponseTime=1435ms | Latency=668ms | DiskIO=133.1MB/s | Errors=5.5,6,86.765,79.17,1435.225,668.26,133.09,5.5,0
blk_6791318767401594848,0.5441,HIGH,CRITICAL,datanode_service,Resource Exhaustion,Resource Exhaustion | Memory Pressure | Service Degradation | Network Congestion | Disk Bottleneck | Software Fault,CPU=83.9% | Memory=85.4% | ResponseTime=1836ms | Latency=593ms | DiskIO=164.8MB/s | Errors=5.0,6,83.94999999999999,85.39,1836.06,593.25,164.79,5.0,0
blk_-4878216957201846602,0.5439,HIGH,CRITICAL,datanode_service,Resource Exhaustion,Resource Exhaustion | Memory Pressure | Service Degradation | Network Congestion | Disk Bottleneck | Software Fault,CPU=86.3% | Memory=87.6% | ResponseTime=1758ms | Latency=528ms | DiskIO=173.4MB/s | Errors=5.0,6,86.28999999999999,87.59,1757.855,527.64,173.375,5.0,0
blk_8386821785713272642,0.5439,HIGH,CRITICAL,datanode_service,Resource Exhaustion,Resource Exhaustion | Memory Pressure | Service Degradation | Network Congestion | Disk Bottleneck | Software Fault,CPU=81.4% | Memory=84.9% | ResponseTime=1924ms | Latency=516ms | DiskIO=148.1MB/s | Errors=3.0,6,81.44,84.91,1923.635,515.79,148.10500000000002,3.0,0
blk_7633767606604625883,0.5436,HIGH,CRITICAL,datanode_service,Resource Exhaustion,Resource Exhaustion | Memory Pressure | Service Degradation | Network Congestion | Disk Bottleneck | Software Fault,CPU=87.3% | Memory=83.4% | ResponseTime=1806ms | Latency=407ms | DiskIO=116.2MB/s | Errors=4.5,6,87.28999999999999,83.37,1805.94,406.605,116.24,4.5,0
blk_-2720637654072551626,0.5436,HIGH,CRITICAL,datanode_service,Resource Exhaustion,Resource Exhaustion | Memory Pressure | Service Degradation | Network Congestion | Disk Bottleneck | Software Fault,CPU=88.0% | Memory=80.0% | ResponseTime=1692ms | Latency=765ms | DiskIO=177.1MB/s | Errors=4.5,6,88.00999999999999,80.025,1691.67,764.725,177.07999999999998,4.5,0
blk_7850951950837680808,0.5436,HIGH,CRITICAL,datanode_service,Resource Exhaustion,Resource Exhaustion | Memory Pressure | Service Degradation | Network Congestion | Disk Bottleneck | Software Fault,CPU=82.3% | Memory=80.2% | ResponseTime=2112ms | Latency=422ms | DiskIO=108.8MB/s | Errors=4.0,6,82.28999999999999,80.225,2111.78,422.4,108.79,4.0,0
blk_-4010940457543197509,0.5431,HIGH,CRITICAL,datanode_service,Resource Exhaustion,Resource Exhaustion | Memory Pressure | Service Degradation | Network Congestion | Disk Bottleneck | Software Fault,CPU=84.1% | Memory=83.7% | ResponseTime=1671ms | Latency=497ms | DiskIO=104.8MB/s | Errors=5.0,6,84.065,83.71000000000001,1670.89,497.465,104.835,5.0,0
blk_9154263072537405220,0.5431,HIGH,CRITICAL,datanode_service,Resource Exhaustion,Resource Exhaustion | Memory Pressure | Service Degradation | Network Congestion | Disk Bottleneck | Software Fault,CPU=78.7% | Memory=69.2% | ResponseTime=1662ms | Latency=662ms | DiskIO=182.4MB/s | Errors=6.5,6,78.72,69.245,1662.1950000000002,662.12,182.435,6.5,0
blk_1929923482058267443,0.543,HIGH,CRITICAL,datanode_service,Resource Exhaustion,Resource Exhaustion | Memory Pressure | Service Degradation | Network Congestion | Disk Bottleneck | Software Fault,CPU=85.2% | Memory=83.9% | ResponseTime=1833ms | Latency=594ms | DiskIO=161.4MB/s | Errors=4.5,6,85.245,83.9,1832.875,593.61,161.425,4.5,0
blk_5972760974375530027,0.5427,HIGH,CRITICAL,datanode_service,Resource Exhaustion,Resource Exhaustion | Memory Pressure | Service Degradation | Network Congestion | Disk Bottleneck | Software Fault,CPU=85.5% | Memory=72.3% | ResponseTime=1954ms | Latency=623ms | DiskIO=144.1MB/s | Errors=4.5,6,85.50999999999999,72.275,1953.965,622.55,144.07999999999998,4.5,0
blk_809602586563834919,0.5426,HIGH,CRITICAL,datanode_service,Resource Exhaustion,Resource Exhaustion | Memory Pressure | Service Degradation | Network Congestion | Disk Bottleneck | Software Fault,CPU=91.0% | Memory=77.2% | ResponseTime=1817ms | Latency=564ms | DiskIO=126.5MB/s | Errors=3.5,6,91.05,77.225,1816.885,563.755,126.455,3.5,0
blk_-5739625187195866456,0.5425,HIGH,CRITICAL,datanode_service,Resource Exhaustion,Resource Exhaustion | Memory Pressure | Service Degradation | Network Congestion | Disk Bottleneck | Software Fault,CPU=75.9% | Memory=91.4% | ResponseTime=1422ms | Latency=749ms | DiskIO=135.4MB/s | Errors=4.5,6,75.925,91.425,1422.09,748.815,135.385,4.5,0
blk_6568407330504668931,0.5423,HIGH,CRITICAL,datanode_service,Resource Exhaustion,Resource Exhaustion | Memory Pressure | Service Degradation | Network Congestion | Disk Bottleneck | Software Fault,CPU=88.7% | Memory=74.3% | ResponseTime=1494ms | Latency=678ms | DiskIO=151.8MB/s | Errors=6.0,6,88.66499999999999,74.31,1494.265,677.9000000000001,151.845,6.0,0
blk_-2158126191996218897,0.5417,HIGH,CRITICAL,datanode_service,Resource Exhaustion,Resource Exhaustion | Memory Pressure | Service Degradation | Network Congestion | Disk Bottleneck | Software Fault,CPU=84.3% | Memory=92.3% | ResponseTime=1671ms | Latency=641ms | DiskIO=143.2MB/s | Errors=4.0,6,84.35,92.29,1670.515,640.87,143.19,4.0,0
blk_1009894036181152520,0.5406,HIGH,CRITICAL,datanode_service,Resource Exhaustion,Resource Exhaustion | Memory Pressure | Service Degradation | Network Congestion | Disk Bottleneck | Software Fault,CPU=86.4% | Memory=74.1% | ResponseTime=2412ms | Latency=537ms | DiskIO=149.5MB/s | Errors=5.0,6,86.445,74.12,2411.5150000000003,536.555,149.53,5.0,0
blk_-6767331971451036403,0.5404,HIGH,CRITICAL,datanode_service,Resource Exhaustion,Resource Exhaustion | Memory Pressure | Service Degradation | Network Congestion | Disk Bottleneck | Software Fault,CPU=90.9% | Memory=83.7% | ResponseTime=1571ms | Latency=533ms | DiskIO=135.1MB/s | Errors=5.0,6,90.87,83.66499999999999,1570.655,532.945,135.09,5.0,0
blk_-7574241801768689677,0.5403,HIGH,CRITICAL,datanode_service,Resource Exhaustion,Resource Exhaustion | Memory Pressure | Service Degradation | Network Congestion | Disk Bottleneck | Software Fault,CPU=84.1% | Memory=78.5% | ResponseTime=1500ms | Latency=501ms | DiskIO=160.1MB/s | Errors=4.5,6,84.07,78.54249999999999,1499.99,500.77,160.1325,4.5,1
blk_2299327360406878240,0.5401,HIGH,CRITICAL,datanode_service,Resource Exhaustion,Resource Exhaustion | Memory Pressure | Service Degradation | Network Congestion | Disk Bottleneck | Software Fault,CPU=86.2% | Memory=79.2% | ResponseTime=1975ms | Latency=406ms | DiskIO=138.8MB/s | Errors=5.5,6,86.22999999999999,79.225,1975.005,405.945,138.79,5.5,0
blk_-8129071829477038828,0.5397,HIGH,CRITICAL,datanode_service,Resource Exhaustion,Resource Exhaustion | Memory Pressure | Service Degradation | Network Congestion | Disk Bottleneck | Software Fault,CPU=88.5% | Memory=87.9% | ResponseTime=1289ms | Latency=526ms | DiskIO=136.9MB/s | Errors=6.0,6,88.455,87.91499999999999,1288.895,525.6,136.945,6.0,0
blk_8554401366568742969,0.5397,HIGH,CRITICAL,datanode_service,Resource Exhaustion,Resource Exhaustion | Memory Pressure | Service Degradation | Network Congestion | Disk Bottleneck | Software Fault,CPU=85.5% | Memory=87.4% | ResponseTime=1507ms | Latency=518ms | DiskIO=121.3MB/s | Errors=6.0,6,85.465,87.41,1506.77,517.82,121.255,6.0,0
blk_4455585171122333616,0.5391,HIGH,CRITICAL,datanode_service,Resource Exhaustion,Resource Exhaustion | Memory Pressure | Service Degradation | Network Congestion | Disk Bottleneck | Software Fault,CPU=92.7% | Memory=76.7% | ResponseTime=1827ms | Latency=540ms | DiskIO=134.3MB/s | Errors=4.5,6,92.73,76.705,1827.05,539.87,134.285,4.5,0
blk_8079189052508409660,0.5388,HIGH,CRITICAL,datanode_service,Resource Exhaustion,Resource Exhaustion | Memory Pressure | Service Degradation | Network Congestion | Disk Bottleneck | Software Fault,CPU=86.7% | Memory=80.9% | ResponseTime=1739ms | Latency=384ms | DiskIO=163.0MB/s | Errors=4.0,6,86.6925,80.91499999999999,1738.5475,384.2725,162.9675,4.0,1
blk_-1203009406955590926,0.5384,HIGH,CRITICAL,datanode_service,Resource Exhaustion,Resource Exhaustion | Memory Pressure | Service Degradation | Network Congestion | Disk Bottleneck | Software Fault,CPU=84.9% | Memory=79.0% | ResponseTime=1605ms | Latency=378ms | DiskIO=140.6MB/s | Errors=4.2,6,84.8725,79.025,1604.8025,378.2325,140.6475,4.25,1
blk_6016970584388797504,0.5381,HIGH,CRITICAL,datanode_service,Resource Exhaustion,Resource Exhaustion | Memory Pressure | Service Degradation | Network Congestion | Disk Bottleneck | Software Fault,CPU=89.3% | Memory=86.6% | ResponseTime=1627ms | Latency=324ms | DiskIO=170.4MB/s | Errors=7.0,6,89.35,86.64500000000001,1627.15,323.735,170.45,7.0,0
blk_3377902161714457045,0.538,HIGH,CRITICAL,datanode_service,Resource Exhaustion,Resource Exhaustion | Memory Pressure | Service Degradation | Network Congestion | Disk Bottleneck | Software Fault,CPU=79.2% | Memory=79.6% | ResponseTime=1676ms | Latency=632ms | DiskIO=106.7MB/s | Errors=5.0,6,79.205,79.635,1675.72,631.5,106.665,5.0,0
blk_-8071940586366367835,0.538,HIGH,CRITICAL,datanode_service,Resource Exhaustion,Resource Exhaustion | Memory Pressure | Service Degradation | Network Congestion | Disk Bottleneck | Software Fault,CPU=96.1% | Memory=76.4% | ResponseTime=1295ms | Latency=652ms | DiskIO=121.8MB/s | Errors=6.0,6,96.095,76.425,1294.865,651.675,121.78,6.0,0
blk_7165939739964393997,0.538,HIGH,CRITICAL,datanode_service,Resource Exhaustion,Resource Exhaustion | Memory Pressure | Service Degradation | Network Congestion | Disk Bottleneck | Software Fault,CPU=86.6% | Memory=83.1% | ResponseTime=1224ms | Latency=520ms | DiskIO=144.2MB/s | Errors=5.8,6,86.63,83.065,1223.5725,520.37,144.1975,5.75,1
blk_4356667732178060953,0.5378,HIGH,CRITICAL,datanode_service,Resource Exhaustion,Resource Exhaustion | Memory Pressure | Service Degradation | Network Congestion | Disk Bottleneck | Software Fault,CPU=88.3% | Memory=88.8% | ResponseTime=1390ms | Latency=481ms | DiskIO=133.3MB/s | Errors=4.8,6,88.2975,88.845,1389.6575,480.9125,133.2875,4.75,1
blk_-6652848916872735939,0.5378,HIGH,CRITICAL,datanode_service,Resource Exhaustion,Resource Exhaustion | Memory Pressure | Service Degradation | Network Congestion | Disk Bottleneck | Software Fault,CPU=74.3% | Memory=82.3% | ResponseTime=1707ms | Latency=526ms | DiskIO=134.9MB/s | Errors=4.2,6,74.27250000000001,82.3425,1707.1425,525.8225,134.9475,4.25,1
blk_-4939479232470679690,0.5377,HIGH,CRITICAL,datanode_service,Resource Exhaustion,Resource Exhaustion | Memory Pressure | Service Degradation | Network Congestion | Disk Bottleneck | Software Fault,CPU=89.0% | Memory=87.9% | ResponseTime=1303ms | Latency=530ms | DiskIO=133.6MB/s | Errors=5.5,6,88.965,87.935,1303.47,529.785,133.565,5.5,0
blk_9190184723818081905,0.5371,HIGH,CRITICAL,datanode_service,Resource Exhaustion,Resource Exhaustion | Memory Pressure | Service Degradation | Network Congestion | Disk Bottleneck | Software Fault,CPU=83.6% | Memory=78.9% | ResponseTime=1574ms | Latency=615ms | DiskIO=141.6MB/s | Errors=5.5,6,83.595,78.9,1573.88,614.5350000000001,141.62,5.5,0
blk_7876218062349838197,0.5367,HIGH,CRITICAL,datanode_service,Resource Exhaustion,Resource Exhaustion | Memory Pressure | Service Degradation | Network Congestion | Disk Bottleneck | Software Fault,CPU=75.7% | Memory=80.9% | ResponseTime=1435ms | Latency=714ms | DiskIO=107.7MB/s | Errors=6.5,6,75.695,80.945,1434.8049999999998,714.05,107.655,6.5,0
blk_-7706880263217900841,0.5366,HIGH,CRITICAL,datanode_service,Resource Exhaustion,Resource Exhaustion | Memory Pressure | Service Degradation | Network Congestion | Disk Bottleneck | Software Fault,CPU=92.4% | Memory=80.0% | ResponseTime=1893ms | Latency=247ms | DiskIO=120.8MB/s | Errors=6.5,6,92.425,80.045,1893.05,246.59,120.765,6.5,0
blk_2752229798731204821,0.5366,HIGH,CRITICAL,datanode_service,Resource Exhaustion,Resource Exhaustion | Memory Pressure | Service Degradation | Network Congestion | Disk Bottleneck | Software Fault,CPU=88.4% | Memory=83.4% | ResponseTime=1556ms | Latency=304ms | DiskIO=123.9MB/s | Errors=5.5,6,88.435,83.36000000000001,1555.81,303.61,123.88,5.5,0
blk_8066075367372179238,0.5365,HIGH,CRITICAL,datanode_service,Resource Exhaustion,Resource Exhaustion | Memory Pressure | Service Degradation | Network Congestion | Disk Bottleneck | Software Fault,CPU=86.3% | Memory=91.6% | ResponseTime=1435ms | Latency=631ms | DiskIO=130.5MB/s | Errors=4.5,6,86.315,91.595,1434.84,630.865,130.5,4.5,0
blk_8817816844315170010,0.5363,HIGH,CRITICAL,datanode_service,Resource Exhaustion,Resource Exhaustion | Memory Pressure | Service Degradation | Network Congestion | Disk Bottleneck | Software Fault,CPU=89.2% | Memory=70.1% | ResponseTime=1873ms | Latency=520ms | DiskIO=188.3MB/s | Errors=3.5,6,89.215,70.14,1872.67,519.7,188.28500000000005,3.5,0
blk_7200868563445083300,0.5362,HIGH,CRITICAL,datanode_service,Resource Exhaustion,Resource Exhaustion | Memory Pressure | Service Degradation | Network Congestion | Disk Bottleneck | Software Fault,CPU=88.8% | Memory=86.9% | ResponseTime=1520ms | Latency=636ms | DiskIO=139.0MB/s | Errors=4.5,6,88.83000000000001,86.94,1520.12,636.19,139.025,4.5,0
blk_-8137778231832718377,0.5359,HIGH,CRITICAL,datanode_service,Resource Exhaustion,Resource Exhaustion | Memory Pressure | Service Degradation | Network Congestion | Disk Bottleneck | Software Fault,CPU=86.8% | Memory=76.8% | ResponseTime=1460ms | Latency=346ms | DiskIO=166.4MB/s | Errors=4.0,6,86.8125,76.755,1459.7375,345.6175,166.45,4.0,1
blk_-7003044392207586654,0.5359,HIGH,CRITICAL,datanode_service,Resource Exhaustion,Resource Exhaustion | Memory Pressure | Service Degradation | Network Congestion | Disk Bottleneck | Software Fault,CPU=86.9% | Memory=80.4% | ResponseTime=1424ms | Latency=500ms | DiskIO=159.2MB/s | Errors=3.2,6,86.8925,80.39,1423.9275,500.185,159.235,3.25,1
blk_3194785644058082005,0.5359,HIGH,CRITICAL,datanode_service,Resource Exhaustion,Resource Exhaustion | Memory Pressure | Service Degradation | Network Congestion | Disk Bottleneck | Software Fault,CPU=83.6% | Memory=88.6% | ResponseTime=1689ms | Latency=489ms | DiskIO=147.7MB/s | Errors=4.5,6,83.625,88.625,1689.165,488.925,147.665,4.5,0
blk_-50592998855094089,0.5357,HIGH,CRITICAL,datanode_service,Resource Exhaustion,Resource Exhaustion | Memory Pressure | Service Degradation | Network Congestion | Disk Bottleneck | Software Fault,CPU=87.5% | Memory=71.6% | ResponseTime=1946ms | Latency=551ms | DiskIO=159.9MB/s | Errors=5.0,6,87.47,71.555,1945.74,550.81,159.935,5.0,0
blk_-2373387387765082933,0.5354,HIGH,CRITICAL,datanode_service,Resource Exhaustion,Resource Exhaustion | Memory Pressure | Service Degradation | Network Congestion | Disk Bottleneck | Software Fault,CPU=87.6% | Memory=84.0% | ResponseTime=1538ms | Latency=638ms | DiskIO=144.1MB/s | Errors=6.0,6,87.64500000000001,83.975,1537.71,638.37,144.135,6.0,0
blk_3362911273306490935,0.5348,HIGH,CRITICAL,datanode_service,Resource Exhaustion,Resource Exhaustion | Memory Pressure | Service Degradation | Network Congestion | Disk Bottleneck | Software Fault,CPU=88.9% | Memory=87.1% | ResponseTime=1594ms | Latency=533ms | DiskIO=124.6MB/s | Errors=5.5,6,88.86500000000001,87.1,1593.785,532.745,124.64,5.5,0
blk_-3801954706993121284,0.5347,HIGH,CRITICAL,datanode_service,Resource Exhaustion,Resource Exhaustion | Memory Pressure | Service Degradation | Network Congestion | Disk Bottleneck | Software Fault,CPU=83.4% | Memory=74.6% | ResponseTime=1491ms | Latency=706ms | DiskIO=124.0MB/s | Errors=4.0,6,83.445,74.645,1490.915,706.345,123.96,4.0,0
blk_-8984209433363080628,0.5335,HIGH,CRITICAL,datanode_service,Resource Exhaustion,Resource Exhaustion | Memory Pressure | Service Degradation | Network Congestion | Disk Bottleneck | Software Fault,CPU=83.2% | Memory=94.2% | ResponseTime=1640ms | Latency=539ms | DiskIO=121.4MB/s | Errors=3.5,6,83.15,94.17,1640.495,539.06,121.425,3.5,0
blk_9059213897892511730,0.5332,HIGH,CRITICAL,datanode_service,Resource Exhaustion,Resource Exhaustion | Memory Pressure | Service Degradation | Network Congestion | Disk Bottleneck | Software Fault,CPU=74.4% | Memory=80.0% | ResponseTime=2066ms | Latency=429ms | DiskIO=133.7MB/s | Errors=5.0,6,74.4,79.985,2066.37,428.77,133.735,5.0,0
blk_-7943379568886329046,0.5318,HIGH,CRITICAL,datanode_service,Resource Exhaustion,Resource Exhaustion | Memory Pressure | Service Degradation | Network Congestion | Disk Bottleneck | Software Fault,CPU=80.2% | Memory=82.8% | ResponseTime=2039ms | Latency=590ms | DiskIO=155.2MB/s | Errors=2.2,6,80.16499999999999,82.805,2039.1875,590.3725,155.20499999999998,2.25,1
blk_-7688319559837499530,0.5317,HIGH,CRITICAL,datanode_service,Resource Exhaustion,Resource Exhaustion | Memory Pressure | Service Degradation | Network Congestion | Disk Bottleneck | Software Fault,CPU=85.8% | Memory=81.8% | ResponseTime=1776ms | Latency=533ms | DiskIO=145.4MB/s | Errors=4.5,6,85.845,81.75,1775.525,533.39,145.39499999999998,4.5,0
blk_-1108570261745126410,0.5317,HIGH,CRITICAL,datanode_service,Resource Exhaustion,Resource Exhaustion | Memory Pressure | Service Degradation | Network Congestion | Disk Bottleneck | Software Fault,CPU=85.9% | Memory=72.0% | ResponseTime=1267ms | Latency=750ms | DiskIO=144.0MB/s | Errors=5.5,6,85.94,71.985,1267.305,750.2149999999999,143.97,5.5,0
blk_7576525677992224739,0.5309,HIGH,CRITICAL,datanode_service,Resource Exhaustion,Resource Exhaustion | Memory Pressure | Service Degradation | Network Congestion | Disk Bottleneck | Software Fault,CPU=77.6% | Memory=86.6% | ResponseTime=1841ms | Latency=429ms | DiskIO=156.1MB/s | Errors=4.0,6,77.59,86.63499999999999,1840.855,428.77,156.06,4.0,0
blk_1068792293641758039,0.5305,HIGH,CRITICAL,datanode_service,Resource Exhaustion,Resource Exhaustion | Memory Pressure | Service Degradation | Network Congestion | Disk Bottleneck | Software Fault,CPU=84.9% | Memory=75.0% | ResponseTime=1350ms | Latency=536ms | DiskIO=171.5MB/s | Errors=7.0,6,84.89500000000001,75.05,1349.855,535.915,171.45999999999998,7.0,0
blk_-931508416015479020,0.5303,HIGH,CRITICAL,datanode_service,Resource Exhaustion,Resource Exhaustion | Memory Pressure | Service Degradation | Network Congestion | Disk Bottleneck | Software Fault,CPU=78.1% | Memory=77.9% | ResponseTime=1789ms | Latency=611ms | DiskIO=120.6MB/s | Errors=6.0,6,78.11500000000001,77.91499999999999,1788.505,610.6400000000001,120.585,6.0,0
blk_2468439833353548974,0.5303,HIGH,CRITICAL,datanode_service,Resource Exhaustion,Resource Exhaustion | Memory Pressure | Service Degradation | Network Congestion | Disk Bottleneck | Software Fault,CPU=85.3% | Memory=84.0% | ResponseTime=1783ms | Latency=471ms | DiskIO=124.4MB/s | Errors=6.0,6,85.295,84.0,1782.9450000000002,471.31,124.385,6.0,0
blk_6020581958434707871,0.5301,HIGH,CRITICAL,datanode_service,Resource Exhaustion,Resource Exhaustion | Memory Pressure | Service Degradation | Network Congestion | Disk Bottleneck | Software Fault,CPU=81.9% | Memory=76.5% | ResponseTime=1300ms | Latency=629ms | DiskIO=173.9MB/s | Errors=6.5,6,81.935,76.53,1299.86,629.035,173.945,6.5,0
blk_-7064200109017409280,0.5281,HIGH,CRITICAL,datanode_service,Resource Exhaustion,Resource Exhaustion | Memory Pressure | Service Degradation | Network Congestion | Disk Bottleneck | Software Fault,CPU=81.8% | Memory=80.2% | ResponseTime=1512ms | Latency=503ms | DiskIO=138.6MB/s | Errors=4.0,6,81.785,80.155,1512.0,503.105,138.60500000000002,4.0,0
blk_2338485875357698465,0.5279,HIGH,CRITICAL,datanode_service,Resource Exhaustion,Resource Exhaustion | Memory Pressure | Service Degradation | Network Congestion | Disk Bottleneck | Software Fault,CPU=92.0% | Memory=86.0% | ResponseTime=1377ms | Latency=425ms | DiskIO=147.4MB/s | Errors=5.5,6,91.955,85.975,1376.965,425.14,147.385,5.5,0
blk_-8838917621701329572,0.5277,HIGH,CRITICAL,datanode_service,Resource Exhaustion,Resource Exhaustion | Memory Pressure | Service Degradation | Network Congestion | Disk Bottleneck | Software Fault,CPU=78.7% | Memory=82.4% | ResponseTime=1640ms | Latency=443ms | DiskIO=122.1MB/s | Errors=7.0,6,78.705,82.43,1640.05,442.985,122.075,7.0,0
blk_-1696961694688312120,0.5271,HIGH,CRITICAL,datanode_service,Resource Exhaustion,Resource Exhaustion | Memory Pressure | Service Degradation | Network Congestion | Disk Bottleneck | Software Fault,CPU=80.6% | Memory=80.0% | ResponseTime=1575ms | Latency=670ms | DiskIO=138.3MB/s | Errors=6.0,6,80.62,80.035,1574.915,670.115,138.3,6.0,0
blk_-3219571663022233692,0.5262,HIGH,CRITICAL,datanode_service,Resource Exhaustion,Resource Exhaustion | Memory Pressure | Service Degradation | Network Congestion | Disk Bottleneck | Software Fault,CPU=85.7% | Memory=76.2% | ResponseTime=1773ms | Latency=465ms | DiskIO=131.1MB/s | Errors=5.5,6,85.655,76.22,1773.105,464.975,131.14499999999998,5.5,0
blk_-1705663703890967655,0.5245,HIGH,CRITICAL,datanode_service,Resource Exhaustion,Resource Exhaustion | Memory Pressure | Service Degradation | Network Congestion | Disk Bottleneck | Software Fault,CPU=94.2% | Memory=76.1% | ResponseTime=1538ms | Latency=566ms | DiskIO=130.5MB/s | Errors=4.5,6,94.25,76.13,1538.46,566.3199999999999,130.525,4.5,0
blk_36823128057191339,0.5243,HIGH,CRITICAL,datanode_service,Resource Exhaustion,Resource Exhaustion | Memory Pressure | Service Degradation | Network Congestion | Disk Bottleneck | Software Fault,CPU=87.1% | Memory=80.8% | ResponseTime=1280ms | Latency=875ms | DiskIO=154.7MB/s | Errors=3.0,6,87.07,80.76,1280.195,875.35,154.74,3.0,0
blk_9129430728954362322,0.5234,HIGH,CRITICAL,datanode_service,Resource Exhaustion,Resource Exhaustion | Memory Pressure | Service Degradation | Network Congestion | Disk Bottleneck | Software Fault,CPU=83.3% | Memory=85.6% | ResponseTime=1189ms | Latency=681ms | DiskIO=113.8MB/s | Errors=5.0,6,83.26499999999999,85.615,1188.835,681.2049999999999,113.815,5.0,0
blk_-1425402927056112606,0.5234,HIGH,CRITICAL,datanode_service,Resource Exhaustion,Resource Exhaustion | Memory Pressure | Service Degradation | Network Congestion | Disk Bottleneck | Software Fault,CPU=84.0% | Memory=87.5% | ResponseTime=1440ms | Latency=525ms | DiskIO=133.9MB/s | Errors=6.5,6,83.99000000000001,87.515,1440.215,524.6949999999999,133.905,6.5,0
blk_-5215485930247594201,0.5231,HIGH,CRITICAL,datanode_service,Resource Exhaustion,Resource Exhaustion | Memory Pressure | Service Degradation | Network Congestion | Disk Bottleneck | Software Fault,CPU=90.7% | Memory=73.0% | ResponseTime=1607ms | Latency=549ms | DiskIO=146.8MB/s | Errors=6.5,6,90.725,72.96000000000001,1606.52,548.785,146.77,6.5,0
blk_-5175479989291301200,0.5229,HIGH,CRITICAL,datanode_service,Resource Exhaustion,Resource Exhaustion | Memory Pressure | Service Degradation | Network Congestion | Disk Bottleneck | Software Fault,CPU=85.8% | Memory=82.1% | ResponseTime=1320ms | Latency=580ms | DiskIO=133.9MB/s | Errors=5.5,6,85.8475,82.14,1320.195,579.6850000000001,133.865,5.5,1
blk_-6597286605518523090,0.5228,HIGH,CRITICAL,datanode_service,Resource Exhaustion,Resource Exhaustion | Memory Pressure | Service Degradation | Network Congestion | Disk Bottleneck | Software Fault,CPU=83.1% | Memory=81.1% | ResponseTime=1437ms | Latency=632ms | DiskIO=149.6MB/s | Errors=5.0,6,83.055,81.135,1436.69,631.715,149.61,5.0,0
blk_-7495900932452184563,0.5227,HIGH,CRITICAL,datanode_service,Resource Exhaustion,Resource Exhaustion | Memory Pressure | Service Degradation | Network Congestion | Disk Bottleneck | Software Fault,CPU=85.6% | Memory=80.8% | ResponseTime=1491ms | Latency=556ms | DiskIO=174.2MB/s | Errors=3.5,6,85.62,80.805,1490.965,556.0699999999999,174.19,3.5,0
blk_-4549181649782535739,0.5224,HIGH,CRITICAL,datanode_service,Resource Exhaustion,Resource Exhaustion | Memory Pressure | Service Degradation | Network Congestion | Disk Bottleneck | Software Fault,CPU=86.2% | Memory=75.3% | ResponseTime=1684ms | Latency=567ms | DiskIO=141.8MB/s | Errors=5.0,6,86.21000000000001,75.32,1684.275,567.39,141.795,5.0,0
blk_2654016902986803151,0.5217,HIGH,CRITICAL,datanode_service,Resource Exhaustion,Resource Exhaustion | Memory Pressure | Service Degradation | Network Congestion | Disk Bottleneck | Software Fault,CPU=91.5% | Memory=76.0% | ResponseTime=1623ms | Latency=481ms | DiskIO=134.4MB/s | Errors=4.5,6,91.495,75.995,1623.215,480.995,134.405,4.5,0
blk_-6389696100502224838,0.5217,HIGH,CRITICAL,datanode_service,Resource Exhaustion,Resource Exhaustion | Memory Pressure | Service Degradation | Network Congestion | Disk Bottleneck | Software Fault,CPU=88.7% | Memory=76.9% | ResponseTime=1470ms | Latency=616ms | DiskIO=130.5MB/s | Errors=5.0,6,88.66999999999999,76.89500000000001,1470.495,615.505,130.47500000000002,5.0,0
blk_-8459750649592478117,0.5214,HIGH,CRITICAL,datanode_service,Resource Exhaustion,Resource Exhaustion | Memory Pressure | Service Degradation | Network Congestion | Disk Bottleneck | Software Fault,CPU=82.5% | Memory=85.0% | ResponseTime=1155ms | Latency=604ms | DiskIO=147.5MB/s | Errors=5.2,6,82.4825,84.97,1155.4575,603.6875,147.47750000000002,5.25,1
blk_6317676091140752890,0.5213,HIGH,CRITICAL,datanode_service,Resource Exhaustion,Resource Exhaustion | Memory Pressure | Service Degradation | Network Congestion | Disk Bottleneck | Software Fault,CPU=83.8% | Memory=80.3% | ResponseTime=1416ms | Latency=913ms | DiskIO=107.4MB/s | Errors=3.5,6,83.82,80.26,1415.735,912.87,107.43,3.5,0
blk_2458020460306154509,0.5213,HIGH,CRITICAL,datanode_service,Resource Exhaustion,Resource Exhaustion | Memory Pressure | Service Degradation | Network Congestion | Disk Bottleneck | Software Fault,CPU=85.3% | Memory=77.3% | ResponseTime=1131ms | Latency=621ms | DiskIO=126.8MB/s | Errors=6.5,6,85.33,77.31,1130.9,620.695,126.755,6.5,0
blk_3958128381175913794,0.5213,HIGH,CRITICAL,datanode_service,Resource Exhaustion,Resource Exhaustion | Memory Pressure | Service Degradation | Network Congestion | Disk Bottleneck | Software Fault,CPU=87.0% | Memory=84.9% | ResponseTime=1436ms | Latency=426ms | DiskIO=132.6MB/s | Errors=5.0,6,86.975,84.91,1435.645,426.385,132.6,5.0,0
blk_6767283287478150149,0.5205,HIGH,CRITICAL,datanode_service,Resource Exhaustion,Resource Exhaustion | Memory Pressure | Service Degradation | Network Congestion | Disk Bottleneck | Software Fault,CPU=84.3% | Memory=73.6% | ResponseTime=1544ms | Latency=585ms | DiskIO=133.9MB/s | Errors=5.5,6,84.28999999999999,73.605,1543.6550000000002,585.3499999999999,133.905,5.5,0
blk_-5049120495094339909,0.5203,HIGH,CRITICAL,datanode_service,Resource Exhaustion,Resource Exhaustion | Memory Pressure | Service Degradation | Network Congestion | Disk Bottleneck | Software Fault,CPU=82.8% | Memory=79.2% | ResponseTime=1522ms | Latency=462ms | DiskIO=143.5MB/s | Errors=5.0,6,82.82249999999999,79.22749999999999,1521.75,462.1425,143.525,5.0,1
blk_819003684944470990,0.5196,HIGH,CRITICAL,datanode_service,Resource Exhaustion,Resource Exhaustion | Memory Pressure | Service Degradation | Network Congestion | Disk Bottleneck | Software Fault,CPU=85.0% | Memory=70.2% | ResponseTime=1292ms | Latency=529ms | DiskIO=123.5MB/s | Errors=5.0,6,84.965,70.185,1292.48,529.475,123.47,5.0,0
blk_8699617220023797227,0.5194,HIGH,CRITICAL,datanode_service,Resource Exhaustion,Resource Exhaustion | Memory Pressure | Service Degradation | Network Congestion | Disk Bottleneck | Software Fault,CPU=87.8% | Memory=79.8% | ResponseTime=1532ms | Latency=473ms | DiskIO=137.5MB/s | Errors=5.0,6,87.85,79.755,1532.0,473.0,137.53,5.0,0
blk_2124858109994071763,0.5188,HIGH,CRITICAL,datanode_service,Resource Exhaustion,Resource Exhaustion | Memory Pressure | Service Degradation | Network Congestion | Disk Bottleneck | Software Fault,CPU=95.5% | Memory=79.2% | ResponseTime=1681ms | Latency=582ms | DiskIO=107.4MB/s | Errors=3.5,6,95.48,79.23,1681.29,582.3399999999999,107.415,3.5,0
blk_5964358685159409651,0.5187,HIGH,CRITICAL,datanode_service,Resource Exhaustion,Resource Exhaustion | Memory Pressure | Service Degradation | Network Congestion | Disk Bottleneck | Software Fault,CPU=91.7% | Memory=86.9% | ResponseTime=1426ms | Latency=622ms | DiskIO=109.5MB/s | Errors=4.0,6,91.665,86.89500000000001,1426.39,622.21,109.475,4.0,0
blk_4984040693216864503,0.5185,HIGH,CRITICAL,datanode_service,Resource Exhaustion,Resource Exhaustion | Memory Pressure | Service Degradation | Network Congestion | Disk Bottleneck | Software Fault,CPU=85.1% | Memory=80.2% | ResponseTime=1174ms | Latency=606ms | DiskIO=126.5MB/s | Errors=7.0,6,85.14500000000001,80.195,1173.745,605.855,126.45,7.0,0
blk_7362149085962708450,0.5179,HIGH,CRITICAL,datanode_service,Resource Exhaustion,Resource Exhaustion | Memory Pressure | Service Degradation | Disk Bottleneck | Software Fault,CPU=89.0% | Memory=81.5% | ResponseTime=1856ms | DiskIO=127.6MB/s | Errors=4.5,5,88.99000000000001,81.47,1855.78,124.65,127.595,4.5,0
blk_1336041240664899601,0.5178,HIGH,CRITICAL,datanode_service,Resource Exhaustion,Resource Exhaustion | Memory Pressure | Service Degradation | Network Congestion | Disk Bottleneck | Software Fault,CPU=84.9% | Memory=86.9% | ResponseTime=1353ms | Latency=401ms | DiskIO=124.5MB/s | Errors=5.5,6,84.9,86.92,1352.755,400.68,124.545,5.5,0
blk_1480148484064905544,0.5176,HIGH,CRITICAL,datanode_service,Resource Exhaustion,Resource Exhaustion | Memory Pressure | Service Degradation | Network Congestion | Disk Bottleneck | Software Fault,CPU=85.7% | Memory=81.9% | ResponseTime=1645ms | Latency=729ms | DiskIO=109.2MB/s | Errors=4.5,6,85.715,81.89,1644.725,729.1500000000001,109.195,4.5,0
blk_8528642966277767480,0.5176,HIGH,CRITICAL,datanode_service,Resource Exhaustion,Resource Exhaustion | Memory Pressure | Service Degradation | Network Congestion | Disk Bottleneck | Software Fault,CPU=83.4% | Memory=82.4% | ResponseTime=1495ms | Latency=504ms | DiskIO=128.4MB/s | Errors=4.0,6,83.4175,82.36,1494.865,503.7725,128.435,4.0,1
blk_-8497592682221017946,0.5176,HIGH,CRITICAL,datanode_service,Resource Exhaustion,Resource Exhaustion | Memory Pressure | Service Degradation | Network Congestion | Disk Bottleneck | Software Fault,CPU=80.8% | Memory=79.7% | ResponseTime=1973ms | Latency=709ms | DiskIO=143.0MB/s | Errors=3.5,6,80.815,79.725,1973.495,709.285,143.01,3.5,0
blk_2032277326840431365,0.5176,HIGH,CRITICAL,datanode_service,Resource Exhaustion,Resource Exhaustion | Memory Pressure | Service Degradation | Network Congestion | Disk Bottleneck | Software Fault,CPU=85.7% | Memory=71.0% | ResponseTime=1394ms | Latency=519ms | DiskIO=139.3MB/s | Errors=5.5,6,85.72999999999999,71.03999999999999,1394.3049999999998,519.365,139.29500000000002,5.5,0
blk_-6586629928697801209,0.5174,HIGH,CRITICAL,datanode_service,Resource Exhaustion,Resource Exhaustion | Memory Pressure | Service Degradation | Network Congestion | Disk Bottleneck | Software Fault,CPU=78.2% | Memory=83.1% | ResponseTime=1692ms | Latency=579ms | DiskIO=93.9MB/s | Errors=5.0,6,78.235,83.14500000000001,1691.965,579.475,93.855,5.0,0
blk_-6723712391888878507,0.5174,HIGH,CRITICAL,datanode_service,Resource Exhaustion,Resource Exhaustion | Memory Pressure | Service Degradation | Network Congestion | Disk Bottleneck | Software Fault,CPU=82.5% | Memory=77.3% | ResponseTime=1339ms | Latency=882ms | DiskIO=149.9MB/s | Errors=3.0,6,82.465,77.335,1339.465,882.135,149.89499999999998,3.0,0
blk_-1772583384444375218,0.5167,HIGH,CRITICAL,datanode_service,Resource Exhaustion,Resource Exhaustion | Memory Pressure | Service Degradation | Network Congestion | Disk Bottleneck | Software Fault,CPU=92.9% | Memory=76.9% | ResponseTime=1799ms | Latency=452ms | DiskIO=125.1MB/s | Errors=3.0,6,92.895,76.86500000000001,1798.88,451.92,125.075,3.0,0
blk_1968107584907454835,0.5162,HIGH,CRITICAL,datanode_service,Resource Exhaustion,Resource Exhaustion | Memory Pressure | Service Degradation | Network Congestion | Disk Bottleneck | Software Fault,CPU=92.7% | Memory=83.9% | ResponseTime=1723ms | Latency=445ms | DiskIO=138.0MB/s | Errors=4.5,6,92.745,83.93,1723.0,444.825,137.99,4.5,0
blk_8800871400485157924,0.5152,HIGH,CRITICAL,datanode_service,Resource Exhaustion,Resource Exhaustion | Memory Pressure | Service Degradation | Network Congestion | Disk Bottleneck | Software Fault,CPU=94.7% | Memory=78.2% | ResponseTime=1399ms | Latency=583ms | DiskIO=187.8MB/s | Errors=3.5,6,94.68,78.24,1398.855,582.815,187.815,3.5,0
blk_-5087939924532795057,0.514,HIGH,CRITICAL,datanode_service,Resource Exhaustion,Resource Exhaustion | Memory Pressure | Service Degradation | Network Congestion | Disk Bottleneck | Software Fault,CPU=93.9% | Memory=83.2% | ResponseTime=1228ms | Latency=452ms | DiskIO=119.1MB/s | Errors=3.5,6,93.94,83.165,1227.865,452.4,119.115,3.5,0
blk_-8221377914730707800,0.5139,HIGH,CRITICAL,datanode_service,Resource Exhaustion,Resource Exhaustion | Memory Pressure | Service Degradation | Network Congestion | Disk Bottleneck | Software Fault,CPU=80.0% | Memory=78.1% | ResponseTime=1655ms | Latency=653ms | DiskIO=159.1MB/s | Errors=4.0,6,80.05,78.11,1654.635,653.395,159.12,4.0,0
blk_8375513663514265665,0.5124,HIGH,CRITICAL,datanode_service,Resource Exhaustion,Resource Exhaustion | Memory Pressure | Service Degradation | Network Congestion | Disk Bottleneck | Software Fault,CPU=86.3% | Memory=79.0% | ResponseTime=1816ms | Latency=378ms | DiskIO=164.7MB/s | Errors=5.0,6,86.315,79.025,1816.305,378.405,164.665,5.0,0
blk_8665477760806353877,0.5119,HIGH,CRITICAL,datanode_service,Resource Exhaustion,Resource Exhaustion | Memory Pressure | Service Degradation | Network Congestion | Disk Bottleneck | Software Fault,CPU=84.3% | Memory=76.5% | ResponseTime=1398ms | Latency=512ms | DiskIO=91.7MB/s | Errors=6.0,6,84.25999999999999,76.46000000000001,1398.205,512.385,91.735,6.0,0
blk_3374851549169676243,0.511,HIGH,CRITICAL,datanode_service,Resource Exhaustion,Resource Exhaustion | Memory Pressure | Service Degradation | Network Congestion | Disk Bottleneck | Software Fault,CPU=74.9% | Memory=80.7% | ResponseTime=1206ms | Latency=444ms | DiskIO=150.1MB/s | Errors=5.5,6,74.85499999999999,80.725,1205.775,443.925,150.14,5.5,0
blk_-321928814822733361,0.5106,HIGH,CRITICAL,datanode_service,Resource Exhaustion,Resource Exhaustion | Memory Pressure | Service Degradation | Network Congestion | Disk Bottleneck | Software Fault,CPU=100.0% | Memory=83.3% | ResponseTime=1257ms | Latency=276ms | DiskIO=143.4MB/s | Errors=6.0,6,99.985,83.305,1256.565,276.07,143.35000000000002,6.0,0
blk_-6850031465850265128,0.5104,HIGH,CRITICAL,datanode_service,Resource Exhaustion,Resource Exhaustion | Memory Pressure | Service Degradation | Network Congestion | Disk Bottleneck | Software Fault,CPU=88.0% | Memory=82.5% | ResponseTime=1094ms | Latency=518ms | DiskIO=169.2MB/s | Errors=6.0,6,88.04,82.525,1094.225,518.11,169.17000000000002,6.0,0
blk_5235454778515160398,0.51,HIGH,CRITICAL,datanode_service,Resource Exhaustion,Resource Exhaustion | Memory Pressure | Service Degradation | Network Congestion | Disk Bottleneck | Software Fault,CPU=89.6% | Memory=89.4% | ResponseTime=1632ms | Latency=377ms | DiskIO=159.2MB/s | Errors=4.5,6,89.57,89.37,1632.15,377.18,159.195,4.5,0
blk_-4638263164429005626,0.5093,HIGH,CRITICAL,datanode_service,Resource Exhaustion,Resource Exhaustion | Memory Pressure | Service Degradation | Network Congestion | Disk Bottleneck | Software Fault,CPU=82.1% | Memory=79.1% | ResponseTime=1680ms | Latency=405ms | DiskIO=131.9MB/s | Errors=5.0,6,82.13,79.13999999999999,1679.52,405.25,131.86,5.0,0
blk_2720530448709127402,0.5086,HIGH,CRITICAL,datanode_service,Resource Exhaustion,Resource Exhaustion | Memory Pressure | Service Degradation | Network Congestion | Disk Bottleneck | Software Fault,CPU=85.6% | Memory=77.2% | ResponseTime=1388ms | Latency=719ms | DiskIO=129.8MB/s | Errors=4.0,6,85.595,77.225,1388.355,718.98,129.825,4.0,0
blk_-1334626325179083528,0.5077,HIGH,CRITICAL,datanode_service,Resource Exhaustion,Resource Exhaustion | Memory Pressure | Service Degradation | Network Congestion | Disk Bottleneck | Software Fault,CPU=85.5% | Memory=78.0% | ResponseTime=1562ms | Latency=387ms | DiskIO=162.0MB/s | Errors=5.5,6,85.50999999999999,78.01,1562.06,387.48,162.005,5.5,0
blk_-1723299265322822158,0.507,HIGH,CRITICAL,datanode_service,Resource Exhaustion,Resource Exhaustion | Memory Pressure | Service Degradation | Network Congestion | Disk Bottleneck | Software Fault,CPU=82.4% | Memory=74.1% | ResponseTime=1625ms | Latency=268ms | DiskIO=120.7MB/s | Errors=5.5,6,82.4025,74.05250000000001,1624.84,267.5575,120.73,5.5,1
blk_-5179866028324575124,0.507,HIGH,CRITICAL,datanode_service,Resource Exhaustion,Resource Exhaustion | Memory Pressure | Service Degradation | Network Congestion | Disk Bottleneck | Software Fault,CPU=87.0% | Memory=84.8% | ResponseTime=1174ms | Latency=623ms | DiskIO=156.8MB/s | Errors=5.0,6,87.045,84.84,1174.295,623.0799999999999,156.82999999999998,5.0,0
blk_5771931170787964230,0.506,HIGH,CRITICAL,datanode_service,Resource Exhaustion,Resource Exhaustion | Memory Pressure | Service Degradation | Network Congestion | Disk Bottleneck | Software Fault,CPU=90.5% | Memory=87.2% | ResponseTime=1023ms | Latency=455ms | DiskIO=125.4MB/s | Errors=4.5,6,90.505,87.245,1022.785,455.24,125.41,4.5,0
blk_4015955555587899114,0.5053,HIGH,CRITICAL,datanode_service,Resource Exhaustion,Resource Exhaustion | Memory Pressure | Service Degradation | Network Congestion | Disk Bottleneck | Software Fault,CPU=92.6% | Memory=92.1% | ResponseTime=1323ms | Latency=301ms | DiskIO=142.1MB/s | Errors=5.0,6,92.58,92.135,1322.87,300.64,142.10500000000002,5.0,0
blk_3204685320797844679,0.505,HIGH,CRITICAL,datanode_service,Resource Exhaustion,Resource Exhaustion | Memory Pressure | Service Degradation | Network Congestion | Disk Bottleneck | Software Fault,CPU=89.0% | Memory=91.4% | ResponseTime=1485ms | Latency=455ms | DiskIO=129.1MB/s | Errors=4.5,6,88.995,91.42,1484.685,455.48,129.115,4.5,0
blk_-7525968859355403700,0.5043,HIGH,CRITICAL,datanode_service,Resource Exhaustion,Resource Exhaustion | Memory Pressure | Service Degradation | Network Congestion | Disk Bottleneck | Software Fault,CPU=87.2% | Memory=72.4% | ResponseTime=1354ms | Latency=739ms | DiskIO=94.3MB/s | Errors=4.5,6,87.24,72.355,1353.845,739.0799999999999,94.325,4.5,0
blk_-1504091380426501798,0.5039,HIGH,CRITICAL,datanode_service,Resource Exhaustion,Resource Exhaustion | Memory Pressure | Service Degradation | Network Congestion | Disk Bottleneck | Software Fault,CPU=82.2% | Memory=88.7% | ResponseTime=1447ms | Latency=398ms | DiskIO=154.6MB/s | Errors=4.0,6,82.22999999999999,88.745,1447.0500000000002,398.35,154.64,4.0,0
blk_-2724432861574019576,0.5017,HIGH,CRITICAL,datanode_service,Resource Exhaustion,Resource Exhaustion | Memory Pressure | Service Degradation | Network Congestion | Disk Bottleneck | Software Fault,CPU=92.7% | Memory=81.2% | ResponseTime=1350ms | Latency=550ms | DiskIO=102.2MB/s | Errors=3.5,6,92.66,81.195,1350.295,550.31,102.155,3.5,0
blk_-257388674040709292,0.5012,HIGH,CRITICAL,datanode_service,Resource Exhaustion,Resource Exhaustion | Memory Pressure | Service Degradation | Network Congestion | Disk Bottleneck | Software Fault,CPU=85.8% | Memory=79.3% | ResponseTime=1605ms | Latency=748ms | DiskIO=111.8MB/s | Errors=3.5,6,85.765,79.285,1605.235,747.65,111.785,3.5,0
blk_-4382095085874133728,0.5011,HIGH,CRITICAL,datanode_service,Resource Exhaustion,Resource Exhaustion | Memory Pressure | Service Degradation | Network Congestion | Disk Bottleneck | Software Fault,CPU=88.1% | Memory=81.0% | ResponseTime=1405ms | Latency=528ms | DiskIO=167.1MB/s | Errors=5.5,6,88.13,80.955,1404.895,528.29,167.065,5.5,0
blk_4113612164963756585,0.5003,HIGH,CRITICAL,datanode_service,Resource Exhaustion,Resource Exhaustion | Memory Pressure | Service Degradation | Network Congestion | Disk Bottleneck | Software Fault,CPU=85.9% | Memory=79.7% | ResponseTime=1657ms | Latency=405ms | DiskIO=161.5MB/s | Errors=4.0,6,85.875,79.65,1656.805,404.78,161.485,4.0,0
blk_-4559953739848945334,0.5001,HIGH,CRITICAL,datanode_service,Resource Exhaustion,Resource Exhaustion | Memory Pressure | Service Degradation | Network Congestion | Disk Bottleneck | Software Fault,CPU=74.1% | Memory=82.7% | ResponseTime=1369ms | Latency=607ms | DiskIO=133.9MB/s | Errors=5.0,6,74.08500000000001,82.725,1368.6750000000002,606.505,133.88,5.0,1
blk_-2223517346236501238,0.4999,MEDIUM,WARNING,datanode_service,Resource Exhaustion,Resource Exhaustion | Memory Pressure | Service Degradation | Network Congestion | Disk Bottleneck | Software Fault,CPU=90.6% | Memory=84.2% | ResponseTime=1675ms | Latency=403ms | DiskIO=145.3MB/s | Errors=4.0,6,90.645,84.185,1674.9,402.99,145.31,4.0,0
blk_7923767819180372349,0.4992,MEDIUM,WARNING,datanode_service,Resource Exhaustion,Resource Exhaustion | Memory Pressure | Service Degradation | Network Congestion | Disk Bottleneck | Software Fault,CPU=92.5% | Memory=80.0% | ResponseTime=1724ms | Latency=399ms | DiskIO=105.6MB/s | Errors=4.0,6,92.515,79.975,1723.755,399.295,105.59,4.0,0
blk_6221967779658373168,0.4992,MEDIUM,WARNING,datanode_service,Resource Exhaustion,Resource Exhaustion | Memory Pressure | Service Degradation | Disk Bottleneck | Software Fault,CPU=86.5% | Memory=78.2% | ResponseTime=1811ms | DiskIO=147.0MB/s | Errors=5.5,5,86.475,78.21000000000001,1810.865,179.57999999999998,146.995,5.5,0
blk_-4877873206400832171,0.4971,MEDIUM,WARNING,datanode_service,Resource Exhaustion,Resource Exhaustion | Memory Pressure | Service Degradation | Network Congestion | Disk Bottleneck | Software Fault,CPU=74.4% | Memory=83.2% | ResponseTime=1914ms | Latency=510ms | DiskIO=133.8MB/s | Errors=4.0,6,74.405,83.235,1913.86,510.05,133.85,4.0,0
blk_-874189156280988861,0.4969,MEDIUM,WARNING,datanode_service,Resource Exhaustion,Resource Exhaustion | Memory Pressure | Service Degradation | Disk Bottleneck | Software Fault,CPU=81.8% | Memory=84.2% | ResponseTime=1868ms | DiskIO=163.6MB/s | Errors=3.5,5,81.81,84.19999999999999,1867.64,151.845,163.63,3.5,0
blk_-7345927419205705449,0.4968,MEDIUM,WARNING,datanode_service,Resource Exhaustion,Resource Exhaustion | Memory Pressure | Service Degradation | Network Congestion | Disk Bottleneck | Software Fault,CPU=97.4% | Memory=79.7% | ResponseTime=761ms | Latency=394ms | DiskIO=159.0MB/s | Errors=6.5,6,97.41,79.725,760.985,394.035,158.955,6.5,0
blk_-8499169799821382233,0.4963,MEDIUM,WARNING,datanode_service,Resource Exhaustion,Resource Exhaustion | Memory Pressure | Service Degradation | Network Congestion | Disk Bottleneck | Software Fault,CPU=99.0% | Memory=83.0% | ResponseTime=1263ms | Latency=419ms | DiskIO=137.2MB/s | Errors=4.0,6,99.05,83.035,1262.5700000000002,419.19,137.19,4.0,0
blk_3353066646891494254,0.4958,MEDIUM,WARNING,datanode_service,Resource Exhaustion,Resource Exhaustion | Memory Pressure | Service Degradation | Network Congestion | Disk Bottleneck | Software Fault,CPU=87.4% | Memory=77.5% | ResponseTime=1055ms | Latency=653ms | DiskIO=142.7MB/s | Errors=4.5,6,87.42,77.52,1054.89,653.26,142.735,4.5,0
blk_5849703797249834820,0.4943,MEDIUM,WARNING,datanode_service,Resource Exhaustion,Resource Exhaustion | Memory Pressure | Service Degradation | Network Congestion | Disk Bottleneck | Software Fault,CPU=83.4% | Memory=81.6% | ResponseTime=1394ms | Latency=644ms | DiskIO=155.4MB/s | Errors=3.5,6,83.43,81.63,1394.175,643.745,155.38,3.5,0
blk_-7854206162767030463,0.4939,MEDIUM,WARNING,datanode_service,Resource Exhaustion,Resource Exhaustion | Memory Pressure | Service Degradation | Network Congestion | Disk Bottleneck | Software Fault,CPU=79.7% | Memory=75.0% | ResponseTime=1746ms | Latency=437ms | DiskIO=131.6MB/s | Errors=6.5,6,79.685,74.97999999999999,1746.065,436.505,131.565,6.5,0
blk_7657931991263656383,0.4934,MEDIUM,WARNING,datanode_service,Resource Exhaustion,Resource Exhaustion | Memory Pressure | Service Degradation | Network Congestion | Disk Bottleneck | Software Fault,CPU=82.3% | Memory=85.5% | ResponseTime=1185ms | Latency=589ms | DiskIO=154.4MB/s | Errors=3.0,6,82.285,85.46000000000001,1184.715,588.9100000000001,154.425,3.0,0
blk_-205249393689319015,0.4922,MEDIUM,WARNING,datanode_service,Resource Exhaustion,Resource Exhaustion | Memory Pressure | Service Degradation | Network Congestion | Disk Bottleneck | Software Fault,CPU=85.0% | Memory=77.1% | ResponseTime=1286ms | Latency=570ms | DiskIO=132.0MB/s | Errors=3.5,6,84.995,77.10499999999999,1286.33,569.635,131.965,3.5,0
blk_-918413699349897748,0.4922,MEDIUM,WARNING,datanode_service,Resource Exhaustion,Resource Exhaustion | Memory Pressure | Service Degradation | Disk Bottleneck | Software Fault,CPU=87.2% | Memory=77.2% | ResponseTime=2389ms | DiskIO=116.9MB/s | Errors=4.5,5,87.15,77.17,2388.8450000000003,126.265,116.9,4.5,0
blk_-4947991268600289946,0.4916,MEDIUM,WARNING,datanode_service,Resource Exhaustion,Resource Exhaustion | Memory Pressure | Service Degradation | Network Congestion | Disk Bottleneck | Software Fault,CPU=86.0% | Memory=77.2% | ResponseTime=1081ms | Latency=491ms | DiskIO=147.2MB/s | Errors=2.5,6,85.97,77.195,1081.04,490.86,147.25,2.5,0
blk_8212905379547777192,0.4915,MEDIUM,WARNING,datanode_service,Resource Exhaustion,Resource Exhaustion | Memory Pressure | Service Degradation | Network Congestion | Disk Bottleneck | Software Fault,CPU=78.7% | Memory=70.8% | ResponseTime=1719ms | Latency=588ms | DiskIO=148.8MB/s | Errors=5.5,6,78.715,70.83500000000001,1719.285,587.73,148.77499999999998,5.5,0
blk_-1833299048830663292,0.4913,MEDIUM,WARNING,datanode_service,Resource Exhaustion,Resource Exhaustion | Memory Pressure | Service Degradation | Network Congestion | Disk Bottleneck | Software Fault,CPU=74.0% | Memory=82.3% | ResponseTime=1997ms | Latency=492ms | DiskIO=165.9MB/s | Errors=4.0,6,74.005,82.27000000000001,1997.165,492.49,165.88,4.0,0
blk_6445911672318944838,0.4903,MEDIUM,WARNING,datanode_service,Resource Exhaustion,Resource Exhaustion | Memory Pressure | Service Degradation | Network Congestion | Disk Bottleneck | Software Fault,CPU=79.2% | Memory=81.1% | ResponseTime=1394ms | Latency=481ms | DiskIO=137.3MB/s | Errors=4.0,6,79.23,81.1325,1393.5125,481.185,137.255,4.0,1
blk_4632418988225420161,0.4895,MEDIUM,WARNING,datanode_service,Resource Exhaustion,Resource Exhaustion | Memory Pressure | Service Degradation | Network Congestion | Disk Bottleneck | Software Fault,CPU=78.9% | Memory=81.9% | ResponseTime=1127ms | Latency=633ms | DiskIO=184.2MB/s | Errors=6.0,6,78.86,81.89,1126.61,632.5699999999999,184.19,6.0,0
blk_2474736327223343217,0.4876,MEDIUM,WARNING,datanode_service,Resource Exhaustion,Resource Exhaustion | Memory Pressure | Service Degradation | Network Congestion | Disk Bottleneck | Software Fault,CPU=78.4% | Memory=79.4% | ResponseTime=1397ms | Latency=736ms | DiskIO=177.6MB/s | Errors=5.0,6,78.445,79.39,1396.86,735.5999999999999,177.64,5.0,0
blk_-3315281012648793416,0.4871,MEDIUM,WARNING,datanode_service,Resource Exhaustion,Resource Exhaustion | Memory Pressure | Service Degradation | Network Congestion | Disk Bottleneck | Software Fault,CPU=83.0% | Memory=86.0% | ResponseTime=1655ms | Latency=380ms | DiskIO=149.9MB/s | Errors=4.5,6,82.97999999999999,85.99000000000001,1654.965,379.595,149.87,4.5,0
blk_-4682002147917594734,0.4867,MEDIUM,WARNING,datanode_service,Resource Exhaustion,Resource Exhaustion | Memory Pressure | Service Degradation | Network Congestion | Disk Bottleneck | Software Fault,CPU=73.8% | Memory=78.3% | ResponseTime=1314ms | Latency=557ms | DiskIO=173.6MB/s | Errors=6.5,6,73.785,78.315,1313.88,557.215,173.625,6.5,0
blk_2819642005003978333,0.4866,MEDIUM,WARNING,datanode_service,Resource Exhaustion,Resource Exhaustion | Memory Pressure | Service Degradation | Network Congestion | Disk Bottleneck | Software Fault,CPU=86.3% | Memory=79.3% | ResponseTime=1599ms | Latency=415ms | DiskIO=114.1MB/s | Errors=3.5,6,86.325,79.305,1598.98,414.505,114.1,3.5,0
blk_-8130867351294800954,0.4822,MEDIUM,WARNING,datanode_service,Resource Exhaustion,Resource Exhaustion | Memory Pressure | Service Degradation | Network Congestion | Disk Bottleneck,CPU=93.2% | Memory=76.8% | ResponseTime=1477ms | Latency=512ms | DiskIO=142.8MB/s,5,93.175,76.81,1476.58,511.755,142.81,2.0,0
blk_-6537466496668089147,0.4813,MEDIUM,WARNING,datanode_service,Resource Exhaustion,Resource Exhaustion | Memory Pressure | Service Degradation | Network Congestion | Disk Bottleneck | Software Fault,CPU=77.9% | Memory=76.1% | ResponseTime=1544ms | Latency=484ms | DiskIO=180.8MB/s | Errors=4.0,6,77.875,76.11500000000001,1544.025,483.98,180.825,4.0,0
blk_-6260291875490860032,0.4785,MEDIUM,WARNING,datanode_service,Resource Exhaustion,Resource Exhaustion | Memory Pressure | Service Degradation | Network Congestion | Disk Bottleneck | Software Fault,CPU=77.4% | Memory=72.1% | ResponseTime=1928ms | Latency=644ms | DiskIO=147.8MB/s | Errors=4.0,6,77.37,72.06,1928.05,643.6400000000001,147.755,4.0,0
blk_1342462908718009758,0.4779,MEDIUM,WARNING,datanode_service,Resource Exhaustion,Resource Exhaustion | Memory Pressure | Service Degradation | Network Congestion | Disk Bottleneck | Software Fault,CPU=91.9% | Memory=86.3% | ResponseTime=1524ms | Latency=574ms | DiskIO=121.0MB/s | Errors=2.5,6,91.92,86.28999999999999,1523.64,573.94,121.02,2.5,0
blk_2113659116509335245,0.4778,MEDIUM,WARNING,datanode_service,Resource Exhaustion,Resource Exhaustion | Memory Pressure | Service Degradation | Network Congestion | Disk Bottleneck | Software Fault,CPU=75.8% | Memory=81.0% | ResponseTime=1187ms | Latency=736ms | DiskIO=175.3MB/s | Errors=5.5,6,75.82,80.97999999999999,1186.68,735.8199999999999,175.35,5.5,0
blk_6500223685145084375,0.4766,MEDIUM,WARNING,datanode_service,Resource Exhaustion,Resource Exhaustion | Memory Pressure | Service Degradation | Network Congestion | Disk Bottleneck | Software Fault,CPU=83.3% | Memory=84.8% | ResponseTime=1000ms | Latency=710ms | DiskIO=122.4MB/s | Errors=4.0,6,83.28999999999999,84.77000000000001,1000.445,710.47,122.36,4.0,0
blk_4674206869627396034,0.475,MEDIUM,WARNING,datanode_service,Resource Exhaustion,Resource Exhaustion | Memory Pressure | Service Degradation | Network Congestion | Disk Bottleneck | Software Fault,CPU=81.1% | Memory=72.9% | ResponseTime=1401ms | Latency=652ms | DiskIO=143.9MB/s | Errors=5.5,6,81.055,72.89500000000001,1400.71,651.655,143.92000000000002,5.5,0
blk_-7930787044788345216,0.4734,MEDIUM,WARNING,datanode_service,Resource Exhaustion,Resource Exhaustion | Memory Pressure | Service Degradation | Network Congestion | Disk Bottleneck | Software Fault,CPU=76.1% | Memory=80.1% | ResponseTime=2099ms | Latency=379ms | DiskIO=150.3MB/s | Errors=4.5,6,76.14500000000001,80.055,2098.55,378.92,150.325,4.5,0
blk_-4105686576842086631,0.4689,MEDIUM,WARNING,datanode_service,Resource Exhaustion,Resource Exhaustion | Memory Pressure | Service Degradation | Network Congestion | Disk Bottleneck | Software Fault,CPU=86.6% | Memory=89.8% | ResponseTime=1155ms | Latency=582ms | DiskIO=137.2MB/s | Errors=3.5,6,86.58500000000001,89.795,1154.995,582.485,137.19,3.5,0
blk_5325692556778253782,0.4678,MEDIUM,WARNING,datanode_service,Resource Exhaustion,Resource Exhaustion | Memory Pressure | Service Degradation | Network Congestion | Disk Bottleneck | Software Fault,CPU=77.5% | Memory=80.8% | ResponseTime=1779ms | Latency=603ms | DiskIO=115.5MB/s | Errors=3.0,6,77.475,80.8,1779.1799999999998,603.3,115.48,3.0,0
blk_333728052398723533,0.4664,MEDIUM,WARNING,datanode_service,Resource Exhaustion,Resource Exhaustion | Memory Pressure | Service Degradation | Network Congestion | Disk Bottleneck | Software Fault,CPU=76.8% | Memory=76.5% | ResponseTime=1756ms | Latency=308ms | DiskIO=123.8MB/s | Errors=4.5,6,76.815,76.51499999999999,1755.56,307.96,123.775,4.5,0
blk_7878074349568744368,0.4645,MEDIUM,WARNING,datanode_service,Resource Exhaustion,Resource Exhaustion | Memory Pressure | Service Degradation | Network Congestion | Disk Bottleneck | Software Fault,CPU=73.6% | Memory=81.6% | ResponseTime=1000ms | Latency=699ms | DiskIO=163.1MB/s | Errors=4.5,6,73.63,81.58500000000001,1000.18,698.72,163.135,4.5,0
blk_-8280541587557553829,0.4633,MEDIUM,WARNING,datanode_service,Resource Exhaustion,Resource Exhaustion | Memory Pressure | Service Degradation | Network Congestion | Disk Bottleneck | Software Fault,CPU=82.7% | Memory=80.8% | ResponseTime=1457ms | Latency=365ms | DiskIO=139.3MB/s | Errors=5.0,6,82.66,80.8,1456.755,365.225,139.295,5.0,0
blk_-6324108399310032667,0.4622,MEDIUM,WARNING,datanode_service,Resource Exhaustion,Resource Exhaustion | Memory Pressure | Service Degradation | Network Congestion | Disk Bottleneck | Software Fault,CPU=85.3% | Memory=79.3% | ResponseTime=1652ms | Latency=429ms | DiskIO=158.1MB/s | Errors=3.0,6,85.265,79.315,1652.025,429.19,158.055,3.0,0
blk_-6435860539009736046,0.4613,MEDIUM,WARNING,datanode_service,Memory Pressure,Memory Pressure | Service Degradation | Network Congestion | Disk Bottleneck | Software Fault,Memory=80.2% | ResponseTime=1225ms | Latency=710ms | DiskIO=138.1MB/s | Errors=6.0,5,69.185,80.155,1224.9450000000002,710.195,138.145,6.0,0
blk_-1943593837520434365,0.4505,MEDIUM,WARNING,datanode_service,Memory Pressure,Memory Pressure | Service Degradation | Network Congestion | Disk Bottleneck | Software Fault,Memory=83.2% | ResponseTime=1702ms | Latency=433ms | DiskIO=143.2MB/s | Errors=5.0,5,68.355,83.25,1701.9,433.22,143.175,5.0,0
blk_-2455080811747210291,0.4502,MEDIUM,WARNING,datanode_service,Resource Exhaustion,Resource Exhaustion | Memory Pressure | Service Degradation | Network Congestion | Disk Bottleneck | Software Fault,CPU=81.2% | Memory=88.0% | ResponseTime=1431ms | Latency=211ms | DiskIO=171.2MB/s | Errors=5.0,6,81.24000000000001,88.03,1430.955,211.46,171.16500000000002,5.0,0
blk_-86536490425027391,0.4489,MEDIUM,WARNING,datanode_service,Memory Pressure,Memory Pressure | Service Degradation | Disk Bottleneck | Software Fault,Memory=96.0% | ResponseTime=1352ms | DiskIO=143.4MB/s | Errors=5.0,4,68.555,95.98,1352.475,105.455,143.35500000000002,5.0,0
blk_43482893556276394,0.4318,MEDIUM,WARNING,datanode_service,Resource Exhaustion,Resource Exhaustion | Memory Pressure | Service Degradation | Network Congestion | Disk Bottleneck | Software Fault,CPU=77.1% | Memory=79.5% | ResponseTime=1384ms | Latency=611ms | DiskIO=127.1MB/s | Errors=2.5,6,77.10499999999999,79.465,1384.225,611.1949999999999,127.105,2.5,0
blk_-440001254298295966,0.4298,MEDIUM,WARNING,datanode_service,Resource Exhaustion,Resource Exhaustion | Memory Pressure | Service Degradation | Network Congestion | Disk Bottleneck | Software Fault,CPU=74.7% | Memory=81.9% | ResponseTime=914ms | Latency=491ms | DiskIO=160.4MB/s | Errors=4.5,6,74.72999999999999,81.93,913.55,490.535,160.35500000000002,4.5,0
blk_4639125578448119006,0.4284,MEDIUM,WARNING,datanode_service,Resource Exhaustion,Resource Exhaustion | Memory Pressure | Service Degradation | Network Congestion | Disk Bottleneck | Software Fault,CPU=80.0% | Memory=74.1% | ResponseTime=1743ms | Latency=287ms | DiskIO=167.6MB/s | Errors=4.0,6,79.965,74.13,1742.9499999999998,286.77,167.64,4.0,0
blk_-2814588473145762869,0.305,MEDIUM,WARNING,datanode_service,Repeated Failures,Repeated Failures,FailedEvents=18,1,43.381875,48.5778125,128.005,27.6634375,32.519375,0.5,18
blk_4521164666406024155,0.2916,MEDIUM,WARNING,datanode_service,Repeated Failures,Repeated Failures,FailedEvents=18,1,42.0325,48.2328125,121.8234375,29.398125,28.7371875,0.5625,18
blk_-1548346834251221499,0.2735,MEDIUM,WARNING,datanode_service,Repeated Failures,Repeated Failures,FailedEvents=18,1,41.846875,47.8996875,125.2790625,31.6840625,28.97875,0.46875,18
blk_1585681987211758961,0.2712,MEDIUM,WARNING,datanode_service,Repeated Failures,Repeated Failures,FailedEvents=18,1,41.55875,46.838125,135.9709375,28.7571875,27.2490625,0.625,18
blk_8046151943293893685,0.2664,MEDIUM,WARNING,datanode_service,Repeated Failures,Repeated Failures,FailedEvents=18,1,42.94125,46.68625,132.16875,33.813125,31.6246875,0.5625,18
blk_268467721592087811,0.2657,MEDIUM,WARNING,datanode_service,Repeated Failures,Repeated Failures,FailedEvents=18,1,41.34032258064516,46.23258064516129,132.2167741935484,32.88677419354839,30.83483870967742,0.5806451612903226,18
blk_-4390409968877773039,0.2613,MEDIUM,WARNING,datanode_service,Repeated Failures,Repeated Failures,FailedEvents=18,1,40.6875,48.4265625,119.6171875,30.303125,31.9546875,0.4375,18
blk_3738211383445750914,0.2609,MEDIUM,WARNING,datanode_service,Repeated Failures,Repeated Failures,FailedEvents=18,1,38.8365625,48.05,128.9915625,27.844375,30.663125,0.625,18
blk_4649698331936539655,0.2607,MEDIUM,WARNING,datanode_service,Repeated Failures,Repeated Failures,FailedEvents=18,1,39.0565625,47.2459375,131.0403125,31.503125,25.5425,0.46875,18
blk_1732876454483854279,0.2603,MEDIUM,WARNING,datanode_service,Repeated Failures,Repeated Failures,FailedEvents=16,1,42.36137931034483,47.067241379310346,133.17620689655172,29.294827586206896,30.690344827586205,0.5517241379310345,16
blk_1640563687655694592,0.2585,MEDIUM,WARNING,datanode_service,Repeated Failures,Repeated Failures,FailedEvents=18,1,39.7759375,46.9371875,114.9546875,29.0171875,31.611875,0.65625,18
blk_2329219899967276279,0.2579,MEDIUM,WARNING,datanode_service,Repeated Failures,Repeated Failures,FailedEvents=18,1,43.119375,49.5921875,127.129375,31.47625,29.5340625,0.4375,18
blk_-3776330106018304557,0.2579,MEDIUM,WARNING,datanode_service,Repeated Failures,Repeated Failures,FailedEvents=18,1,41.124375,44.696875,127.65375,29.2559375,29.1771875,0.5625,18
blk_-2398209593415798905,0.2579,MEDIUM,WARNING,datanode_service,Repeated Failures,Repeated Failures,FailedEvents=18,1,41.3259375,44.556875,129.45625,31.0684375,30.914375,0.5625,18
blk_2221775105544933826,0.2574,MEDIUM,WARNING,datanode_service,Repeated Failures,Repeated Failures,FailedEvents=18,1,43.959375,46.5621875,128.51,30.933125,28.0059375,0.375,18
blk_855704723224540977,0.2563,MEDIUM,WARNING,datanode_service,Repeated Failures,Repeated Failures,FailedEvents=18,1,39.890625,49.83625,126.310625,30.729375,33.6234375,0.40625,18
blk_-8091841062813936618,0.2552,MEDIUM,WARNING,datanode_service,Repeated Failures,Repeated Failures,FailedEvents=18,1,39.3471875,47.993125,131.4203125,29.510625,28.600625,0.65625,18
blk_-7911463493785581853,0.255,MEDIUM,WARNING,datanode_service,Repeated Failures,Repeated Failures,FailedEvents=18,1,42.2075,49.425625,134.3859375,30.431875,32.86125,0.3125,18
blk_3098154771341398925,0.2549,MEDIUM,WARNING,datanode_service,Repeated Failures,Repeated Failures,FailedEvents=18,1,41.2071875,46.2846875,113.39375,31.2415625,32.92375,0.4375,18
blk_-6535155942125829332,0.2536,MEDIUM,WARNING,datanode_service,Repeated Failures,Repeated Failures,FailedEvents=18,1,41.073125,49.45125,125.123125,32.4653125,31.5740625,0.59375,18
blk_-5835224384325268050,0.2529,MEDIUM,WARNING,datanode_service,Repeated Failures,Repeated Failures,FailedEvents=18,1,39.3465625,47.3625,128.3484375,29.2615625,31.34875,0.59375,18
blk_-2278104779962392523,0.2528,MEDIUM,WARNING,datanode_service,Repeated Failures,Repeated Failures,FailedEvents=18,1,39.5175,44.261875,125.92375,33.0859375,29.7090625,0.40625,18
blk_-4002888391906787542,0.2527,MEDIUM,WARNING,datanode_service,Repeated Failures,Repeated Failures,FailedEvents=18,1,43.2384375,47.8884375,127.38875,29.32375,28.186875,0.5625,18
blk_-7559008592818043090,0.2506,MEDIUM,WARNING,datanode_service,Repeated Failures,Repeated Failures,FailedEvents=18,1,39.3834375,47.11625,126.9671875,31.7165625,29.9046875,0.46875,18
blk_8376667364205250596,0.2506,MEDIUM,WARNING,datanode_service,Repeated Failures,Repeated Failures,FailedEvents=18,1,37.996875,48.2778125,123.8325,31.1703125,31.726875,0.625,18
blk_-8515113585876695879,0.2506,MEDIUM,WARNING,datanode_service,Repeated Failures,Repeated Failures,FailedEvents=18,1,42.2625,45.779375,128.4765625,28.7240625,31.9225,0.46875,18
blk_24847521761041757,0.25,MEDIUM,WARNING,datanode_service,Repeated Failures,Repeated Failures,FailedEvents=17,1,41.14032258064516,46.94483870967742,118.59645161290322,29.988387096774197,30.80806451612903,0.5161290322580645,17
